"name","description","neighborhood_overview","host_name","host_location","host_about","host_response_rate","host_acceptance_rate","host_is_superhost","host_listings_count","host_total_listings_count","host_has_profile_pic","host_identity_verified","neighbourhood_group_cleansed","room_type","accommodates","bathrooms","bedrooms","beds","amenities","price","minimum_nights","maximum_nights","minimum_minimum_nights","maximum_minimum_nights","minimum_maximum_nights","maximum_maximum_nights","minimum_nights_avg_ntm","maximum_nights_avg_ntm","has_availability","availability_30","availability_60","availability_90","availability_365","number_of_reviews","number_of_reviews_ltm","number_of_reviews_l30d","review_scores_rating","review_scores_cleanliness","review_scores_checkin","review_scores_communication","review_scores_location","review_scores_value","instant_bookable","calculated_host_listings_count","calculated_host_listings_count_entire_homes","calculated_host_listings_count_private_rooms","calculated_host_listings_count_shared_rooms","reviews_per_month","n_host_verifications"
"Lovely private room in my apartment in Brooklyn","Kick back and relax in this calm, stylish space. <br />Prime location cose to three different train stations, Q, B, 1,2 and 3 about 10 mins walk. Many bars and resturants in the area.<br /><br /><b>The space</b><br />Cozy room to stay in.<br /><br /><b>Other things to note</b><br />No shoes in the house. If you want long term stay message me privately.","Great neighborhood, lots of resturants and bars, botanic gardens and a zoo","Supa","New York, New York, United States","","1.0","0.98","True","4.0","4.0","True","True","Brooklyn","Private room","2","1.0","1.0","1.0","[""Extra pillows and blankets"", ""TV"", ""Security cameras on property"", ""Lock on bedroom door"", ""Microwave"", ""Hangers"", ""Carbon monoxide alarm"", ""Cleaning products"", ""Paid washer \u2013 In building"", ""Heating"", ""Body soap"", ""Shampoo"", ""Air conditioning"", ""Free street parking"", ""Essentials"", ""Hot water"", ""Bathtub"", ""Dedicated workspace"", ""Smoke alarm"", ""Oven"", ""Elevator"", ""Clothing storage: wardrobe and closet"", ""Coffee maker""]","50.0","1","10","1.0","1.0","1125.0","1125.0","1.0","1125.0","True","27","57","87","362","4","4","2","3.0","2.5","3.25","4.0","4.0","3.5","True","5","0","5","0","2.79","4"
"New Mott Haven Hotel Room | Full Bed | Kitchenette","A Statement in the Sky<br />This is not just a new building, it’s a new standard.<br />Staying at The Arches allows an experience of luxury in addition to convenience and relaxation. <br />Guests have access to a range of amenity spaces including the Fitness Center, Business Center and Lounge. Suites offer a sleeping area, kitchenette, as well as work desk.<br /><br /><b>The space</b><br />Mott Haven living - The best of both worlds<br />Featuring brand new suites, offering floor to ceiling windows, high end finishes, hardwood flooring and more! From a smooth check-in experience to a suite of top comfort & design.<br />Apartment Features Include:<br /><br />•	Sleeping Area with quality linens<br />•	Kitchenette with Microwave and Refrigerator<br />•	Floor to ceiling windows<br />•	Hardwood Floors<br />•	Spa-like showers<br /><br />Building Amenities Include:<br /><br />•	Business Center <br />•	Lounge<br />•	Fitness Center featuring state of the art equipment <br />•	On-site parking ga","Imagine staying in a vibrant neighborhood filled with dining, nightlife, and cultural attractions.<br />Yes, that’s right, all-in-one; this can be your new address for vacation, work, and play. By day, enjoy coffee shops, bookstores, cafes, retail, and more. In the evening, Bruckner Blvd. comes alive with restaurants and bars. No other borough brings together such a unique combination of cultural attractions, parks, sports, music, and history. Additionally, no other neighborhood puts it all together like Mott Haven. A thriving, walkable, cultural neighborhood that’s the best of the area with one of the easiest commutes into Manhattan.","Global Luxury Suites","Hawthorne, New Jersey, United States","","","","True","404.0","404.0","True","True","Bronx","Private room","2","1.0","","1.0","[""Window guards"", ""Security cameras on property"", ""Lock on bedroom door"", ""Keurig coffee machine"", ""Wine glasses"", ""Toaster"", ""Microwave"", ""Central heating"", ""Hangers"", ""Long term stays allowed"", ""Carbon monoxide alarm"", ""Mini fridge"", ""Clothing storage: dresser and closet"", ""Wifi"", ""Paid parking garage on premises"", ""Central air conditioning"", ""Laundromat nearby"", ""Body soap"", ""Shampoo"", ""Dishes and silverware"", ""Essentials"", ""Hot water"", ""Conditioner"", ""Hair dryer"", ""Paid street parking off premises"", ""Crib"", ""Smoke alarm"", ""Keypad"", ""HDTV with Roku"", ""Elevator"", ""Bed linens"", ""Shower gel"", ""Gym"", ""Coffee maker""]","244.0","5","1125","2.0","5.0","1125.0","1125.0","4.1","1125.0","True","25","55","85","360","1","1","0","5.0","5.0","5.0","5.0","5.0","5.0","True","59","57","2","0","0.86","6"
"""I think I'll stay here a while."" 2-bed Brooklyn","Make some memories at this unique and family-friendly place.<br />In the heart of Bushwick one of Brooklyn's most fun and artistic neighborhoods. Perfect for anyone in need of exploring New York at best.","friendly and artistic.","Aira","Brooklyn, New York, United States","Hi!
My name is Aira,
I'm from Brazil and have lived in New York for about years. I speak Portuguese, English. Interior design student. 
Passionate about art and the beauty of life and nature.","1.0","0.87","True","1.0","1.0","True","True","Brooklyn","Entire home/apt","4","1.0","2.0","2.0","[""Extra pillows and blankets"", ""Free parking on premises"", ""Wine glasses"", ""Microwave"", ""Central heating"", ""Hangers"", ""Free washer \u2013 In unit"", ""Ethernet connection"", ""Lockbox"", ""Long term stays allowed"", ""Cleaning products"", ""Wifi"", ""Body soap"", ""Shampoo"", ""Dishes and silverware"", ""Air conditioning"", ""Essentials"", ""Hot water"", ""Bathtub"", ""Conditioner"", ""Kitchen"", ""Cooking basics"", ""Dedicated workspace"", ""Hair dryer"", ""Room-darkening shades"", ""TV with Apple TV"", ""Bread maker"", ""Smoke alarm"", ""Dishwasher"", ""Dining table"", ""Freezer"", ""Refrigerator"", ""Bed linens"", ""Clothing storage: closet"", ""Free dryer \u2013 In unit"", ""Coffee maker""]","189.0","3","1125","3.0","3.0","1125.0","1125.0","3.0","1125.0","True","0","7","33","123","2","2","2","5.0","5.0","5.0","4.5","5.0","5.0","False","1","1","0","0","2.0","6"
"Cozy Apt, 10 mins to Mid-Town.. Near LGA and JFK..","One fully furnished bedroom apartment in Sunnyside. 3 minutes walk from the 7 train. Located on a quiet street with walking distance to Banks, supermarkets, pubs and every type of restaurants, 24-hour convenience stores, laundry mat, and markets. ! block away from skillman Av.","Sunnyside is in Queens County and is one of the best places to live in New York.  There are a lot of bars, restaurants, coffee shops, and parks. Many young professionals live in Sunnyside and residents tend to be liberal.","Juan","Queens, New York, United States","","1.0","1.0","True","0.0","0.0","True","True","Queens","Entire home/apt","3","1.0","1.0","2.0","[""Extra pillows and blankets"", ""TV"", ""Clothing storage: dresser"", ""Wine glasses"", ""Toaster"", ""Microwave"", ""Long term stays allowed"", ""Portable fans"", ""Carbon monoxide alarm"", ""Cleaning products"", ""Wifi"", ""Laundromat nearby"", ""Heating"", ""Body soap"", ""Dishes and silverware"", ""Private entrance"", ""Air conditioning"", ""Free street parking"", ""Essentials"", ""Hot water"", ""Kitchen"", ""Fire extinguisher"", ""Cooking basics"", ""Stove"", ""Sound system"", ""Smoke alarm"", ""Dishwasher"", ""Dining table"", ""Iron"", ""Freezer"", ""Oven"", ""Elevator"", ""Refrigerator"", ""Bed linens"", ""Coffee maker""]","150.0","4","180","4.0","4.0","180.0","180.0","4.0","180.0","True","2","2","2","2","1","1","0","5.0","5.0","5.0","5.0","5.0","5.0","False","1","1","0","0","0.86","5"
"1 BR in Heart of West Village w/ Kitchen & Bath","Stylish and spacious apartment on a prime West Village street with a semi-private entrance. Recently renovated with brand new appliances and a fully-equipped kitchen.<br /><br />High speed 200 Mbps WiFi and a large 55"" smart TV.<br /><br />Amazing restaurants and nightlife are right at your doorstep. I've lived in NYC for years and this West Village location cannot be beaten. Short walk to Washington Square Park, West Side Highway, and SoHo.<br /><br />30-DAY MINIMUM STAY.<br /><br /><b>The space</b><br />1 bedroom with a queen-sized mattress, comfortably fits 2.<br /><br />Living room has a stylish couch, 55"" smart TV, and dining table.<br /><br />Kitchen is fully equipped with cookware and dinnerware.<br /><br />1 bathroom with full shower and tub.<br /><br /><b>Other things to note</b><br />Please note that this unit is in the basement, but gets plenty of light. Moreover, it has a semi-private entrance (only the next-door tenant shares the building entrance). Also note there are no ","","Albert","US","I love to travel and meet new people! If you're staying with me, I hope you enjoy what my home has to offer!","1.0","0.95","True","0.0","0.0","True","True","Manhattan","Entire home/apt","2","1.0","1.0","1.0","[""Lockbox"", ""Kitchen"", ""Long term stays allowed"", ""Carbon monoxide alarm"", ""TV"", ""Wifi"", ""Smoke alarm"", ""Air conditioning""]","260.0","30","90","30.0","30.0","1125.0","1125.0","30.0","1125.0","True","0","0","0","0","1","1","1","5.0","5.0","5.0","5.0","5.0","5.0","False","1","1","0","0","1.0","4"
"💜 NYC/Bushwick New Private Room Size Full 💜","Enjoy your own private room with full bed, wardrobe and a timely desk. A spacious and beautiful private room in the heart of Bushwick with hardwood floors and air conditioning and central heating for access throughout the apartment. Excellent location close to the Myrtle Broadway station (Line J-z-M) and Central Ave station (Line M), and 13 minutes walking to Jefferson Ave station (Line L).","","Skarly & Ming","New York, New York, United States","We are a young and cheerful couple, recently first-time parents, in the spirit of growing up and making our dreams within the big apple.

I am (Skarly) Venezuelan, I come from a small family which continues in my country, I love to go out and discover each of the spaces of New York.
My husband (Ming), born in China, and lived for several years in Venezuela where he learned perfect Spanish, and also there, we met and started our history; his family is in New York, and he is passionate about technology, he loves to read about different topics and current affairs through the internet, and I consider him a gamer even if he insists he doesn't :P

We are recently based in New York, fascinated learning from a new English language (at home we speak Spanish, and he is an Ace with the Cantonese) and we love being able to meet new people.","","","True","3.0","3.0","True","True","Brooklyn","Private room","2","2.0","1.0","1.0","[""Window guards"", ""Luggage dropoff allowed"", ""TV"", ""Lock on bedroom door"", ""Keurig coffee machine"", ""Hot water kettle"", ""Backyard"", ""Wine glasses"", ""Toaster"", ""First aid kit"", ""Single level home"", ""Hangers"", ""Ceiling fan"", ""Long term stays allowed"", ""Carbon monoxide alarm"", ""Cleaning products"", ""Wifi"", ""Laundromat nearby"", ""Heating"", ""Body soap"", ""Shampoo"", ""Dishes and silverware"", ""Host greets you"", ""Air conditioning"", ""Free street parking"", ""Essentials"", ""Hot water"", ""Bathtub"", ""Kitchen"", ""Cooking basics"", ""Dedicated workspace"", ""Hair dryer"", ""Stove"", ""Rice maker"", ""Smoke alarm"", ""Dining table"", ""Iron"", ""Freezer"", ""Oven"", ""Bed linens"", ""Coffee maker""]","52.0","2","1125","2.0","2.0","1125.0","1125.0","2.0","1125.0","True","7","32","62","62","4","4","2","5.0","4.75","5.0","5.0","4.75","5.0","False","3","0","3","0","4.0","2"
"Studio with separate kitchen & breakfast nook","Wake up at the crossroads of Chelsea, Meatpacking, and West Vill in this handsomely decorated space optimized for high-functioning remote workers. The living/bed room has all new furniture including TV, sectional, Crate&Barrel dresser and lamp, Casper queen mattress, and original art works. The living area/hallway has a well placed standing desk, and the kitchen comes with a breakfast nook and table with a comfortable Room&Board chair that's great for meetings. Toilet has its own room.<br /><br /><b>The space</b><br />Second story walk up. Very clean, well kept and nice building. Inside the apartment, you will have everything you need. The giant dresser is reserved for guests, and part of the hanging closet, although part will be blocked off. The toilet being separated from the rest of the bathroom is a quirk, but most people it doesn't bother them at all.<br /><br /><b>Guest access</b><br />Extremely walkable neighborhood. You are 3 minutes from Chelsea Market and the rest of Meatpack","","David","Topsfield, Massachusetts, United States","","1.0","1.0","True","0.0","0.0","True","True","Manhattan","Entire home/apt","2","1.0","1.0","1.0","[""Cooking basics"", ""Room-darkening shades"", ""HDTV with Amazon Prime Video, HBO Max, Netflix, Roku"", ""Smoke alarm"", ""Shower gel"", ""Dishes and silverware"", ""Cleaning products"", ""Extra pillows and blankets"", ""Dedicated workspace"", ""Body soap"", ""Hot water"", ""Stainless steel oven"", ""Coffee maker"", ""Refrigerator"", ""kiehls conditioner"", ""Outdoor dining area"", ""Hangers"", ""Kitchen"", ""Bed linens"", ""Long term stays allowed"", ""Air conditioning"", ""Radiant heating"", ""Carbon monoxide alarm"", ""Free street parking"", ""kiehls shampoo"", ""Stove"", ""Baking sheet"", ""Wine glasses"", ""Wifi"", ""Essentials""]","199.0","5","50","5.0","5.0","1125.0","1125.0","5.0","1125.0","True","2","18","48","138","1","1","1","5.0","5.0","5.0","5.0","5.0","3.0","True","1","1","0","0","1.0","5"
"My House, your house 🏡","El sector es muy seguro limpio y de fácil acceso al transporte público de New York cerca hay variedad de restaurantes y cafeterías.","Variedad de restaurantes Peluquerías cafeterías y líneas de transporte público .","Katia","Queens, New York, United States","","1.0","0.83","True","3.0","3.0","True","True","Queens","Private room","2","1.5","1.0","1.0","[""Air conditioning"", ""Carbon monoxide alarm"", ""Lock on bedroom door"", ""Shampoo"", ""Hot water"", ""Heating"", ""First aid kit"", ""TV"", ""Wifi"", ""Smoke alarm"", ""Essentials""]","70.0","1","8","1.0","1.0","8.0","8.0","1.0","8.0","True","21","51","81","356","1","1","0","5.0","5.0","5.0","5.0","5.0","5.0","False","1","0","1","0","0.83","5"
"🅸🅽 🅳🅴🅼🅰🅽🅳 Duplex near Times Sq & Penn Stat","Spacious, stunning 2BR apartment duplex in the heart of Chelsea - NYC. Two separate bedrooms and two bathrooms. Walking distance to Penn Station, Times Square, Rockefeller Center, Javits Center, Bryant Park. Multiple subway lines. There are many attractions in the area such as restaurants with cuisines from all over the world. Everyone refers to NYC as something different as this wonderful place actually means something different to everyone who visits.<br /><br /><b>The space</b><br />Sleeping Configuration:<br />Master Bedroom: Queen Bed +Twin Bed<br />Guest Bedroom: Queen Bed<br /><br /><b>Other things to note</b><br />Please note the master bedroom has portable AC / Heating units depending on season.<br /><br />NYC and NYS law requires Hosts to collect a 14.75% lodging tax which the Guest must submit prior to check-in via the Airbnb Resolution Center in order to receive check-in instructions.","","Casey","New York, New York, United States","Hi,

I love meeting new faces and traveling with my sons. I'm an attorney with a LL.M degree from Yale Law School. My girlfriend is in law enforcement. We love dogs, hiking, and learning new hobbies!

If there is anything I can do to answer your questions regarding our amazing city let me know!","1.0","1.0","True","0.0","0.0","True","True","Manhattan","Entire home/apt","5","1.5","2.0","","[""Cooking basics"", ""Security cameras on property"", ""Ethernet connection"", ""Smoke alarm"", ""Dishes and silverware"", ""Cleaning products"", ""Window AC unit"", ""Body soap"", ""Hot water"", ""Coffee maker"", ""TV"", ""Refrigerator"", ""Game console: Xbox One"", ""Hangers"", ""First aid kit"", ""Hair dryer"", ""Kitchen"", ""Bed linens"", ""Long term stays allowed"", ""Radiant heating"", ""Carbon monoxide alarm"", ""Bathtub"", ""Shampoo"", ""Iron"", ""Fast wifi \u2013 308 Mbps"", ""Essentials""]","402.0","2","365","1.0","6.0","365.0","365.0","4.8","365.0","True","4","34","64","154","2","2","2","5.0","5.0","4.5","5.0","4.5","4.5","True","1","1","0","0","2.0","2"
"LOVELY/COMFY NEWYORK CITY APARTMENT🏠🌃 WITH PATIO😍🏞","Super close to<br />Train station ! The ( 7 Train ) <br />Super comfy and spacious apartment with AMAZING BACKYARD SPACE! For professional photoshoot sections, gatherings, meeting and activities of your preference.<br /><br /><b>The space</b><br />Super comfy and modern!","Super friendly neighborhood, nice people and alor of restaurants nearby!!","Joanna","Miami, Florida, United States","","0.71","0.84","True","2.0","2.0","True","True","Queens","Entire home/apt","3","1.0","1.0","1.0","[""Window guards"", ""Extra pillows and blankets"", ""BBQ grill"", ""TV"", ""Indoor fireplace"", ""Sound system with Bluetooth and aux"", ""Private patio or balcony"", ""Wine glasses"", ""Microwave"", ""Central heating"", ""First aid kit"", ""Single level home"", ""Hangers"", ""Long term stays allowed"", ""Carbon monoxide alarm"", ""Mini fridge"", ""Cleaning products"", ""Fire pit"", ""Wifi"", ""Board games"", ""Laundromat nearby"", ""Body soap"", ""Shampoo"", ""Dryer"", ""Dishes and silverware"", ""Private entrance"", ""Air conditioning"", ""Free street parking"", ""Essentials"", ""Hot water"", ""Safe"", ""Kitchen"", ""Fire extinguisher"", ""Cooking basics"", ""Dedicated workspace: office chair, monitor, table, and desk"", ""Smoke alarm"", ""Dining table"", ""Private fenced garden or backyard"", ""Iron"", ""Freezer"", ""Electric stove"", ""Refrigerator"", ""Trash compactor"", ""Shower gel"", ""Outdoor dining area""]","300.0","1","365","1.0","1.0","365.0","365.0","1.0","365.0","True","30","60","90","365","1","1","0","5.0","5.0","5.0","5.0","5.0","5.0","False","2","1","1","0","0.83","5"
"lovely 1-bedroom rental unit in bronx","Keep it simple at this peaceful and centrally-located place.","","John","Bronx, New York, United States","","0.8","1.0","True","0.0","0.0","True","True","Bronx","Entire home/apt","2","1.0","1.0","1.0","[""Microwave"", ""Central heating"", ""Hangers"", ""Ethernet connection"", ""Long term stays allowed"", ""Carbon monoxide alarm"", ""Wifi"", ""Body soap"", ""Shampoo"", ""Dishes and silverware"", ""Air conditioning"", ""Free street parking"", ""Essentials"", ""Hot water"", ""Bathtub"", ""Safe"", ""Kitchen"", ""Cooking basics"", ""Dedicated workspace"", ""Hair dryer"", ""Smoke alarm"", ""Dining table"", ""Freezer"", ""HDTV with Netflix, Roku"", ""Refrigerator"", ""Clothing storage: closet"", ""Portable heater"", ""Coffee maker""]","75.0","2","90","2.0","2.0","1125.0","1125.0","2.0","1125.0","True","15","45","75","75","2","2","0","4.0","4.0","4.0","5.0","4.0","5.0","True","1","1","0","0","1.4","2"
"Spacious room in a heart of Brooklyn","Specious bedroom with private bathroom in two bedroom apartment. Ideally located very close to train station which would take you to Manhattan, but there is plenty to do in a walking distance from the apartment. Prospect Park is only 5min away as well as Brooklyn Botanic Garden. Brooklyn Museum is close by as well as farmers market on Saturday. There are many coffee shops, restaurants, and bars that you can walk in less than 5min.","","Magda","New York, New York, United States","I’m a traveler, a hiker, lover of nature... I like to escape NYC every chance I have. 
I’m a vegan for all known reasons: health, animals, environment...
When I’m not traveling I dance, I read, I practice yoga...

After using Airbnb for many years, I decided to become a host. I hope to be able to be as helpful and accommodating as many of my hosts have been. ","1.0","1.0","True","0.0","0.0","True","True","Brooklyn","Private room","2","1.0","1.0","1.0","[""Bathtub"", ""Hangers"", ""Smoke alarm"", ""Carbon monoxide alarm"", ""Piano"", ""Native body soap"", ""Lock on bedroom door"", ""Hair dryer"", ""Dedicated workspace"", ""Dove conditioner"", ""Dove  shampoo"", ""Bed linens"", ""Wifi"", ""Central heating"", ""First aid kit"", ""Air conditioning"", ""Clothing storage: closet and dresser"", ""Essentials"", ""Hot water""]","95.0","1","10","1.0","1.0","10.0","10.0","1.0","10.0","True","0","26","56","328","7","7","4","5.0","4.86","5.0","5.0","4.86","5.0","True","1","0","1","0","6.18","8"
"Centrally Located Private Bedroom with Bathroom","Great location in a new building. The location is centrally-located. It’s a quick walk to Chinatown, Little Italy, and two subway stop from Soho! There is a large  park in front of the building. Its the perfect location for those visiting town or on a vacation! The bedroom has its own private bathroom.<br /><br /><b>The space</b><br />You will have your own private room, with lock and key, and your own private bathroom. The living room and kitchen are shared.","We are in a central location near attractions such as Chinatown, Little Italy, Soho, and more!","Meng","US","","1.0","0.83","True","0.0","0.0","True","True","Manhattan","Private room","2","1.0","1.0","1.0","[""Cooking basics"", ""Paid washer \u2013 In building"", ""Paid dryer \u2013 In building"", ""Lock on bedroom door"", ""Hot water kettle"", ""Smoke alarm"", ""Shower gel"", ""Dishes and silverware"", ""Cleaning products"", ""Shared patio or balcony"", ""Body soap"", ""Hot water"", ""Central air conditioning"", ""Clothing storage: closet"", ""Rice maker"", ""Refrigerator"", ""Elevator"", ""Hangers"", ""Hair dryer"", ""Kitchen"", ""Bed linens"", ""Microwave"", ""Long term stays allowed"", ""Carbon monoxide alarm"", ""Oven"", ""Stove"", ""Shampoo"", ""Iron"", ""Heating"", ""Luggage dropoff allowed"", ""Dedicated workspace: desk"", ""Wifi"", ""Essentials""]","96.0","2","30","2.0","2.0","30.0","30.0","2.0","30.0","True","4","32","58","137","8","8","6","5.0","4.88","4.75","4.88","4.88","4.75","False","1","0","1","0","8.0","1"
"The Home Lounge","This stylish place to stay is perfect for group activities. Most exceptional layout design. Every fun moment you can ever dream of. LED lighting, perfect setting for a group of friends wanting to have fun for couple hours. <br />Ideal for all type of events. <br />*Special features* Indoor bar, outdoor patio, indoor hammocks…<br /><br /><b>The space</b><br />No bed… it’s a home lounge for events. <br /><br />Big hall, with a lounge setting. LED/sound system<br />*Smoking is allowed* (small fee)<br /><br /><b>Guest access</b><br />Guests get to use the entire space (referred to pics)<br />*Only confirmed guests will have access so book accordingly!<br /><br /><b>Other things to note</b><br />Welcome to The Home Lounge. <br />There’s a full stocked bar (21+) available at the property. Inquire for more info!<br /><br />Your reservation comes with “Hookah”<br /><br />Kill me with questions if you have a ton!!","Very quite neighborhood, residential area. Flushing is where most tourists visit; the most beautiful area located in Queens! Can’t wait to meet you guys!","Stephan","New York, New York, United States","Personal chef that loves the NYC vibe! Always excited to meet new people. I love traveling but mostly exploring new cultures.
I’ll definitely help you Pick the best party venue!","","","True","0.0","0.0","True","True","Queens","Entire home/apt","16","1.0","1.0","","[""BBQ grill"", ""Security cameras on property"", ""Free parking on premises"", ""Private patio or balcony"", ""Wine glasses"", ""Toaster"", ""Microwave"", ""Central heating"", ""Long term stays allowed"", ""Window AC unit"", ""Cleaning products"", ""Wifi"", ""Central air conditioning"", ""Laundromat nearby"", ""Dove body soap"", ""Hot water"", ""Kitchen"", ""Cooking basics"", ""Stove"", ""Bluetooth sound system"", ""Outdoor furniture"", ""70\"" HDTV with HBO Max, premium cable, Amazon Prime Video, Netflix"", ""Iron"", ""Refrigerator"", ""Shower gel"", ""Cleaning before checkout"", ""Coffee maker""]","528.0","1","1125","1.0","1.0","1125.0","1125.0","1.0","1125.0","True","30","60","90","365","1","1","1","1.0","5.0","1.0","1.0","3.0","1.0","True","1","1","0","0","1.0","6"
"Park-side Single family townhouse with parking.","Bring the whole family to this great place with lots of room for fun.  A rare single family townhouse on a park. With three whole floors just for yourself. Two full bathrooms, parking for up to two cars, a back yard and an outdoor shower. Williamsburg is a vibrant neighborhood full of amazing restaurants and bars.","","Roni","New York, New York, United States","(website hidden) 
Hi. I'm Roni. I'm 38 years old from Williamsburg Brooklyn.  I am a real estate broker with Corcoran specializing in new development condominium sales.  
My wife, Jennifer, works in real estate and is also a dancer. 
We have a sweet scottish terrier who is well trained, and hypoallergenic so he doesn't shed. 
","0.91","0.57","True","2.0","2.0","True","True","Brooklyn","Entire home/apt","5","2.0","2.0","","[""First aid kit"", ""Free dryer \u2013 In unit"", ""Coffee maker"", ""Essentials"", ""Private patio or balcony"", ""Kitchen"", ""Outdoor dining area"", ""Private entrance"", ""Wifi"", ""TV"", ""Fire extinguisher"", ""Radiant heating"", ""Private fenced garden or backyard"", ""Smoke alarm"", ""Washer"", ""Sonos Bluetooth sound system"", ""Cooking basics"", ""Outdoor shower"", ""Carbon monoxide alarm"", ""Ceiling fan"", ""Dedicated workspace: desk and office chair"", ""Refrigerator"", ""Long term stays allowed"", ""Bathtub"", ""Dishes and silverware"", ""Free parking on premises"", ""Hot water"", ""Air conditioning"", ""Portable fans"", ""Outdoor furniture"", ""BBQ grill""]","800.0","3","30","3.0","3.0","30.0","30.0","3.0","30.0","True","20","50","80","348","1","1","1","5.0","5.0","5.0","5.0","5.0","5.0","False","1","1","0","0","1.0","5"
"Amazing NewAptBright in the Heart of Williamsburg","","","Luis","Brooklyn, New York, United States","..I like to host people from all over the world and make them feel at home !","1.0","0.97","True","5.0","5.0","True","True","Brooklyn","Entire home/apt","6","1.0","2.0","2.0","[""Hangers"", ""Kitchen"", ""Long term stays allowed"", ""Iron"", ""TV"", ""Carbon monoxide alarm"", ""Fire extinguisher"", ""Dedicated workspace"", ""Hair dryer"", ""Wifi"", ""Private entrance"", ""Heating"", ""Shampoo"", ""Smoke alarm"", ""First aid kit"", ""Air conditioning"", ""Essentials"", ""Hot water""]","790.0","2","365","2.0","2.0","1125.0","1125.0","2.0","1125.0","True","23","53","83","358","1","1","0","5.0","5.0","5.0","5.0","5.0","5.0","False","5","4","1","0","0.86","6"
"Amazing 2BR in the Heart of NYC! Near TimesSquare!","Stay walking distance to Times Square in this big, bright and beautifully decorated, 2 bedroom apartment in Midtown South. This unit comfortably sleeps 4. It offers numerous extras including flat screen cable TV, wireless internet, hardwood floors, charming exposed brick, and more. A true home away from home. Fifth Floor of traditional NYC walk-up building.<br /><br /><b>The space</b><br />The whole group will enjoy easy access to everything from this apartment. We have a Queen Bed and 1 full bed in the bedrooms. Centrally located place. The bathroom is nice and clean as it has been recently renovated. The kitchen has modern equipments with dishes and microwave. The apartment is equipped with WiFi and Air conditioning. Not photographed but has a kitchen table to eat at.","This area is the heart of fashion. Major fashion labels such as Carolina Herrera, Oscar de la Renta, Calvin Klein, Nicole Miller, and Andrew Marc have showrooms, production facilities, or offices located in the Garment District. Explore the area's countless sample sales, discount shops, fabric stores, and boutiques. Located only blocks from NYC's Macy's, the largest department store in the world.<br />Popular restaurants in the area include Casa di Isacco, Spot Dessert Bar, and Uncle Jack's Steakhouse.<br />Easy access to the rest of the city. A, C, E trains at Port Authority. 7, S, N, Q, R trains at 42nd Street/Times Square and B, D, F, M at 42nd Street/ Bryant Park.","Rolando","PH","","1.0","0.47","True","1.0","1.0","True","True","Manhattan","Entire home/apt","4","1.0","2.0","2.0","[""Kitchen"", ""Long term stays allowed"", ""Carbon monoxide alarm"", ""TV"", ""Clothing storage"", ""Stove"", ""Hot water kettle"", ""Refrigerator"", ""Bed linens"", ""Wifi"", ""Heating"", ""Dishes and silverware"", ""Smoke alarm"", ""Air conditioning"", ""Essentials"", ""Hot water""]","175.0","3","365","3.0","3.0","365.0","365.0","3.0","365.0","True","0","0","0","64","1","1","0","3.0","3.0","5.0","4.0","4.0","3.0","False","1","1","0","0","0.79","6"
"Cozy studio rental apartment in Brooklyn","This rental studio apartment offers a clean, quite space for those on work trips, visiting friends and family in this lovely city or simply getting away to enjoy a peace of mind.  This space is located on the second floor, stairs only!<br /><br /><b>The space</b><br />In the heart of Brooklyn my cozy rental is the perfect space to relax. There’s so much to offer like corner stores on almost every block to buy food, snacks, and beverages. Open late night too! <br /><br />Brooklyn’s landmarks like the Barclay’s Center, Prospect Park and the Brooklyn Bridge is not too far either. Just a train ride away, you can visit the city’s main attractions.<br /><br /><b>Other things to note</b><br />Offering access to my apps such as Netflix, YouTube, and Disney+","In walking distance there are a few parks in the area to enjoy! <br />Being close to a late night Rite Aide and corner stores offer you the opportunity to enjoy late night shopping for groceries or personal items. <br />There are laundromats close by- if needed please message me and I will be happy to help. <br /><br />Less than 5 mins away, there is a Mexican Taqueria. <br />(For all dine in restaurants please call to see their covid requirements & restrictions)<br />Feel free to ask where I order from! <br /><br />McDonalds and Popeyes is also a short walk away. 10-15 mins top!<br />Delivery should take no more than 40 mins.<br />Can also use platforms such as UberEats, Grubhub, Doordash, Seamless etc..","Sheila","New York, New York, United States","Hi, I'm Sheila and welcome to my Airbnb. 
With the help of my children, 
I am currently hosting my unit in Brooklyn and I look forward to sharing it with you.


Guest, 
before requesting to book, please read the guidelines as there are some house rules to ensure the safety and proper accommodation for your stay. Also, when requesting to book please include a brief description of your visit to NYC! ","1.0","1.0","True","0.0","0.0","True","True","Brooklyn","Entire home/apt","2","1.0","","1.0","[""TV"", ""ZeroDerm shampoo"", ""Radiant heating"", ""Microwave"", ""ZeroDerm body soap"", ""First aid kit"", ""Single level home"", ""Hangers"", ""Lockbox"", ""Long term stays allowed"", ""Carbon monoxide alarm"", ""Dedicated workspace: table"", ""Cleaning products"", ""Wifi"", ""Board games"", ""ZeroDerm conditioner"", ""Laundromat nearby"", ""Clothing storage: wardrobe"", ""Dishes and silverware"", ""Private entrance"", ""Stainless steel oven"", ""Free street parking"", ""Essentials"", ""Hot water"", ""Bathtub"", ""Safe"", ""Kitchen"", ""Fire extinguisher"", ""Cooking basics"", ""Hair dryer"", ""Room-darkening shades"", ""Gas stove"", ""Smoke alarm"", ""Dining table"", ""Iron"", ""Freezer"", ""Refrigerator"", ""Shower gel""]","80.0","2","28","2.0","2.0","28.0","28.0","2.0","28.0","True","0","2","29","29","3","3","3","5.0","5.0","5.0","5.0","4.67","5.0","False","1","1","0","0","3.0","2"
"Epic Location! Spacious 3BR Loft in Midtown West!","Spacious Penthouse Apartment with Private Roof Deck + Stacking Bosch Washer/Dryer in unit. 2 Queens and 1 Full bed. Perfect for your stay! Gorgeous renovation includes exposed brick, fireplace and lofty 20' ceilings in the living room. Unobstructed views West so you'll never miss a sunset.<br /><br />Located on the Fifth Floor of a traditional NYC walk-up building!<br /><br /><b>The space</b><br />Dining nook. No detail overlooked. Skylight in the back bedroom. Transom in the front bedroom. Bathroom with tub and shower doors. Pass-thru kitchen with Granite Counters, Whirlpool self-cleaning Oven, GE Refrigerator, GE Dishwasher, Built-in Microwave.","Steps from restaurant row including popular restaurants like Barbetta, Becco, and Brasserie Athene. Conveniently located among numerous popular bars like Johnny Utah's, Ardesia, and Rum House.","June","PH","","1.0","0.64","True","0.0","0.0","True","True","Manhattan","Entire home/apt","5","1.0","2.0","3.0","[""TV"", ""Indoor fireplace"", ""Hot water kettle"", ""Toaster"", ""Microwave"", ""Long term stays allowed"", ""Carbon monoxide alarm"", ""Washer"", ""Wifi"", ""Heating"", ""Dryer"", ""Air conditioning"", ""Essentials"", ""Hot water"", ""Kitchen"", ""Cooking basics"", ""Stove"", ""Smoke alarm"", ""Dishwasher"", ""Oven"", ""Refrigerator"", ""Bed linens""]","350.0","3","365","3.0","5.0","365.0","365.0","3.1","365.0","True","7","37","67","311","2","2","2","4.0","4.0","3.5","3.5","5.0","4.0","False","2","2","0","0","2.0","2"
"Artist 2 level 2 Bedroom + Den by Broadway","Artist's two level, 2 bedroom + den  brownstone near Times Square, Intrepid, Javits Center, Port Authority, Restaurants & Nightlife.<br /><br /><b>The space</b><br />A lovely two level New York City Apartment perfect for 2 - 5 people in a central city area! Freshly painted, decorated by a local NYC's artist, who lives there part-time and travels a lot. <br /><br />The top floor is somewhat formal and set up as a work and dining area while the downstairs is homey with two large size bedrooms, a den with an additional bed / day bed and a second bath. <br /><br />You walk in to see lovely exposed brick, and a formal dinning and sitting area. You can comfortably seat a 4 person dinner here. The kitchen is large, has a dishwasher and is comfortable for cooking. Next to the kitchen is a large marble bathroom, with a bathtub and  a shower.<br /><br />Down the stairs are two large bedrooms and large hallway den. The master bedroom has a king size bed while the second bedroom has a queen size b","The neighborhood has plenty to offer from some of the cities best restaurants,  clubs, theater and parks. 2 blocks walking is the famous Intrepid Museum and Hudson River park (with free yoga and other events in the warm months) and 2 block in the other direction you have broadway thrasher District and Times Square. The street is a fairly quiet and residential.","Zuzanna","Cocoroc, Victoria, Australia","Visual artist and designer living between NYC, Tulum and  Melbourne. Lover of good design, good food and good friends :) ","1.0","0.73","True","0.0","0.0","True","True","Manhattan","Entire home/apt","5","1.5","2.0","3.0","[""Free parking on premises"", ""Hot water kettle"", ""Wine glasses"", ""Central heating"", ""Hangers"", ""Lockbox"", ""Long term stays allowed"", ""Window AC unit"", ""Cleaning products"", ""Wifi"", ""Laundromat nearby"", ""Shampoo"", ""Dishes and silverware"", ""Stainless steel oven"", ""Essentials"", ""Hot water"", ""Bathtub"", ""Conditioner"", ""Safe"", ""Kitchen"", ""Cooking basics"", ""Dedicated workspace"", ""Hair dryer"", ""Room-darkening shades"", ""Stove"", ""Smoke alarm"", ""Dishwasher"", ""Dining table"", ""Iron"", ""Freezer"", ""Refrigerator"", ""Bed linens"", ""Clothing storage: closet""]","600.0","2","365","2.0","2.0","365.0","365.0","2.0","365.0","True","8","17","17","17","2","2","2","4.5","4.0","5.0","5.0","5.0","4.0","True","1","1","0","0","2.0","6"
"Vibrant & Spacious Industrial Loft in Bed-Stuy","Huge industrial loft (1000 square feet) right in the heart of trendy Bed-Stuy, just a few blocks from the subway. With high ceilings, original factory finishings and vibrant design, my loft is truly one of a kind.  I'll also share with you my custom heatmap of favorite local spots to enjoy during your stay!<br /><br /><b>The space</b><br />Open format loft with queen sized bed, full kitchen with dishwasher, washer/dryer in unit, separate closet just for you, big comfy sectional couch and a desk area for working from home. Located on the ground floor in the back of a quiet building (away from the street).<br /><br /><b>Guest access</b><br />Street parking is easy to find right outside the apartment entrance, and Citi bike station is around the corner. Easily walkable neighborhood with new restaurants, coffee shops and bars.","My loft is on a beautiful brownstone-lined street, surrounded by hip coffee shops, new restaurants, funky bars and more. Close to Clinton Hill neighborhood and right in the middle of Brooklyn, it's the perfect location for exploring!","Mike","Brooklyn, New York, United States","","1.0","1.0","True","0.0","0.0","True","True","Brooklyn","Entire home/apt","2","1.0","1.0","1.0","[""Extra pillows and blankets"", ""Baking sheet"", ""Luggage dropoff allowed"", ""Sonos Bluetooth sound system"", ""Radiant heating"", ""Microwave"", ""Bidet"", ""Single level home"", ""Hangers"", ""Free washer \u2013 In unit"", ""Ethernet connection"", ""Ceiling fan"", ""Long term stays allowed"", ""Carbon monoxide alarm"", ""Lockbox"", ""Cleaning products"", ""Wifi"", ""Laundromat nearby"", ""Body soap"", ""Shampoo"", ""Dishes and silverware"", ""Air conditioning"", ""Free street parking"", ""Essentials"", ""Hot water"", ""Bathtub"", ""Conditioner"", ""Kitchen"", ""Fire extinguisher"", ""Cooking basics"", ""Stove"", ""Rice maker"", ""Smoke alarm"", ""Dishwasher"", ""Dining table"", ""Freezer"", ""Oven"", ""Refrigerator"", ""Dedicated workspace: office chair and desk"", ""Bed linens"", ""Shower gel"", ""Clothing storage: closet"", ""Free dryer \u2013 In unit""]","305.0","2","60","2.0","2.0","60.0","60.0","2.0","60.0","True","17","19","49","324","2","2","1","5.0","4.5","5.0","5.0","5.0","5.0","False","1","1","0","0","2.0","8"
"Lovely 2 Bedroom Apartment close to Bus Stops","A stylish 2 bedroom apartment with Kitchen and Bathroom. Location close to Q26, Q27, and Q65 bus, also leads to Downtown Flushing with the 7-Train. Free Parking and Free Washer and Dryer on premises. (no soap) 1 street down is various cuisines. Kissena Park nearby great for a morning walk or run. 20 minutes from LaGuardia Airport and JFK Airport (varies from Traffic)<br /><br />DISCLAIMER: Any rules that are broken (especially our no smoking rule) will be fined at least $200.<br /><br /><b>The space</b><br />2 bedrooms with a queen size bed in each<br />TV in the living room<br />Air mattress useable<br />Full Kitchen with pots and utensils (we do not provide ingredients for cooking)<br />Full bathroom, with towels and toiletries<br />Laundry room also accessible in the garage (we do not provide laundry soap)","Near Kissena Park, perfect for a morning jog<br />Near 7-11<br />CVS and a Supermarket about 5 Minute drive away<br />1 Street down from various cuisines","Qing","US","","1.0","0.99","True","9.0","9.0","True","True","Queens","Entire home/apt","6","1.0","2.0","2.0","[""Extra pillows and blankets"", ""TV"", ""Security cameras on property"", ""Free parking on premises"", ""Hot water kettle"", ""Backyard"", ""Toaster"", ""Microwave"", ""Hangers"", ""Long term stays allowed"", ""Washer"", ""Wifi"", ""Heating"", ""Body soap"", ""Shampoo"", ""Dryer"", ""Dishes and silverware"", ""Air conditioning"", ""Free street parking"", ""Essentials"", ""Hot water"", ""Bathtub"", ""Conditioner"", ""Kitchen"", ""Clothing storage"", ""Cooking basics"", ""Dedicated workspace"", ""Hair dryer"", ""Room-darkening shades"", ""Stove"", ""Keypad"", ""Dining table"", ""Iron"", ""Freezer"", ""Refrigerator"", ""Bed linens""]","111.0","1","1125","1.0","1.0","1125.0","1125.0","1.0","1125.0","True","3","30","60","335","9","9","6","4.89","5.0","4.78","5.0","4.89","4.89","False","8","7","1","0","9.0","6"
"HEGEMAN GUEST HOME","Hegeman Guest House newly renovated 3-bedrooms, 1 bathroom and living space.  Conveniently located just 18 minutes from JFK airport makes this a win-win for those coming in from a long flight. This is a perfect stop for the whole family to relax in peace.","We are located near Shirley Chisholm State Park and Gateway Mall for shopping. We can help you with other information related to locating businesses, shopping, or dining.","Patrick","US","Hegeman Guest House newly renovated 3-bedrooms, 1 bathroom and living space. Conveniently located just 15 minutes from JFK airport makes this a win-win for those coming in from a long flight. This is a perfect stop for the whole family to relax in peace.","0.87","0.8","True","0.0","0.0","True","True","Brooklyn","Entire home/apt","5","1.0","3.0","3.0","[""Luggage dropoff allowed"", ""Security cameras on property"", ""Hot water kettle"", ""Radiant heating"", ""Wine glasses"", ""Microwave"", ""First aid kit"", ""Hangers"", ""Free driveway parking on premises"", ""Lockbox"", ""Long term stays allowed"", ""Portable fans"", ""Carbon monoxide alarm"", ""Wifi"", ""Laundromat nearby"", ""Body soap"", ""Shampoo"", ""55\"" HDTV"", ""Dishes and silverware"", ""Air conditioning"", ""Free street parking"", ""Essentials"", ""Hot water"", ""Bathtub"", ""Conditioner"", ""Kitchen"", ""Fire extinguisher"", ""Hair dryer"", ""Room-darkening shades"", ""Gas stove"", ""Smoke alarm"", ""Iron"", ""Freezer"", ""Oven"", ""Refrigerator"", ""Bed linens"", ""Shower gel"", ""Clothing storage: closet"", ""Coffee maker""]","193.0","2","28","1.0","3.0","1125.0","1125.0","2.0","1125.0","True","30","60","90","365","2","2","1","5.0","5.0","5.0","5.0","5.0","5.0","False","1","1","0","0","1.46","1"
"Private room in New York","A beautiful bedroom with queen bed, Two big and tall window, A new TV, It’s nice, comfortable and quiet, Downstair is larger common area, Which are wonderful kitchen, Beautifully living room and dining area,<br />We have additional space in the basement, which’s laundry room and home gym, It’s available to use for guests stay 5 nights  minimum.<br />Our place all about quality of amenities, We provide lot of FREE things for guests needs, <br />So guests stay in our place feel comfortable, peaceful and happy!<br /><br /><b>The space</b><br />It’s a private queen bedroom in top floor, two big and tall windows, You’ll see a beautiful backyard views, It’s nice and quiet, You’ll feel so comfortable and relaxing when you lie down on the bed and turn on TV,  <br />Downstair is a large common area for guests  use, dining area, kitchen and living room,<br /><br /><b>Guest access</b><br />It’s a townhouse and our own property, <br />This is two units building and two different entrance, <br />Gu","This is a great location at central Harlem in New York City, <br />excellent transportation, It is effortless to subway 2, 3 trains or B, C trains,  Good bus service and city bike nearby!<br />Famous restaurants, Coffee shop, entertainment music Venus, neighborhood park, library, Food store and shopping center… all around the neighborhood!!","Xiuzhen","US","","1.0","1.0","True","2.0","2.0","True","True","Manhattan","Private room","2","1.0","1.0","1.0","[""Extra pillows and blankets"", ""Luggage dropoff allowed"", ""Security cameras on property"", ""Lock on bedroom door"", ""Hot water kettle"", ""Radiant heating"", ""Shared gym in building"", ""Wine glasses"", ""Toaster"", ""Microwave"", ""First aid kit"", ""Hangers"", ""Pantene shampoo"", ""Cleaning products"", ""Wifi"", ""Dishes and silverware"", ""40\"" TV"", ""Free street parking"", ""Essentials"", ""Hot water"", ""Bathtub"", ""Safe"", ""Kitchen"", ""Free washer \u2013 In building"", ""Fire extinguisher"", ""Cooking basics"", ""Dedicated workspace"", ""Hair dryer"", ""Room-darkening shades"", ""Stove"", ""Rice maker"", ""Smoke alarm"", ""Dining table"", ""Freezer"", ""Doves body soap"", ""Oven"", ""Refrigerator"", ""Trash compactor"", ""Shower gel"", ""Free dryer \u2013 In building"", ""Coffee maker""]","102.0","2","20","2.0","2.0","1125.0","1125.0","2.0","1125.0","True","5","35","65","65","1","1","1","5.0","5.0","5.0","5.0","5.0","5.0","True","3","1","2","0","1.0","2"
"Entire modern, bright 1BR in heart of Williamsburg","Modern, stylish and spacious **entire** apartment in the heart of Williamsburg.<br /><br />This clean and bright apartment is located at 10 min walk from the Marcy (J/Z lines) and Bedford Av (M line) - 15 min trains to Manhattan!<br /><br />Williamsburg is one of the hippest and liveliest hoods in NYC, with tons of cute local coffee shops, restaurants and bars within walking distance. We supply disposable earplugs and a white noise Spotify playlist, but if you are a very light sleeper this listing isn’t for you.<br /><br /><b>The space</b><br />** You will have the entire apartment to yourself **<br /><br />3rd floor walk-up apartment - 2 sets of stairs, freshy furnished. Start your day by opening blackout curtains, to enjoy sitting by the 12ft windows on a comfy accent chair while people watching and drinking coffee.<br /><br />Casper mattress. Coffee bar. Fully equipped kitchen. Bathroom featuring a rain shower, fresh towels and basic toiletries provided (including a hair drier). <br","Located in the heart of Williamsburg, just a short walk to many main attractions including Domino Park, McCarren Park, East River Park Waterfront, Joe's Pizza, Wholefoods, Apple, Martha's Bakery, Juliette, Cafe Mogador, Peter Lugers, Williamsburg Cinema, Brooklyn Bowl, Brooklyn Brewery, Williamsburg Hotel, Williamvale, Westlight the list goes on and on.<br /><br />The Bedford Ave (L) is at less than 10 minutes away, and one stop away from Manhattan! You also can take the subway at Marcy Ave (J/Z) if you are heading downtown Manhattan.","Marta","New York, New York, United States","I am a Brand and Marketing consultant living in US but originally I was born and raised in Barcelona, spent 3 years living in London, and currently based in New York City. Besides being very passionate about my career I train daily and live a healthy lifestyle. 
I love matcha, good and healthy food, traveling and Netflix! 
I am very clean, organized and respectful to people and my surroundings. ","1.0","0.88","True","1.0","1.0","True","True","Brooklyn","Private room","2","1.0","1.0","1.0","[""Luggage dropoff allowed"", ""Hot water kettle"", ""Clothing storage: dresser"", ""Toaster"", ""Microwave"", ""Central heating"", ""Hangers"", ""Lockbox"", ""Long term stays allowed"", ""Carbon monoxide alarm"", ""Wifi"", ""Laundromat nearby"", ""Dishes and silverware"", ""Private entrance"", ""Air conditioning"", ""Essentials"", ""Hot water"", ""Bathtub"", ""Kitchen"", ""Cooking basics"", ""Dedicated workspace"", ""Hair dryer"", ""Room-darkening shades"", ""Stove"", ""Paid street parking off premises"", ""Smoke alarm"", ""Dishwasher"", ""Dining table"", ""Iron"", ""Freezer"", ""Oven"", ""Refrigerator"", ""Bed linens"", ""Shower gel"", ""Coffee maker""]","230.0","4","31","4.0","4.0","31.0","31.0","4.0","31.0","True","3","6","6","8","1","1","1","5.0","5.0","5.0","5.0","5.0","5.0","False","1","0","1","0","1.0","8"
"Lovely One bedroom apartment with a private patio","This is a fully equipped large one bedroom apartment. <br /><br />The apartment features:<br />- Separate Living and Dining room <br />-Large fully equipped kitchen <br />- Large queen sized bed (and queen air bed upon request)<br />-One and a half baths<br />-Private terrace <br />-In unit laundry  <br /><br />If you are looking for a nice clean and comfortable place to stay in NYC you have found it. <br /><br />This Charming Manhattan apartment is located close to tons of restaurants and shops and close to the bus and train.<br /><br />*No parties or loud noises<br /><br /><b>Guest access</b><br />There is a lockbox on the front door","Great neighborhood. Has tons of great restaurants bars and cafes.","Trisha","New York, New York, United States","I am a fun loving, young professional, who loves to travel and shop. I am very much into fashion and have a fashion blog. I am real estate agent by day and love to buy and sell houses.","1.0","0.78","True","0.0","0.0","True","True","Manhattan","Entire home/apt","4","1.5","1.0","","[""Extra pillows and blankets"", ""BBQ grill"", ""Luggage dropoff allowed"", ""TV"", ""Hot water kettle"", ""Private patio or balcony"", ""Radiant heating"", ""Wine glasses"", ""Microwave"", ""First aid kit"", ""Hangers"", ""Long term stays allowed"", ""Carbon monoxide alarm"", ""Washer"", ""Cleaning products"", ""Wifi"", ""Board games"", ""Laundromat nearby"", ""Body soap"", ""Shampoo"", ""Dishes and silverware"", ""Private entrance"", ""Air conditioning"", ""Stainless steel oven"", ""Essentials"", ""Hot water"", ""Bathtub"", ""Free street parking"", ""Conditioner"", ""Kitchen"", ""Stainless steel gas stove"", ""Fire extinguisher"", ""Cooking basics"", ""Dedicated workspace"", ""Hair dryer"", ""Outdoor furniture"", ""Smoke alarm"", ""Dishwasher"", ""Iron"", ""Freezer"", ""Refrigerator"", ""Bed linens"", ""Shower gel"", ""Clothing storage: closet"", ""Free dryer \u2013 In unit"", ""Portable heater"", ""Coffee maker""]","185.0","2","365","2.0","2.0","365.0","365.0","2.0","365.0","True","9","31","61","336","4","4","1","4.25","3.75","4.5","4.5","4.5","4.5","False","1","1","0","0","4.0","6"
"Premier room in Center Downtown, Chinatown &Soho","The premier room in center of Downtown Manhattan, close to Soho, Little taly, and Two Bridges","","Lucy","New York, New York, United States","Hospitable, optimistic and active person. I hope my apartment could be a comfortable habitat for you in New York City.","0.98","0.98","True","4.0","4.0","True","True","Manhattan","Private room","2","1.0","1.0","1.0","[""Air conditioning"", ""Dedicated workspace"", ""Cooking basics"", ""Carbon monoxide alarm"", ""Lock on bedroom door"", ""Wifi"", ""Shampoo"", ""Hangers"", ""Iron"", ""Heating"", ""Kitchen"", ""Hair dryer"", ""Smoke alarm"", ""Essentials"", ""Long term stays allowed""]","99.0","1","1125","1.0","1.0","1125.0","1125.0","1.0","1125.0","True","9","39","69","159","2","2","1","5.0","5.0","5.0","4.0","5.0","5.0","True","4","0","4","0","1.71","6"
"Chic modern 2-bedroom apt 5 mins from J.F.K.","Stylish place to stay is perfect for a NYC getaway. A chic modern 2 bed/1 bath apt in the heart of Jamaica, Queens. JFK 5 mins and LGA 15 mins away. Close to public transportation; buses available at door steps, LIRR few blocks away and plenty of street parking.  Abundance of restaurants and shops within the area. Midtown 30 mins away, Resorts World Casino 10 mins,  Citifield and Mets-Willets Point 15 mins. Brooklyn and Long Island are minutes away.<br /><br /><b>The space</b><br />Very convenient chic-modern place on the 2nd floor of a house. Located in the middle of Jamaica, Queens where JFK and LGA Airports are conveniently close. Getting around is very easy, buses are on the block, ride shares like UBER and LYFT, public street parking on the street and  LIRR commuter rail is a few blocks away giving you access to Midtown Manhattan. Neighboring Downtown Brooklyn and suburban Long Island are minutes away. There are plenty of local shops, restaurants and Baisley Park is down the stree","In the heart of Jamaica, Queens. Nice quiet residential area with city vibes. Close to public transportation, parks are down the street, and restaurants and shops.","Darnell","Queens, New York, United States","","","","True","0.0","0.0","True","True","Queens","Entire home/apt","5","1.0","2.0","3.0","[""Cooking basics"", ""Security cameras on property"", ""Outdoor furniture"", ""Ethernet connection"", ""Pool table"", ""Fire extinguisher"", ""Generic shampoo"", ""Hot water kettle"", ""Smoke alarm"", ""Shower gel"", ""Dishes and silverware"", ""Cleaning products"", ""Extra pillows and blankets"", ""Ping pong table"", ""Luggage dropoff allowed"", ""Shared patio or balcony"", ""Kennmore stove"", ""Generic body soap"", ""Hot water"", ""Ceiling fan"", ""Coffee maker"", ""Central air conditioning"", ""TV"", ""Laundromat nearby"", ""Indoor fireplace"", ""Kennmore refrigerator"", ""Toaster"", ""Clothing storage: dresser and closet"", ""Freezer"", ""Keypad"", ""Hangers"", ""First aid kit"", ""Dedicated workspace: desk, office chair, and table"", ""Hair dryer"", ""Kitchen"", ""Bed linens"", ""Microwave"", ""Dining table"", ""Safe"", ""Carbon monoxide alarm"", ""Tvs have bluetooth audio to play music. Bluetooth sound system"", ""Bathtub"", ""Oven"", ""Free street parking"", ""Board games"", ""Private entrance"", ""Baking sheet"", ""Wine glasses"", ""Iron"", ""Central heating"", ""Wifi"", ""Essentials""]","257.0","1","21","1.0","1.0","1125.0","1125.0","1.0","1125.0","True","18","48","77","352","9","9","5","5.0","5.0","5.0","5.0","4.78","5.0","True","1","1","0","0","6.14","4"
"Clean Modern  2 BR Apartment Sleeps 6 - Accessible","You will enjoy easy access to everything from this centrally located, Culturally Diverse Community.<br />Blocks away from delicious African, Caribbean, Chinese,  Spanish and Soul Food.<br />20 minutes from JFK & LGA Airports. <br />Steps away from train to Manhattan. <br />35 minutes via train to Times Square.<br />1  hr to Harlem.<br />Near Major HWYS.<br />4 Miles to Forest Park Golf Course.<br />9 Miles to USTA Billie Jean King National Tennis Ctr.,  Met's CitiField, Flushing Meadow Park- with many activities.","The neighborhood is an ethnically diverse residential neighborhood.  It is a<br /> spirited and safe neighborhood.  The cultural diversity is reflected in the foods available within steps of the house.  An African, Chinese, Jamaican and Pizza/Italian takeout/restaurants are steps away from the house.  Cross Bay Boulevard is a 7 minute drive away where one can enjoy many different restaurants if you care to dine in.  The Laundromat is approximately 4 blocks away and is next door to the neighborhood supermarket and post office and public Library which offers computer and printing services.","Heather","US","","1.0","1.0","True","0.0","0.0","True","True","Brooklyn","Entire home/apt","5","1.0","2.0","3.0","[""Window guards"", ""Extra pillows and blankets"", ""Children\u2019s dinnerware"", ""Baking sheet"", ""Security cameras on property"", ""Hot water kettle"", ""Private patio or balcony"", ""Radiant heating"", ""Wine glasses"", ""Toaster"", ""Microwave"", ""First aid kit"", ""Hangers"", ""Long term stays allowed"", ""Portable fans"", ""Carbon monoxide alarm"", ""Stainless steel stove"", ""Clothing storage: wardrobe, closet, and dresser"", ""Cleaning products"", ""Wifi"", ""Board games"", ""Laundromat nearby"", ""50\"" HDTV"", ""Dishes and silverware"", ""Private entrance"", ""Drying rack for clothing"", ""Stainless steel oven"", ""Free street parking"", ""Essentials"", ""Hot water"", ""Bathtub"", ""Kitchen"", ""Fire extinguisher"", ""Cooking basics"", ""Dedicated workspace"", ""Hair dryer"", ""Room-darkening shades"", ""Portable air conditioning"", ""Outdoor furniture"", ""Smoke alarm"", ""Dining table"", ""Private fenced garden or backyard"", ""Iron"", ""Freezer"", ""Outlet covers"", ""Refrigerator"", ""Bed linens"", ""Cleaning before checkout"", ""Coffee maker"", ""Paid parking lot on premises"", ""Outdoor dining area""]","123.0","3","28","3.0","3.0","28.0","28.0","3.0","28.0","True","2","31","61","151","4","4","4","5.0","5.0","5.0","5.0","5.0","4.5","False","1","1","0","0","4.0","2"
"Spacious & Private Studio Loft in Clinton Hill","Spacious and clean 500 sq ft. studio loft in a former dance studio, situated in the heart of Clinton Hill/Bed Stuy.  Amazing location where you can find the best of what Brooklyn has to offer, while being in close proximity to Manhattan, Fort Greene, Prospect Heights, Williamsburg, and downtown Brooklyn. Tons of bars, restaurants and sites to see.<br /><br /><b>The space</b><br />The remodeled  studio sits on the ground floor of a two-story brick house and has its own private entrance. The studio has three windows, wood floors, and original details such as a large dance studio mirror, tin ceilings, and exposed reclaimed wood beams. One queen bed is in the main space, one queen bed is perched in the loft, accessible by a 4 step ladder.  There is also a futon sofa. Linens and towels are 100% cotton.                                                                          <br /><br />The Studio has a private bathroom with shower, a kitchenette with sink and small refrigerator. The kitchen","The neighborhood is full of restaurants, bars, clubs, coffee shops. Check out our guide. There's a unique blend of charming historic brownstone streets and pre-war industrial spaces. Optimum location to enjoy and be in the center of  Clinton Hill, Bed-Stuy and Fort Greene scene and also be super close to G train or a 10 min walk to A Train.","Jason","New York, New York, United States","Brooklyn based Production Designer for TV and Film.  My wife and I are super hosts, we enjoy creating unique spaces for people to share and experience. ","1.0","0.94","True","3.0","3.0","True","True","Brooklyn","Entire home/apt","3","1.0","1.0","2.0","[""Hot water kettle"", ""Radiant heating"", ""Wine glasses"", ""Toaster"", ""First aid kit"", ""Single level home"", ""Hangers"", ""Ceiling fan"", ""Long term stays allowed"", ""Carbon monoxide alarm"", ""Mini fridge"", ""Cleaning products"", ""Wifi"", ""Shampoo"", ""Dishes and silverware"", ""Private entrance"", ""Air conditioning"", ""Essentials"", ""Hot water"", ""Conditioner"", ""Kitchen"", ""Fire extinguisher"", ""Clothing storage"", ""Hair dryer"", ""Room-darkening shades"", ""Dedicated workspace: desk and table"", ""Smoke alarm"", ""Dining table"", ""Iron"", ""Bed linens"", ""Coffee maker""]","161.0","4","365","2.0","6.0","365.0","365.0","4.1","365.0","True","5","25","55","330","3","3","3","5.0","5.0","5.0","5.0","5.0","5.0","True","1","1","0","0","3.0","6"
"Modern Upper East Side Apartment Perfect Location","Enjoy a stylish modern stay at this perfectly located Upper East Side apartment. Just minutes walking & you'll find yourself strolling through Central Park, shopping on 5th Avenue, dining at the best restaurants NYC has to offer, and close to renowned hospitals. This apartment features an abundance of natural lighting, custom woodwork designs, modern touches, dimmable lighting, a 50-inch Smart T.V, work space equipped with a bluetooth keyboard & mouse, a large closet, kitchen, & full bathroom!<br /><br /><b>The space</b><br />The apartment is located on the second floor. Has plenty of windows for great lighting. Large closet space for your things. The bed, the furniture, and all of the items in the apartment were all just recently purchased brand new! Large glass desk, bluetooth keyboard/mouse, and high speed Wi-Fi great for working from home. The space offers a queen sized bed and a leather sofa-bed that turns into a full sized bed when laid-down. There is extra sheets, blanket, and m","The neighborhood is astonishing. Restaurants, shopping, Central Park, Museums, you name it its there. Just 1 block away you can rent Citi bikes, a short walk and you can access NYC subways that connect to the entire city. Central Park, Central Park Zoo, NYC's finest restaurants, The Metropolitan Museum of Art, Museum of Modern Art, The Frick Museum, Rockefeller University, Marymount Manhattan College and much more are all just steps outside the apartment. Short distance away you can visit Rockefeller Center, St. Patrick's Cathedral, Times Square,  Chrysler building, or have a shopping spree down one of the ""most expensive streets in the world"" 5th Avenue.","Shannon","New York, New York, United States","Born and raised in New York. I have two apartments in Manhattan just minutes from each other so hosting for me is very easy and I love it! I am always available and do my best to ensure each one of my guests feel welcomed to NYC!","1.0","0.89","True","1.0","1.0","True","True","Manhattan","Entire home/apt","3","1.0","","2.0","[""Extra pillows and blankets"", ""Baking sheet"", ""Keurig coffee machine"", ""Microwave"", ""Hangers"", ""Ethernet connection"", ""Ceiling fan"", ""Long term stays allowed"", ""Carbon monoxide alarm"", ""Lockbox"", ""Cleaning products"", ""Wifi"", ""Laundromat nearby"", ""Heating"", ""Body soap"", ""Shampoo"", ""Dishes and silverware"", ""Air conditioning"", ""Stainless steel oven"", ""Essentials"", ""Hot water"", ""Bathtub"", ""Conditioner"", ""Kitchen"", ""Stainless steel gas stove"", ""Cooking basics"", ""HDTV with Amazon Prime Video, Netflix"", ""Hair dryer"", ""Room-darkening shades"", ""Smoke alarm"", ""Dining table"", ""Iron"", ""Freezer"", ""Dedicated workspace: table, office chair, and desk"", ""Refrigerator"", ""Bed linens"", ""Shower gel"", ""Clothing storage: closet"", ""Coffee maker"", ""Paid parking garage off premises""]","228.0","1","90","1.0","3.0","90.0","100.0","1.8","99.9","True","14","44","74","254","4","4","2","4.75","4.75","5.0","5.0","4.75","5.0","False","3","3","0","0","2.5","2"
"Lovely 2 bedrooms, 3 beds. Basement apt. Location","Take it easy at this unique and tranquil getaway. Close to LGA and JFK  airports, close to best restaurants and entertainment of Astoria Queens , easy conmute to Manhattan , quiet residential neighborhood .","Quiet residential neighborhood , very safe .","Carlos","US","","1.0","1.0","True","0.0","0.0","True","True","Queens","Entire home/apt","4","1.0","2.0","3.0","[""Cooking basics"", ""Security cameras on property"", ""Ethernet connection"", ""Fire extinguisher"", ""Hot water kettle"", ""Smoke alarm"", ""Dishes and silverware"", ""Cleaning products"", ""Extra pillows and blankets"", ""55\"" HDTV with standard cable, Netflix"", ""Luggage dropoff allowed"", ""Window AC unit"", ""Conditioner"", ""Cable TV"", ""Babysitter recommendations"", ""Hot water"", ""Coffee maker"", ""Laundromat nearby"", ""Refrigerator"", ""Toaster"", ""Clothing storage: dresser and closet"", ""Freezer"", ""Hangers"", ""First aid kit"", ""Hair dryer"", ""Kitchen"", ""Bed linens"", ""Microwave"", ""Dining table"", ""Long term stays allowed"", ""Cleaning before checkout"", ""Carbon monoxide alarm"", ""Free street parking"", ""Private entrance"", ""Shampoo"", ""Wine glasses"", ""Iron"", ""Central heating"", ""Wifi"", ""Essentials""]","135.0","3","365","3.0","3.0","1125.0","1125.0","3.0","1125.0","True","2","28","58","235","4","4","2","3.75","5.0","4.25","5.0","4.25","3.75","False","1","1","0","0","2.86","2"
"Gamer🎮 Stoner 💨Pad (420 ok👍)room#1","Room is equipped with PS2 and Super Nintendo for fans of retro gaming ,many games & 2 controllers for each system.Enjoy all the classics you grew up playing!<br />We are also 420 friendly!So you may smoke 420 inside house/room no problem👍<br /><br />NO PETS/NO CHILDREN/NO ONE UNDER 18 YEARS OLD ALLOWED!","","James","Queens, New York, United States","easy going,enjoy peace & quiet ","1.0","0.97","True","3.0","3.0","True","True","Queens","Private room","2","1.0","1.0","1.0","[""Air conditioning"", ""Carbon monoxide alarm"", ""Free parking on premises"", ""Lock on bedroom door"", ""TV"", ""Wifi"", ""Smoke alarm"", ""Long term stays allowed""]","35.0","1","365","1.0","1.0","365.0","365.0","1.0","365.0","True","8","36","64","64","7","7","5","4.86","4.57","5.0","5.0","4.71","4.86","False","3","0","3","0","7.0","4"
"Lovely 1-bedroom apartment. Free WiFi & Parking","Kick back and relax in this calm, stylish space. Access to our lovely Rooftop with views of the City , Fitness Center, library, Coffee lounge, Arcade room and pool table. Also theater room available for booking. One Free Garage Parking- accessible transit subway lines (E J K F) and the LIRR. 11 minutes drive to JFK airport  and minutes walk to the JFK AirTran. 13 min drive LaGuardia airport. located right across Rufus King Park. Beautiful apartment to relax and tour NYC.<br /><br /><b>Other things to note</b><br />Absolutely no parties and no loud music after 11 pm","","Dominique","US","","1.0","0.94","True","0.0","0.0","True","True","Queens","Entire home/apt","3","1.0","1.0","1.0","[""Lockbox"", ""Kitchen"", ""Long term stays allowed"", ""Iron"", ""TV"", ""Carbon monoxide alarm"", ""Washer"", ""Security cameras on property"", ""Hair dryer"", ""Pool table"", ""Dedicated workspace"", ""Outdoor dining area"", ""Free parking on premises"", ""Pool"", ""Wifi"", ""EV charger"", ""Smoke alarm"", ""Air conditioning""]","165.0","1","1125","1.0","1.0","1125.0","1125.0","1.0","1125.0","True","11","41","71","346","9","9","9","5.0","5.0","4.89","5.0","4.89","5.0","False","1","1","0","0","9.0","3"
"Stoner💨Gamer🎮  Pad (420 friendly 👍)room#3","large bedroom ,large TV equipped with Amazon Fire stick.<br /><br />420 friendly (you may smoke 420 inside room/house👍<br /><br />Room has Nintendo Wi & A few games.<br /><br />NO PETS!NO ONE Under 18 yrs of age allowed!No Children!","","James","Queens, New York, United States","easy going,enjoy peace & quiet ","1.0","0.97","True","3.0","3.0","True","True","Queens","Private room","2","1.0","1.0","1.0","[""Air conditioning"", ""Carbon monoxide alarm"", ""Free parking on premises"", ""Lock on bedroom door"", ""TV"", ""Wifi"", ""Smoke alarm""]","40.0","1","16","1.0","1.0","16.0","16.0","1.0","16.0","True","11","41","71","71","4","4","2","4.75","4.0","4.5","5.0","4.75","5.0","True","3","0","3","0","2.55","4"
"Private Room Around Columbia University Area","my apartment is 4 rooms 2 bathrooms each 2 rooms share 1 bathroom<br />location is in a very convenient area a short walk from columbia university, public transit, shopping malls and restaurant<br />If you need a daytime sleep or cannot sleep in daylight, this room is located in the interior of the apartment.<br /><br /><b>The space</b><br />queen size bedroom, with bed, desk chair and closet; kitchen and one of the 2 bathroom is available for common usage<br /><br /><b>Guest access</b><br />lock box<br /><br /><b>Other things to note</b><br />never shoe walking inside the apartment","","Kadriye","New York, New York, United States","","1.0","1.0","True","2.0","2.0","True","True","Manhattan","Private room","1","2.0","1.0","1.0","[""Hangers"", ""Kitchen"", ""Long term stays allowed"", ""Carbon monoxide alarm"", ""Fire extinguisher"", ""Washer"", ""Security cameras on property"", ""Hair dryer"", ""Lock on bedroom door"", ""Dedicated workspace"", ""Wifi"", ""Shampoo"", ""Smoke alarm"", ""First aid kit"", ""Essentials"", ""Hot water""]","85.0","7","365","7.0","7.0","1125.0","1125.0","7.0","1125.0","True","1","31","61","336","1","1","1","5.0","5.0","5.0","5.0","5.0","5.0","True","3","1","2","0","1.0","2"
"420 Friendly 👍Gamer 🎮 Stoner💨 Pad(room#2)","Nice bedroom equipped with N64 and many games plus controller s for anyone who grew up playing these favorites such as Mario Cart,Donkey Kong ,ect <br /><br />420 friendly so smoke all the green ya like inside room/house 👍<br /><br />NO PETS!NO ONE UNDER 18!NO KiDS!NO AnIMals!","","James","Queens, New York, United States","easy going,enjoy peace & quiet ","1.0","0.97","True","3.0","3.0","True","True","Queens","Private room","2","1.0","1.0","1.0","[""Air conditioning"", ""Carbon monoxide alarm"", ""Free parking on premises"", ""Lock on bedroom door"", ""TV"", ""Wifi"", ""Smoke alarm""]","35.0","1","15","1.0","1.0","15.0","15.0","1.0","15.0","True","16","46","76","76","4","4","2","5.0","4.75","5.0","5.0","4.75","5.0","False","3","0","3","0","3.16","4"
"Huge 1200 sq ft 1 bedroom in NoMad. Very spacious!","One bedroom, huge 1,200 square foot apartment in NoMad, NYC!<br /><br />Apartment is central and a short walk to most major attractions.<br />19 minute walk to Times Square - <br />11 minute walk to Empire State Building -<br />13 minute walk to Union Square -<br />35 minute walk to Central Park -<br />Minutes from Madison Square Park . <br /><br />The apartment is well lit, clean, has a full kitchen and is surrounded by great restaurants!<br /><br />Peloton in unit, and private office alcove!","NoMad (""North of Madison Square Park""), also known as Madison Square North, is a neighborhood centered on the Madison Square North Historic District in the borough of Manhattan in New York City.","Daniel","New York, New York, United States","","1.0","1.0","True","1.0","1.0","True","True","Manhattan","Entire home/apt","2","1.0","1.0","","[""Baking sheet"", ""Hot water kettle"", ""Private patio or balcony"", ""Clothing storage: dresser"", ""Radiant heating"", ""Wine glasses"", ""Toaster"", ""Microwave"", ""Lockbox"", ""Long term stays allowed"", ""Window AC unit"", ""Cleaning products"", ""Wifi"", ""Laundromat nearby"", ""Body soap"", ""Shampoo"", ""Dishes and silverware"", ""Essentials"", ""Hot water"", ""Bathtub"", ""Conditioner"", ""Kitchen"", ""Fire extinguisher"", ""Cooking basics"", ""Dedicated workspace"", ""HDTV with Amazon Prime Video, Netflix"", ""Room-darkening shades"", ""Gas stove"", ""Outdoor furniture"", ""Smoke alarm"", ""Dishwasher"", ""Freezer"", ""Oven"", ""Refrigerator"", ""Bed linens"", ""Shower gel"", ""Coffee maker"", ""Outdoor dining area""]","400.0","1","365","1.0","1.0","365.0","365.0","1.0","365.0","True","5","10","18","62","1","1","0","5.0","5.0","5.0","5.0","5.0","5.0","False","1","1","0","0","0.7","5"
"𝔹ℝ𝔸ℕ𝔻 ℕ𝔼𝕎꧁COMFY QUEEN♥︎𝚂𝚃𝚁𝙴𝙴𝚃 𝙻𝙴𝚅𝙴𝙻 ✌︎︎ + 𝙷𝙾𝙼𝙴𝙾𝙵𝙵𝙸𝙲𝙴✔︎","Welcome!<br />Value & Safe location-:)<br />Super welcoming neighborhood, where you can enjoy the best variety of restaurants, bars, attractions just a few steps out the door.<br /><br />2 min Whole Foods<br />7 min Central Park<br />20 min Times Square<br />25 min Broadway<br /><br />A quiet modern private room with heater and AC, two little kitties. Full kitchen and especially a super clean bathroom.<br />Queen bed+Apple tv+office desk<br />Accommodates up to 3 people. 1 queen bed and 1 double-layered 21 inches air mattress.<br />Free WiFi and parking.<br /><br /><b>The space</b><br />If you're seeking a private bedroom in NYC close to public transport, parks, and local entertainment, our home is the way to go. The bedroom is fully furnished with a full bath and access to the courtyard/garden.<br /><br />- 1st-floor unit <br />- Laundry in Building <br />- Monthly Pest Control<br />- Bamboo Floors <br />- Brand new open granite kitchen with top-of-the-line stainless steel appliances.","Welcome to Central Harlem – a neighborhood with a textured history, diverse population and jaw-dropping architecture. Located on the northern side of Central Park, stretching to the edge of Washington Heights and extending to the Hudson River. Maya Angelou and Langston Hughes once called this thriving neighborhood home, and it continues to be a cultural melting pot while birthing a slew of innovation and development.<br /><br />If you've got a sweet spot for soul food, be sure to take your empty stomach past Sylvia's, Amy Ruth's and Red Rooster for tasty fried chicken and every trimming you could imagine. If you've got a hit of culture and curiosity on your mind, the Apollo Theater, the National Jazz Museum, Marcus Garvey Park or St. Nicholas Park also await you in this exciting neighborhood. For jazz fanatics, The Apollo Theater is a must, once playing an integral role in the emergence of jazz, swing, R'n'B, gospel, blues, and soul and showcasing Ella Fitzgerald, Billie Holiday, and L","Marcia","New York, New York, United States","","1.0","0.96","True","3.0","3.0","True","True","Manhattan","Private room","2","1.0","1.0","","[""Extra pillows and blankets"", ""Baking sheet"", ""Luggage dropoff allowed"", ""Security cameras on property"", ""Lock on bedroom door"", ""Free parking on premises"", ""Hot water kettle"", ""Wine glasses"", ""Barbecue utensils"", ""Toaster"", ""Microwave"", ""First aid kit"", ""Single level home"", ""Hangers"", ""Ethernet connection"", ""HDTV with Chromecast, HBO Max, Netflix, Apple TV, Roku, Amazon Prime Video"", ""Carbon monoxide alarm"", ""Long term stays allowed"", ""Washer"", ""Laundromat nearby"", ""Heating"", ""Dishes and silverware"", ""Dryer"", ""Air conditioning"", ""Free street parking"", ""Essentials"", ""Hot water"", ""Bathtub"", ""Kitchen"", ""Fire extinguisher"", ""Cooking basics"", ""Hair dryer"", ""Room-darkening shades"", ""Rice maker"", ""Stove"", ""Shared hot tub"", ""Clothing storage: closet and walk-in closet"", ""Local conditioner"", ""Smoke alarm"", ""Dedicated workspace: monitor"", ""Local shampoo"", ""Dishwasher"", ""Dining table"", ""Iron"", ""Freezer"", ""Fast wifi \u2013 511 Mbps"", ""Oven"", ""Refrigerator"", ""Bed linens"", ""Shower gel"", ""Coffee maker"", ""Paid parking garage off premises"", ""Local body soap""]","93.0","3","28","3.0","3.0","28.0","28.0","3.0","28.0","True","13","43","71","71","6","6","3","5.0","5.0","5.0","5.0","5.0","5.0","False","2","0","2","0","6.0","6"
"✔︎MANHATTAN’S BEST✔︎QUEEN BED✔︎2͜͡0͜͡%͜͡O͜͡F͜͡F͜͡   🆂🆃🆁🅴🅴🆃 🅻🅴🆅🅴🅻✔︎","Explore the best of northern Manhattan where you can enjoy the best variety of restaurants& bars just a few steps out the door. <br />Welcome neighborhood:<br />2 min Whole Foods Supermarket<br />7 min Central Park<br />18 min Times Square<br />25 min Broadway<br /><br />A quiet modern private room with heater + AC, two little kitties. Full kitchen and exceptionally super clean bathroom.<br />Queen bed+Apple tv+office desk.<br />Accommodates up to 3 people: one queen bed and one double-layered 21 inches air mattress.<br />Free WiFi and parking.<br /><br /><b>The space</b><br />If you're seeking a private bedroom in NYC close to public transport, parks, and local entertainment, our home is the way to go. The bedroom is fully furnished, stocked with essential amenities, and all utilities installed and included.<br /><br />- 1st-floor unit <br />- Laundry in Building <br />- Monthly Pest Control<br />- Bamboo Floors <br />- Brand new open granite kitchen with top-of-the-line stainless ste","Welcome to Central Harlem – a neighborhood with a textured history, diverse population, and jaw-dropping architecture. Located on the northern side of Central Park, stretching to the edge of Washington Heights and extending to the Hudson River. Maya Angelou and Langston Hughes once called this thriving neighborhood home, and it continues to be a cultural melting pot while birthing a slew of innovation and development.<br />If you've got a sweet spot for soul food, be sure to take your empty stomach past Sylvia's, Amy Ruth's and Red Rooster for tasty fried chicken and every trimming you could imagine. If you've got a hit of culture and curiosity on your mind, the Apollo Theater, the National Jazz Museum, Marcus Garvey Park or St. Nicholas Park also await you in this exciting neighborhood. For jazz fanatics, The Apollo Theater is a must, once playing an integral role in the emergence of jazz, swing, R'n'B, gospel, blues, and soul and showcasing Ella Fitzgerald, Billie Holiday, and Lauryn","Ivan","Brooklyn, New York, United States","","1.0","0.97","True","3.0","3.0","True","True","Manhattan","Private room","2","1.0","1.0","1.0","[""Extra pillows and blankets"", ""Baking sheet"", ""Luggage dropoff allowed"", ""Security cameras on property"", ""Lock on bedroom door"", ""Keurig coffee machine"", ""Free parking on premises"", ""Hot water kettle"", ""Wine glasses"", ""Barbecue utensils"", ""Toaster"", ""Microwave"", ""Central heating"", ""First aid kit"", ""Single level home"", ""Hangers"", ""Ethernet connection"", ""Long term stays allowed"", ""Carbon monoxide alarm"", ""Window AC unit"", ""Clothing storage: walk-in closet"", ""Laundromat nearby"", ""Body soap"", ""Dishes and silverware"", ""Stainless steel oven"", ""Free street parking"", ""Essentials"", ""Hot water"", ""Bathtub"", ""Stainless steel gas stove"", ""Fast wifi \u2013 505 Mbps"", ""Free washer \u2013 In building"", ""Fire extinguisher"", ""Kitchen"", ""Cooking basics"", ""Hair dryer"", ""Room-darkening shades"", ""Rice maker"", ""Local conditioner"", ""Smoke alarm"", ""Dedicated workspace: monitor"", ""Local shampoo"", ""Dishwasher"", ""Dining table"", ""Iron"", ""Freezer"", ""Refrigerator"", ""Bed linens"", ""HDTV with HBO Max, Apple TV, Chromecast, Roku, Amazon Prime Video, Netflix"", ""Shower gel"", ""Free dryer \u2013 In building"", ""Coffee maker"", ""Paid parking garage off premises""]","93.0","3","28","3.0","3.0","28.0","28.0","3.0","28.0","True","8","38","68","68","6","6","4","5.0","4.83","5.0","5.0","4.5","4.83","False","1","0","1","0","6.0","6"
"Modern, cozy 1 bedroom apartment in Brooklyn","Enjoy a peaceful stay in a modern and newly renovated space in BK! A stylish 1 BR apartment with a cozy living room and a Full sized pull out bed. There's also a quaint office with a sweet Twin sized sofa bed. It's perfect for a group of friends or a small family to stay in a calm and cozy environment.<br /><br /><b>The space</b><br />Our home is on a quiet Brooklyn block that's walking distance to a massive park with basketball and tennis courts and a soccer field. It's perfect for long walks, a run, or playing your favorite sport with family and friends.<br /><br />The primary bedroom fits a Full sized bed and the secondary bedroom has a Twin sized sofa bed and desk. Each room has its own TV, too. <br /><br />The living room and kitchenette are warm and comfortable and a great place to watch movies and relax.<br /><br /><b>Guest access</b><br />You can access the J train at the Van Siclen stop. It's an 8 minute walk from our home. <br /><br />The Broadway Junction train stop is about","","Chenits","New York, New York, United States","","1.0","0.71","True","0.0","0.0","True","True","Brooklyn","Entire home/apt","4","1.0","1.0","","[""TV"", ""Security cameras on property"", ""Free parking on premises"", ""Radiant heating"", ""First aid kit"", ""Hangers"", ""Wifi"", ""Dishes and silverware"", ""Private entrance"", ""Shampoo"", ""Essentials"", ""Hot water"", ""Kitchen"", ""Fire extinguisher"", ""Cooking basics"", ""Dedicated workspace"", ""Smoke alarm"", ""Iron"", ""Electric stove"", ""Refrigerator"", ""Smart lock""]","96.0","1","14","1.0","1.0","14.0","14.0","1.0","14.0","True","0","28","58","58","2","2","2","5.0","5.0","5.0","5.0","5.0","5.0","False","1","1","0","0","2.0","9"
"✈︎𝙼𝙰𝙽𝙷𝙰𝚃𝙷𝙰𝙽 𝚂𝚄𝙸𝚃𝙴☞︎𝚃𝚄𝙱❤︎𝚀𝚄𝙴𝙴𝙽𝙱𝙴𝙳♔𝙷𝙾𝙼𝙴𝙾𝙵𝙵𝙸𝙲𝙴✔︎𝟷𝚜𝚝𝙵𝙻𝙾𝙾𝚁☺︎︎","Value & Safe location!<br />Explore the best of Upper Manhattan, where you can enjoy the best variety of restaurants, bars, attractions just a few steps out the door.<br /><br />2 min Whole Foods<br />7 min Central Park<br />20 min Times Square<br />25 min Broadway<br /><br />A quiet modern private suite with heater and AC, 2 little kitties. Full kitchen and especially super clean bathroom.<br />Queen bed+Apple tv+office desk<br />Accommodates up to 3 people. 1 queen bed and 1 double-layered 21 inches air mattress.<br />TV<br />Free WiFi and parking.<br /><br /><b>The space</b><br />If you're seeking a private suite in NYC close to public transport, parks, and local entertainment, our home is the way to go.<br />Suite loft with a private full bath and courtyard/garden view.<br /><br />- 1st-floor unit <br />- Laundry in Building <br />- Monthly Pest Control<br />- Bamboo Floors <br />- Brand new open granite kitchen with top-of-the-line stainless steel appliances.<br /><br />Just a few","Welcome to Central Harlem – a neighborhood with a textured history, diverse population and jaw-dropping architecture. Located on the northern side of Central Park, stretching to the edge of Washington Heights and extending to the Hudson River. Maya Angelou and Langston Hughes once called this thriving neighborhood home, and it continues to be a cultural melting pot while birthing a slew of innovation and development.<br />If you've got a sweet spot for soul food, be sure to take your empty stomach past Sylvia's, Amy Ruth's and Red Rooster for tasty fried chicken and every trimming you could imagine. If you've got a hit of culture and curiosity on your mind, the Apollo Theater, the National Jazz Museum, Marcus Garvey Park or St. Nicholas Park also await you in this exciting neighborhood. For jazz fanatics, The Apollo Theater is a must, once playing an integral role in the emergence of jazz, swing, R'n'B, gospel, blues, and soul and showcasing Ella Fitzgerald, Billie Holiday, and Lauryn ","Marcia","New York, New York, United States","","1.0","0.96","True","3.0","3.0","True","True","Manhattan","Private room","2","1.0","1.0","","[""Extra pillows and blankets"", ""Baking sheet"", ""Luggage dropoff allowed"", ""Security cameras on property"", ""Lock on bedroom door"", ""Keurig coffee machine"", ""Free parking on premises"", ""Hot water kettle"", ""Wine glasses"", ""Barbecue utensils"", ""Toaster"", ""Microwave"", ""Central heating"", ""Private hot tub"", ""HDTV with Amazon Prime Video, Roku, HBO Max, Apple TV, Netflix, Chromecast"", ""First aid kit"", ""Single level home"", ""Hangers"", ""Free washer \u2013 In unit"", ""Ethernet connection"", ""Long term stays allowed"", ""Carbon monoxide alarm"", ""Window AC unit"", ""Clothing storage: walk-in closet"", ""Laundromat nearby"", ""Dishes and silverware"", ""Fast wifi \u2013 500 Mbps"", ""Stainless steel oven"", ""Free street parking"", ""Essentials"", ""Hot water"", ""Bathtub"", ""Stainless steel gas stove"", ""Kitchen"", ""Fire extinguisher"", ""Cooking basics"", ""Hair dryer"", ""Room-darkening shades"", ""Rice maker"", ""Local conditioner"", ""Smoke alarm"", ""Dedicated workspace: monitor"", ""Local shampoo"", ""Dishwasher"", ""Dining table"", ""Iron"", ""Freezer"", ""Refrigerator"", ""Bed linens"", ""Shower gel"", ""Free dryer \u2013 In building"", ""Coffee maker"", ""Paid parking garage off premises"", ""Local body soap""]","72.0","3","28","3.0","3.0","28.0","28.0","3.0","28.0","True","17","47","75","75","6","6","4","5.0","5.0","5.0","5.0","5.0","4.83","False","2","0","2","0","4.29","6"
"Swanky 1 private bedroom","Take it easy at this unique and tranquil getaway.","Quiet residential area. Close to orchard beach","Patrick","US","","0.9","1.0","True","2.0","2.0","True","True","Bronx","Private room","2","1.0","1.0","","[""Paid parking lot on premises \u2013 1 space"", ""Cooking basics"", ""Outdoor furniture"", ""Clothing storage: closet and dresser"", ""Pool table"", ""Fire extinguisher"", ""Lock on bedroom door"", ""Smoke alarm"", ""Shower gel"", ""Dishes and silverware"", ""Cleaning products"", ""Extra pillows and blankets"", ""Ping pong table"", ""Dedicated workspace"", ""TV with Netflix, Roku"", ""Private fenced garden or backyard"", ""Hot water"", ""Ceiling fan"", ""Coffee maker"", ""Laundromat nearby"", ""Rice maker"", ""Gas stove"", ""Refrigerator"", ""Outdoor dining area"", ""Liquid and bar soap body soap"", ""Toaster"", ""Hangers"", ""Drying rack for clothing"", ""First aid kit"", ""Kitchen"", ""Bed linens"", ""Microwave"", ""Long term stays allowed"", ""Air conditioning"", ""Safe"", ""BBQ grill"", ""Cleaning before checkout"", ""Barbecue utensils"", ""Carbon monoxide alarm"", ""Free street parking"", ""Bathtub"", ""Oven"", ""Baking sheet"", ""Wine glasses"", ""Iron"", ""Central heating"", ""Wifi"", ""Essentials""]","70.0","7","30","7.0","7.0","1125.0","1125.0","7.0","1125.0","True","15","42","72","162","2","2","1","5.0","5.0","5.0","5.0","4.0","5.0","True","2","0","2","0","1.76","1"
"Cozy Modern bedroom  with easy access to the City","Kick back and relax in This perfectly located 2 bed, 1 bath apartment. A short walk less than 3 min to public transit such as M,E and R train also buses running 24/7 , close to Queens center Mall .The unit comes equipped with its very own   Smart TV, kitchen, microwave,  balcony, coffee bar You can go from enjoying your spacious living area to enjoying some outdoor time in the balcony. perfect place to stay calm and let go in style. PLEASE NOTE: extra guests will incur a small fee.<br /><br /><b>The space</b><br />Located in a residential small building. The apartment is a duplex, where the rooms are on the second floor. One bathroom is upstairs and one is downstairs. <br />downstairs you will find the kitchen coffee bar dining area tv and balcony to enjoy your morning coffee<br /><br /><b>Guest access</b><br />parking is easy to find on the street and also is a keypad outside of the main door","There is a large Jewish population in the neighborhood, which features high-rise apartment buildings and detached houses, as well as a large commercial zone. Rego Park is located in Queens Community District 6 and its ZIP Code is 11374. It is a safe and nice neighborhood. One of the safest places in queens,  a fantastic place to stay. It's close to the malls and other shops, so there's always something to do. The environment is family-friendly and full of life.","Jesus & Bell","Queens, New York, United States","","1.0","0.97","True","1.0","1.0","True","True","Queens","Private room","1","1.0","1.0","1.0","[""Extra pillows and blankets"", ""Baking sheet"", ""Luggage dropoff allowed"", ""TV"", ""Security cameras on property"", ""Dove  body soap"", ""Lock on bedroom door"", ""Free parking on premises"", ""Hot water kettle"", ""Private patio or balcony"", ""Wine glasses"", ""Toaster"", ""Microwave"", ""Central heating"", ""First aid kit"", ""Hangers"", ""Ethernet connection"", ""Lockbox"", ""Long term stays allowed"", ""Carbon monoxide alarm"", ""Piano"", ""Cleaning products"", ""Wifi"", ""Central air conditioning"", ""Laundromat nearby"", ""Shampoo"", ""Dishes and silverware"", ""Free street parking"", ""Essentials"", ""Hot water"", ""Bathtub"", ""Kitchen"", ""Cooking basics"", ""Hair dryer"", ""Gas stove"", ""Outdoor furniture"", ""Smoke alarm"", ""Dining table"", ""Iron"", ""Freezer"", ""Organic  conditioner"", ""Refrigerator"", ""Bed linens"", ""Trash compactor"", ""Clothing storage: closet"", ""Coffee maker"", ""Dedicated workspace: office chair and table""]","63.0","4","300","4.0","4.0","1125.0","1125.0","4.0","1125.0","True","11","38","68","68","6","6","5","5.0","5.0","5.0","4.83","4.67","4.67","True","2","0","2","0","6.0","2"
"Simple room in Downtown Manhattan, close to subway","Private room in the center of Downtown Manhattan, close to everywhere","","Lucy","New York, New York, United States","Hospitable, optimistic and active person. I hope my apartment could be a comfortable habitat for you in New York City.","0.98","0.98","True","4.0","4.0","True","True","Manhattan","Private room","2","1.0","1.0","1.0","[""Air conditioning"", ""Dedicated workspace"", ""Cooking basics"", ""Carbon monoxide alarm"", ""Lock on bedroom door"", ""Wifi"", ""Shampoo"", ""Hangers"", ""Iron"", ""Heating"", ""Kitchen"", ""Hair dryer"", ""Smoke alarm"", ""Essentials"", ""Long term stays allowed""]","100.0","1","1125","1.0","1.0","1125.0","1125.0","1.0","1125.0","True","10","37","67","157","1","1","0","5.0","4.0","5.0","5.0","5.0","5.0","True","4","0","4","0","0.83","6"
"Artful 3-Bedroom Townhouse in Williamsburg","An artful loft in Williamsburg welcomes you.","Williamsburg is the trendiest neighborhood in the world.  Deep Brooklyn experience awaits.   Restaurants shopping nightlife dining culture coffee cafes and all vibes point to Brooklyn.","Rick","CA","","0.87","1.0","True","0.0","0.0","True","True","Brooklyn","Entire home/apt","7","1.0","3.0","4.0","[""Kitchen"", ""Long term stays allowed"", ""Fire extinguisher"", ""Carbon monoxide alarm"", ""Wifi"", ""Smoke alarm"", ""Air conditioning"", ""First aid kit""]","556.0","1","365","3.0","4.0","365.0","365.0","3.4","365.0","True","15","44","74","349","1","1","1","5.0","5.0","5.0","5.0","5.0","5.0","True","1","1","0","0","1.0","2"
"Spacious Apartment next to Central Park.","Explore famous Upper East Side of New York! Central Park is 1 minute walk. <br />Metropolitan museum, Guggenheim museum, movie theaters and other entertainments are right near by! <br />A lot of nice cafes, restaurants, supermarkets and shopping stores are close by! <br /><br />Time square is 20 minutes away by the subway and 10 minutes by the car. <br /><br />Subway station is 5 minutes walk (6 train) and Q train is 10 minutes.<br /><br /><b>The space</b><br />Specious, renovated apartment with all the essentials you will need!<br /><br /><b>Guest access</b><br />Subway and parking are available near by.","Central Park, museums, cafes, restaurants, shopping stores are all near by!","Cleo","New York, New York, United States","","1.0","0.67","True","2.0","2.0","True","True","Manhattan","Entire home/apt","2","1.0","1.0","1.0","[""Bikes"", ""Mosquito net"", ""Wine glasses"", ""Microwave"", ""Hangers"", ""Ethernet connection"", ""Carbon monoxide alarm"", ""Cleaning products"", ""Wifi"", ""Laundromat nearby"", ""Paid parking on premises"", ""Heating"", ""Body soap"", ""Shampoo"", ""Drying rack for clothing"", ""Dishes and silverware"", ""Air conditioning"", ""Essentials"", ""Hot water"", ""Bathtub"", ""Conditioner"", ""Kitchen"", ""Clothing storage"", ""Cooking basics"", ""Dedicated workspace"", ""Hair dryer"", ""Room-darkening shades"", ""Gas stove"", ""Smoke alarm"", ""Dining table"", ""Iron"", ""Freezer"", ""Oven"", ""Paid parking off premises"", ""Refrigerator"", ""Bed linens"", ""Shower gel"", ""Coffee maker""]","429.0","1","5","1.0","1.0","1125.0","1125.0","1.0","1125.0","True","16","46","76","166","1","1","1","5.0","5.0","5.0","5.0","5.0","5.0","False","1","1","0","0","1.0","6"
"Huge Private Bedroom with a Computer Desk","Forget your worries in this spacious and serene space.  We are located in the heart of Chinatown.  Close to all.<br /><br />There are two other long term tenants living in this apartment so you will expect to share bath and kitchen with them. <br /><br />The apartment is huge, peaceful and quiet.  Everyone is quiet and respectful.<br /><br /><b>The space</b><br />The kitchen, bathroom, and living room<br /><br /><b>Guest access</b><br />Basically your room, living room, kitchen and bathroom<br /><br /><b>Other things to note</b><br />1) do not play loud music 					 <br />2) do not place anything on fire escapes					 <br />3) do not put sanitation napkins, rubbish, rags or other obect to the plumbing fixtures such as toilet or sink… etc  Otherwise tenent will pay for repairs of the damages cause to the sewer line.					 <br />4) do not leave personal items in the building hallway. Not even bycicle…do not obstruct the entrance.					 <br />5) no illegal drug usage, marijuana, gambling and ","The area is gentrifying so there are many cafes, restaurants and supermarkets.  Price is super cheap.","Lucy","Merrick, New York, United States","","1.0","1.0","True","4.0","4.0","True","True","Manhattan","Private room","1","1.0","1.0","1.0","[""Dishes and silverware"", ""Cleaning products"", ""Extra pillows and blankets"", ""Air conditioning"", ""Cooking basics"", ""Essentials"", ""Security cameras on property"", ""Long term stays allowed"", ""Shampoo"", ""Body soap"", ""Hot water"", ""Clothing storage"", ""Heating"", ""Lock on bedroom door"", ""Kitchen"", ""TV"", ""Wifi"", ""Smoke alarm"", ""Shower gel"", ""Bed linens""]","64.0","1","365","1.0","1.0","1125.0","1125.0","1.0","1125.0","True","18","18","18","18","3","3","2","5.0","5.0","5.0","5.0","5.0","5.0","True","5","0","5","0","2.81","1"
"Queen’s Room (Room name)","Pase su tiempo en la ciudad relajándose en una cómoda habitación en el corazón de uno de los vencidarios más geniales de Nueva York. Disfrute del fácil y rápido acceso a las mejores partes de la ciudad desde este agradable lugar. Ubicado a 5 min del aeropuerto La Guardia, con diversas rutas de buses y tren a menos de 5 min caminando, es una zona segura y a pocos pasos encontrará diversidad de restaurantes, farmacias, supermercados y mucho más.","","Maria C","US","","0.97","1.0","True","0.0","0.0","True","True","Queens","Private room","2","1.0","1.0","1.0","[""Luggage dropoff allowed"", ""Security cameras on property"", ""HDTV with standard cable"", ""Lock on bedroom door"", ""Radiant heating"", ""Microwave"", ""Pocket wifi"", ""First aid kit"", ""Hangers"", ""Portable fans"", ""Window AC unit"", ""Carbon monoxide alarm"", ""Wifi"", ""Laundromat nearby"", ""Body soap"", ""Shampoo"", ""Free street parking"", ""Essentials"", ""Hot water"", ""Bathtub"", ""Cable TV"", ""Fire extinguisher"", ""Hair dryer"", ""Room-darkening shades"", ""Smoke alarm"", ""Keypad"", ""Iron"", ""Dedicated workspace: office chair and desk"", ""Bed linens"", ""Clothing storage: closet"", ""Coffee maker""]","60.0","1","15","1.0","1.0","15.0","15.0","1.0","15.0","True","3","33","63","63","10","10","9","5.0","5.0","4.5","4.7","5.0","4.8","True","3","0","3","0","10.0","2"
"Exquisite Room in New York City Manhattan! NYC!!","Hello! Welcome to my home! You will be renting 1 private bedroom in a 2 bedroom 1 bathroom apartment.<br /><br />Located on a safe neighborhood with a great location. Just a few steps from 125th Subway Station (A,C,B,D) and Bus Station (M3, M104, M10). <br />It is a good size bedroom with a closet, and great wifi, finished kitchen, and a special shared space to sit watch a movie.<br /><br />Surrounded by restaurants, stores, pharmacy, fast food, laundromat, hospital and more!<br /><br /><b>The space</b><br />- It is a 2 bedroom apartment with 1 shared bathroom. The bedroom doesn't have private bathroom.<br />- Fully equipped kitchen shared with other tenants<br />- Shared fridge with freezer provided<br />- We care about your safety, so a key will be provided so you can lock the bedroom door whenever you leave.<br /><br /><b>Other things to note</b><br />PLEASE NOTE!<br /><br />- The cleaning fee is related to clean your room only and make sure the beddings and towels are clean, fresh ","","Esrom","US","","1.0","0.78","True","3.0","3.0","True","True","Manhattan","Private room","2","1.0","1.0","1.0","[""Hangers"", ""Kitchen"", ""Carbon monoxide alarm"", ""TV"", ""Fire extinguisher"", ""Security cameras on property"", ""Lock on bedroom door"", ""Hair dryer"", ""Cooking basics"", ""Wifi"", ""Heating"", ""Shampoo"", ""Smoke alarm"", ""Air conditioning"", ""Essentials""]","98.0","5","25","2.0","5.0","25.0","25.0","5.0","25.0","True","17","47","77","352","3","3","2","4.67","5.0","4.67","4.33","4.67","5.0","False","2","0","2","0","2.43","5"
"NYC Private Room in Manhattan","Hello! Welcome to my home! You will be renting 1 private bedroom with priva bathroom in a 4 bedroom apartment. Located on a safe neighborhood with a great location. Just a few steps from 135th Subway Station (A,C,B,2,3) and Bus Station (Bx33, M2, M10) and right by a Police Station. <br />It is a good size bedroom with a closet, desk table and great wifi.<br />Surrounded by restaurants, stores, pharmacy, fast food and more!","Every booking is confirmed instantly. Each room is equipped with high speed Wi-Fi, a desk workspace, fresh linens, hangers, and bathroom essentials (towel set, shampoo, body wash). Rooms are professionally cleaned before and after each guest stay. Great for business travelers!<br /><br /><br />Get to Time Square in minutes! <br />New York can be an expensive city, but sleeping shouldn't have to. You'll be near a ton of delicious restaurants and around the corner from some awesome museums.<br /><br />Located in the heart of Harlem, conveniently located within walking distance to the subway. Tons of dining/bar locations in the area. High speed wifi, brand new furniture and kitchen, and hardwood floors. Rooms are professionally cleaned before and after each guest stay. Great for business travelers!","Claudio","US","","1.0","0.82","True","8.0","8.0","True","True","Manhattan","Private room","2","1.0","1.0","1.0","[""Security cameras on property"", ""Lock on bedroom door"", ""Microwave"", ""Hangers"", ""Carbon monoxide alarm"", ""Wifi"", ""Heating"", ""Dishes and silverware"", ""Shampoo"", ""Air conditioning"", ""Free street parking"", ""Essentials"", ""Hot water"", ""Kitchen"", ""Dedicated workspace"", ""Hair dryer"", ""Stove"", ""Smoke alarm"", ""Iron"", ""Oven"", ""Refrigerator"", ""Bed linens"", ""Coffee maker""]","102.0","5","25","2.0","5.0","25.0","25.0","5.0","25.0","True","19","49","79","354","4","4","3","4.25","4.5","4.25","4.25","4.0","3.75","False","7","0","7","0","4.0","6"
"Sunny room 1block to C park 5minutes to Colm UNIV","Hello my name is Bill ,I’m MD , will be more than happy to host you , my general attitude is to treat people the same I would like to treated, my listing located in Upper West side, which know for bustling shopping area vibrant culture, humble abode offers offers you comfortable stay in nice  apartment in the upper west side of Manhattan. The room is stylish, spacious and very cozy. The neighborhood is very safe and beautiful.<br /><br /><b>The space</b><br />It’s spacious apartment offers renovated room and kitchen with AC , and heating 2 shared bathrooms washing machine and dryer, high hygiene room abundance with natural light, the place is spacious so you will feel you have your own suite , my place with 3 easy stair flights ,me or my computer host will always be there to help you if needed I offer my guest early drop off luggage for free<br /><br /><b>Guest access</b><br />All guest have there own key to access the apartment feel free to contact me if you need anything , full acces","Quiet cozy neighborhood close to grocery restaurants and pharmacies Central Park one block (2minutes walking )<br />Few minutes to different subway station 1,2,3 ,b and c which takes you to midtown downtown within 15 minutes soho and every where in the city","Bill","New York, New York, United States","Hi it's Bill! I'm a MD and I will be more than happy to host you in my beautiful apartment. My general attitude is to treat people the same way I would like to be treated. 
My listing is in the upper west side which is know for its vibrant culture! 
Welcome! :)","1.0","1.0","True","3.0","3.0","True","True","Manhattan","Private room","2","2.0","1.0","1.0","[""Extra pillows and blankets"", ""Luggage dropoff allowed"", ""Bikes"", ""Lock on bedroom door"", ""Hot water kettle"", ""Radiant heating"", ""Wine glasses"", ""Toaster"", ""Microwave"", ""First aid kit"", ""Hangers"", ""Lockbox"", ""Long term stays allowed"", ""Carbon monoxide alarm"", ""Washer"", ""Cleaning products"", ""Wifi"", ""Central air conditioning"", ""Laundromat nearby"", ""Body soap"", ""Shampoo"", ""Dishes and silverware"", ""Free street parking"", ""Essentials"", ""Hot water"", ""Bathtub"", ""Conditioner"", ""Safe"", ""Kitchen"", ""Fire extinguisher"", ""Cooking basics"", ""Hair dryer"", ""Room-darkening shades"", ""Gas stove"", ""Smoke alarm"", ""Dishwasher"", ""Dining table"", ""Iron"", ""Freezer"", ""Oven"", ""Refrigerator"", ""Bed linens"", ""Trash compactor"", ""Shower gel"", ""Clothing storage: closet"", ""Free dryer \u2013 In unit"", ""Paid parking garage off premises""]","92.0","1","45","1.0","3.0","1125.0","1125.0","1.0","1125.0","True","8","38","68","68","5","5","4","4.6","4.2","4.8","5.0","5.0","4.6","True","2","0","2","0","5.0","2"
"Bed in Lovely apartment in Manhattan. free parking","This special place is close to everything, making it easy to plan your visit. <br /><br />This twin bed is in the living space. no one is in there so you will have the space all to yourself. it's not entirely private, but I have a space divider you can use for some more privacy.","","Vivian","US","
Hi there!

I'm an information analyst, who loves food, traveling, and fitness. I do a lot of consulting projects for different companies, which keeps my life interesting as I always get to meet new people. 

I've lived around New York my whole life and I would love the opportunity to welcome you into my home as my guests. And only the best for my guests! when you stay with me, you will experience the highest level of quality. you will also get complete privacy and 24/7 security around the complex.","1.0","0.93","True","1.0","1.0","True","True","Manhattan","Shared room","1","1.0","1.0","","[""Kitchen"", ""Carbon monoxide alarm"", ""Fire extinguisher"", ""Washer"", ""Security cameras on property"", ""Dedicated workspace"", ""Free parking on premises"", ""Wifi"", ""Smoke alarm"", ""Air conditioning"", ""First aid kit""]","46.0","1","22","1.0","1.0","1125.0","1125.0","1.0","1125.0","True","2","32","62","62","4","4","2","5.0","4.75","5.0","4.75","4.75","4.5","True","3","0","2","1","3.43","6"
"Brooklyn’s Room (Room name)","Pase su tiempo en la ciudad relajándose en una cómoda habitación en el corazón de uno de los vencidarios más geniales de Nueva York. Disfrute del fácil y rápido acceso a las mejores partes de la ciudad desde este agradable lugar. Ubicado a 5 min del aeropuerto La Guardia, con diversas rutas de buses y tren a menos de 5 min caminando, es una zona segura y a pocos pasos encontrará diversidad de restaurantes, farmacias, supermercados y mucho más.","","Maria C","US","","0.97","1.0","True","0.0","0.0","True","True","Queens","Private room","2","1.0","1.0","1.0","[""Extra pillows and blankets"", ""Luggage dropoff allowed"", ""TV"", ""Security cameras on property"", ""Lock on bedroom door"", ""Microwave"", ""Soap body soap"", ""First aid kit"", ""Hangers"", ""Portable fans"", ""Carbon monoxide alarm"", ""Wifi"", ""Laundromat nearby"", ""Heating"", ""Shampoo"", ""Air conditioning"", ""Free street parking"", ""Essentials"", ""Hot water"", ""Bathtub"", ""Fire extinguisher"", ""Dedicated workspace"", ""Hair dryer"", ""Room-darkening shades"", ""Smoke alarm"", ""Keypad"", ""Iron"", ""Rinse conditioner"", ""Bed linens"", ""Shower gel"", ""Clothing storage: closet"", ""Coffee maker""]","55.0","1","15","1.0","1.0","1125.0","1125.0","1.0","1125.0","True","2","31","61","61","8","8","6","4.88","5.0","4.5","4.38","5.0","5.0","True","3","0","3","0","8.0","2"
"Mahattan’s Room (Room name)","Pase su tiempo en la ciudad relajándose en una cómoda habitación en el corazón de uno de los vencidarios más geniales de Nueva York. Disfrute del fácil y rápido acceso a las mejores partes de la ciudad desde este agradable lugar. Ubicado a 5 min del aeropuerto La Guardia, con diversas rutas de buses y tren a menos de 5 min caminando, es una zona segura y a pocos pasos encontrará diversidad de restaurantes, farmacias, supermercados y mucho más.","","Maria C","US","","0.97","1.0","True","0.0","0.0","True","True","Queens","Private room","3","1.0","1.0","3.0","[""Extra pillows and blankets"", ""Luggage dropoff allowed"", ""Security cameras on property"", ""Lock on bedroom door"", ""Radiant heating"", ""Microwave"", ""Pocket wifi"", ""First aid kit"", ""Hangers"", ""Ethernet connection"", ""Portable fans"", ""Window AC unit"", ""Carbon monoxide alarm"", ""Mini fridge"", ""Cleaning products"", ""Wifi"", ""Laundromat nearby"", ""Body soap"", ""Shampoo"", ""Free street parking"", ""Essentials"", ""Hot water"", ""Bathtub"", ""Cable TV"", ""Clothing storage"", ""Fire extinguisher"", ""Dedicated workspace"", ""Hair dryer"", ""Room-darkening shades"", ""TV with standard cable"", ""Smoke alarm"", ""Keypad"", ""Iron"", ""Rinse conditioner"", ""Bed linens"", ""Coffee maker""]","90.0","1","15","1.0","1.0","1125.0","1125.0","1.0","1125.0","True","10","39","69","69","7","7","5","4.71","4.86","4.71","4.71","4.86","4.71","True","3","0","3","0","7.0","2"
"20 min to Manhathan private room","Right on the heart of Sunnyside/Woodside  very convenient nice walks to any train, supermarket, laundromat in building. Restaurants near by. <br /><br />-We meet and greet everyone in person for the check in for instructions and for you to avoid being lost. <br /><br />-20 min away through train or 15 min Uber ride from Midtown Manhathan where you have the Madam Tussot, Times Square and Broadway shows.<br /><br />-25 min away from UES<br /><br />- close to Long Island railroad where you can go to any of the best beaches in Long Island<br /><br /><b>The space</b><br />You will have your own clean room with a lock.<br /><br />-share bathroom (shared with a lady) <br /><br />-you have your own air conditioner <br />-windows with lots of light and space<br />-No cooking available <br />-Queen bed and personal coffee maker, hair dryer and hangers <br />-No pets,clean, quite it and comfortable white cotton sheets and a blanket. <br />-no smoking or vaping in any of the building premises. I a","Perfect place to relax and sleep while you get to see the entire city of New York. <br />This strategic area of Sunnyside it’s close to absolutely everything New York has to offer. <br /><br />Right on the heart of Sunnyside and very convenient nice walks to any restaurant, supermarket and trains or buses. It’s so close to Manhathan you can even see it from the streets. <br /><br />-20 min away from Central Park where you can rent a bike and get to see the fountain where many movies have been filmed <br />-restaurants close by everything from sushi all the way to Mediterranean and Peruvian <br />-close to Astoria and Brooklyn <br />-1 block away from The 7 train 52nd station. <br />-close to Midtown Manhathan and 35 min from the museum of sex<br />-35 min away from the Metropolitan Museum and 25 min away from Moma 5th Avenue or 15 min away from Moma LIC <br />-Night life events all over and 20 min uber ride from Midtown Manhathan and Brooklyn <br /><br />You can take the train and bus ","Diana","New York, New York, United States","I am a very clean and organized also I love to have a healthy life style and I want respectful people who are going to treat my place like a sanctuary because that’s how I treat my house. 
I am here for anything you need while you stay with us so feel free to reach out for anything and if we can accommodate it we will. 

House rules: 
No kitchen sharing 
No pets 
No guest besides the people who are staying unless they get checking through the app and pay before arrival. (For security reasons we need to check them in through Airbnb) 
Please be quite when entering and going out of the building. 
We are here for you!!!  so please ask any questions to us directly and avoid asking neighbors. Thank you :) 
Bathroom use 20 min max due to sharing ","","","True","1.0","1.0","True","True","Queens","Private room","1","1.0","1.0","1.0","[""Lock on bedroom door"", ""First aid kit"", ""Hangers"", ""Carbon monoxide alarm"", ""Mini fridge"", ""Cleaning products"", ""Wifi"", ""Paid washer \u2013 In building"", ""Laundromat nearby"", ""Heating"", ""Body soap"", ""Shampoo"", ""Host greets you"", ""Air conditioning"", ""Free street parking"", ""Essentials"", ""Hot water"", ""Bathtub"", ""Conditioner"", ""Safe"", ""Fire extinguisher"", ""Clothing storage"", ""Dedicated workspace"", ""Hair dryer"", ""Smoke alarm"", ""Iron"", ""Elevator"", ""Paid parking off premises"", ""Bed linens"", ""Paid dryer \u2013 In building"", ""Shower gel"", ""Coffee maker""]","69.0","3","12","3.0","3.0","12.0","12.0","3.0","12.0","True","12","12","12","12","4","4","3","5.0","5.0","5.0","5.0","5.0","5.0","False","2","0","2","0","3.53","5"
"Heart of Midtown! Spacious Furnished Studio for 3!","This newly renovated studio is perfect. The living space is great for entertaining guests. The kitchen has an abundance of counter space, custom-finished cabinets, and beautiful appliances. Very High Ceilings -Exposed Brick Walls -Very Large Windows with great light. The bathroom also has been recently renovated, with brand new fixtures and vanity, while having a beautiful marble tiling throughout.<br /><br />Located on the second floor of a traditional NYC walk-up building.","This neighborhood is highly sought-after, so don’t hesitate exploring your options here.<br /><br />Midtown Center houses some of Manhattan’s most iconic buildings and attractions with endless possibilities for entertainment. The Rockefeller Center, the Museum of Modern Art, Grand Central Terminal, Radio City Music Hall, Trump Tower, Chrysler Building, and the famous “LOVE” Sculpture on 55th Street and 6th Avenue all conveniently reside in this neighborhood. Believe it or not, these are just a few of the incredible locations that call Midtown Center home.<br /><br />There is so much to explore and admire in this bustling commercial district, and Bryant Park is a must-visit adjacent to the New York Public Library.","Rizalino","PH","","1.0","0.9","True","1.0","1.0","True","True","Manhattan","Entire home/apt","2","1.0","","2.0","[""TV"", ""Hot water kettle"", ""Toaster"", ""Microwave"", ""Long term stays allowed"", ""Carbon monoxide alarm"", ""Wifi"", ""Heating"", ""Dishes and silverware"", ""Private entrance"", ""Air conditioning"", ""Essentials"", ""Hot water"", ""Bathtub"", ""Kitchen"", ""Clothing storage"", ""Cooking basics"", ""Dedicated workspace"", ""Stove"", ""Smoke alarm"", ""Refrigerator"", ""Bed linens"", ""Coffee maker""]","175.0","3","365","3.0","3.0","365.0","365.0","3.0","365.0","True","0","0","0","64","2","2","2","1.0","2.0","1.0","1.0","2.0","1.0","False","1","1","0","0","2.0","6"
"This is a lovely studio in an amazing location","This special place is close to everything, making it easy to plan your visit.  Trains are one block away, amazing food available around the clock.  An arrangement with the Car Service on the first floor to receive any amazon packages or mail prior or during your stay.  Nothing that arrives has ever been lost.  This studio has all new bathroom and kitchen.  If you want to visit the city and enjoy the diversity of El Barrios while keeping your peace and quiet this is the place for you.","","Jose","New Rochelle, New York, United States","","1.0","1.0","True","0.0","0.0","True","True","Manhattan","Entire home/apt","2","1.0","1.0","","[""Kitchen"", ""Long term stays allowed"", ""Carbon monoxide alarm"", ""TV"", ""Fire extinguisher"", ""Security cameras on property"", ""Cooking basics"", ""Cleaning products"", ""Wifi"", ""Central air conditioning"", ""Smart lock"", ""Dishes and silverware"", ""Central heating"", ""Smoke alarm"", ""Essentials"", ""Hot water""]","148.0","1","30","1.0","1.0","30.0","30.0","1.0","30.0","True","12","42","68","68","4","4","2","5.0","5.0","5.0","5.0","5.0","5.0","True","1","1","0","0","3.33","6"
"Art & Plants","Very nice 1 bedroom Apartment next to the subway and 2 blocks from time square, very clean and quiet.<br /><br /><b>The space</b><br />Full apartment, kitchen, private bathroom, outdoor, WiFi","You’ll be in the heart of Manhattan","Lenin","New York, New York, United States","","1.0","1.0","True","2.0","2.0","True","True","Manhattan","Entire home/apt","4","1.0","1.0","1.0","[""Kitchen"", ""Long term stays allowed"", ""Dedicated workspace: table"", ""Cooking basics"", ""Security cameras on property"", ""Hair dryer"", ""Cleaning products"", ""Portable air conditioning"", ""Bed linens"", ""Wifi"", ""Dishes and silverware"", ""Portable heater"", ""Central heating"", ""Essentials""]","245.0","4","365","4.0","4.0","365.0","365.0","4.0","365.0","True","3","3","3","3","2","2","2","4.0","4.5","5.0","4.0","3.5","4.5","True","1","1","0","0","2.0","3"
"Spacious midtown studio with stunning city views","This stunning top-floor studio is located just steps from Grand Central and Bryant Park. This peaceful apartment provides easy access to all of NYC's attractions while being above the hustle & bustle of the city. Enjoy an unobstructed view of the Chrystler building while you relax in the apartment.","","Sahil","New York, New York, United States","","1.0","1.0","True","0.0","0.0","True","True","Manhattan","Entire home/apt","2","1.0","1.0","1.0","[""Kitchen"", ""Long term stays allowed"", ""TV"", ""Dedicated workspace"", ""Wifi"", ""Smoke alarm"", ""Air conditioning""]","173.0","7","365","7.0","7.0","365.0","365.0","7.0","365.0","True","9","9","9","9","1","1","1","5.0","5.0","5.0","5.0","5.0","5.0","False","1","1","0","0","1.0","2"
"Quiet + Calm Oasis a few block from Prospect Park","A calm place to rest away from the energetic city. This space caters to your relaxation. <br /><br />Provided for your leisure are, self help books, crystals, eye pillows, Aromatherapy and Tibetan singing bowls readily available for you to use. <br /><br />Along with a comfy sitting area and a separate desk to work if needed.<br /><br />Although the Apartment is shared, ( owner works from home) You will have full privacy and will not be bothered. As we keep a very chill, quiet and respectful environment.<br /><br /><b>The space</b><br />You will enter a spacious foyer, leading to a full size, eat in shared kitchen. Down the hallway is where the bedrooms are located. A separate shared bathroom with shower and space for your essentials will be provided. Room rental has brand new mattress, empty closet & a shelving unit to store your essentials. (HEPA Air purifier is used in between each guest as well as a full sanatization wipe down will be done)<br /><br /><b>Guest access</b><br />Near ","Lovely Authentic Caribbean restaurants, nice Vegan spots and local favorite eateries. And only a 5 minute walk to Prospect Park ( ice skating in the winter and concerts and kayaking in the summer) Farmers markets on the weekends. 20 minutes to lower Manhattan ( china town and soho) about 30 min to midtown and 45 min Uptown Manhattan. Close to Brooklyn Museum and Botanical Gardens. Hop on the Q train straight to Coney Island for a fun day near the beach.","Lindsey","US","","1.0","1.0","True","1.0","1.0","True","True","Brooklyn","Private room","1","1.0","1.0","1.0","[""Extra pillows and blankets"", ""Luggage dropoff allowed"", ""Security cameras on property"", ""Lock on bedroom door"", ""Free parking on premises"", ""Radiant heating"", ""Toaster"", ""Microwave"", ""First aid kit"", ""Hangers"", ""Portable fans"", ""Carbon monoxide alarm"", ""Cleaning products"", ""Wifi"", ""Laundromat nearby"", ""Paid parking on premises"", ""Body soap"", ""Shampoo"", ""Dishes and silverware"", ""Host greets you"", ""Free street parking"", ""Essentials"", ""Hot water"", ""Conditioner"", ""Kitchen"", ""Fire extinguisher"", ""Cooking basics"", ""Dedicated workspace"", ""Hair dryer"", ""Paid street parking off premises"", ""Smoke alarm"", ""Dining table"", ""Iron"", ""Elevator"", ""Refrigerator"", ""Bed linens"", ""Clothing storage: closet"", ""Coffee maker""]","60.0","1","15","1.0","1.0","1125.0","1125.0","1.0","1125.0","True","4","31","61","118","1","1","1","5.0","5.0","5.0","5.0","5.0","5.0","False","1","0","1","0","1.0","1"
"Welcome to The Gray Experience -NY State of Mind","Make some memories at this unique and family-friendly place. This is a 3 Bedroom 2 full bathroom sleeping 6 with a fully stocked kitchen. Enjoy super fast internet, 65"" TV/ 300 movie option, open entertainment space and all table games you enjoyed as a kid including life size connect four. <br /><br />Thank you for staying with us. Your complementary bottle of wine awaits you<br /><br /><b>The space</b><br />3 cozy comfortable rooms<br /><br /><b>Guest access</b><br />Parking is available","","Anthony","Queens, New York, United States","","0.97","1.0","True","0.0","0.0","True","True","Queens","Entire home/apt","6","2.0","3.0","","[""Air conditioning"", ""Fire extinguisher"", ""BBQ grill"", ""Outdoor furniture"", ""Wifi"", ""Iron"", ""First aid kit"", ""Free parking on premises"", ""TV"", ""Hair dryer"", ""Smoke alarm"", ""Kitchen"", ""Long term stays allowed""]","218.0","1","29","1.0","1.0","29.0","29.0","1.0","29.0","True","15","42","72","347","5","5","5","4.8","4.8","4.4","4.6","4.8","4.8","False","4","1","3","0","5.0","4"
"Brooklyn Oasis","Lovely room in Crown Heights. 25 mins to Manhattan. The apt has easy access to A, C or 4,3  trains making it a perfect stay to get to and from the city. The kitchen is updated with all new appliances and bathroom is equip with all necessities. The bedroom has a beautiful, cozy queen size bed with some amenities for traveling needs as well as a large closet for storage needs. You have access to your own bedroom, kitchen, livingroom, bathroom, and laundry room.","","Olu","Brooklyn, New York, United States","Cool, calm, and collective ","1.0","0.96","True","1.0","1.0","True","True","Brooklyn","Private room","2","1.0","1.0","1.0","[""Extra pillows and blankets"", ""Luggage dropoff allowed"", ""Stainless steel electric stove"", ""TV"", ""Bikes"", ""Lock on bedroom door"", ""Free parking on premises"", ""Wine glasses"", ""Microwave"", ""Central heating"", ""First aid kit"", ""Hangers"", ""Lockbox"", ""Long term stays allowed"", ""Portable fans"", ""Carbon monoxide alarm"", ""Washer"", ""Cleaning products"", ""Wifi"", ""Laundromat nearby"", ""Body soap"", ""Shampoo"", ""Dishes and silverware"", ""Air conditioning"", ""Free street parking"", ""Essentials"", ""Hot water"", ""Bathtub"", ""Conditioner"", ""Kitchen"", ""Cooking basics"", ""Dedicated workspace"", ""Hair dryer"", ""Smoke alarm"", ""Iron"", ""Oven"", ""Refrigerator"", ""Bed linens"", ""Paid dryer \u2013 In building"", ""Shower gel"", ""Clothing storage: wardrobe and closet""]","66.0","1","1125","1.0","1.0","1125.0","1125.0","1.0","1125.0","True","6","36","66","341","4","4","2","5.0","5.0","5.0","5.0","5.0","5.0","False","2","0","2","0","2.86","7"
"Cheerful top Floor (Townhouse) in Bushwick","​Charming 3 Bedroom apartment on the top floor of a townhouse on a tree lined block.<br /><br />Set in a lively neighborhood with restaurants, bars and cafes nearby and 3 delis on the block. Ideal for friends renting an affordable space, people who would like a space to work & relax, or a family who can feel comfortable in a sunny and spacious apartment of a residential neighborhood.<br /><br />8-10 min. walk to the J to lower Manhattan<br />8-10 min. walk to the L to Williamsburg, Union Sq<br />1 block from Irving Sq. park.<br /><br /><b>The space</b><br />Two bedrooms with queen beds, a third bedroom with a single bed and a desk that can be used as an office. A desk can also be added to one of the queen bedrooms upon request. The large open living space has a kitchen, a dining area with a table that seats 6 and a living room with a sofa bed (queen mattress).<br /><br /><b>Guest access</b><br />Accessed through a private entrance & self check-in.<br /><br />Parking on the property ava","","Taryn","New York, New York, United States","","1.0","0.86","True","0.0","0.0","True","True","Brooklyn","Entire home/apt","7","1.0","3.0","4.0","[""Extra pillows and blankets"", ""TV"", ""Paid parking lot on premises \u2013 1 space"", ""Hot water kettle"", ""Wine glasses"", ""Toaster"", ""Microwave"", ""Central heating"", ""Hangers"", ""Ceiling fan"", ""Long term stays allowed"", ""Carbon monoxide alarm"", ""Cleaning products"", ""Wifi"", ""Shampoo"", ""Dishes and silverware"", ""Essentials"", ""Hot water"", ""Bathtub"", ""Kitchen"", ""Fire extinguisher"", ""Cooking basics"", ""Dedicated workspace"", ""Hair dryer"", ""Stove"", ""Sound system"", ""Smoke alarm"", ""Dishwasher"", ""Dining table"", ""Iron"", ""Freezer"", ""Oven"", ""Refrigerator"", ""Bed linens"", ""Shower gel"", ""Smart lock"", ""Coffee maker""]","291.0","3","29","2.0","3.0","29.0","29.0","3.0","29.0","True","9","39","69","69","2","2","1","5.0","5.0","5.0","5.0","4.5","4.5","False","1","1","0","0","1.62","3"
"project brooklyn","Kick back and relax in this calm, stylish space<br /><br /><b>The space</b><br />420 friendly","","Jose","North Miami Beach, Florida, United States","","1.0","1.0","True","3.0","3.0","True","True","Brooklyn","Private room","2","1.0","1.0","1.0","[""Lock on bedroom door"", ""Free parking on premises"", ""Microwave"", ""Central heating"", ""Hangers"", ""Lockbox"", ""Long term stays allowed"", ""Cleaning products"", ""Wifi"", ""Board games"", ""Central air conditioning"", ""Body soap"", ""Dishes and silverware"", ""Shampoo"", ""Free street parking"", ""Essentials"", ""Hot water"", ""Bathtub"", ""Conditioner"", ""Safe"", ""Kitchen"", ""Cooking basics"", ""Dedicated workspace: desk"", ""Room-darkening shades"", ""Dining table"", ""Iron"", ""Clothing storage: closet""]","95.0","3","1125","3.0","3.0","1125.0","1125.0","3.0","1125.0","True","0","27","57","57","2","2","0","5.0","4.5","5.0","5.0","5.0","5.0","False","4","0","4","0","1.5","7"
"Somewhere Silk King Bed Suite ✪ Waterline views","Welcome to your Downtown Hideaway!<br />Located in the heart of the financial district along the seaport on wall street, everything that the city has to offer is located footsteps away. Our Somewhere Silk Suite offers everything you need for a nice trip to visit the city or long term work stays for our members. We are in the main central hub minutes away from the world trade center and footsteps away from Pier 17 and all your coastal views. Comfortable cozy and chic for a premium stay.<br /><br /><b>The space</b><br />Your Private suite will have all of the following included:<br /><br />       ✔ Hi Speed Wi-fi<br />       ✔ California King Bed<br />       ✔ Two Air mattresses <br />       ✔ Kitchen ware + Dishes & Utensils<br />       ✔ Laundry inside building<br />       ✔ Entertainment Center<br />       ✔ 360 Degrees Downtown Rooftop Views<br />       ✔ Toiletries<br />       ✔ Fresh Towels<br />       ✔ Coffee  steps away (Dunkin & Starbucks) <br />       ✔ Gym<br />       ✔ Ambia","Welcome to the treasure of Seaport & Financial District. <br />Located with every attraction or desired local food spot that you may desire. Here is a small list of the sites footsteps away around:<br /><br />✔ World Trade Center<br />✔ Seaport<br />✔ Pier 17 (Concerts)<br />✔ ipic Movie theater<br />✔ Battery Park<br />✔ Brooklyn Bridge<br /><br /><br />Welcome to food central! Everything is primarily located around within footsteps from your stay. Here is a small list of local food goodies and restaurants not far away.<br /><br />✔ Little Italy Pizza<br />✔Justins Pizza (rivals)<br />✔ Vanessa's Dumplings<br />✔ PF Changs to go<br />✔Taco Bell<br />✔ Brooklyn Chopped Cheese<br />✔ Tacos vs Burritos<br />✔ Industry Kitchen<br />✔ Il Brigante<br />✔ Starbucks<br />✔ Chopt Salads","Jean","Sheridan, Wyoming, United States","","1.0","0.91","True","2.0","2.0","True","True","Manhattan","Entire home/apt","4","1.0","","1.0","[""Cooking basics"", ""Outdoor furniture"", ""Ethernet connection"", ""Pool table"", ""Fire extinguisher"", ""Dryer"", ""Smoke alarm"", ""Dedicated workspace"", ""Gym"", ""Washer"", ""Hot water"", ""Free parking on premises"", ""TV"", ""Lockbox"", ""Elevator"", ""Hangers"", ""First aid kit"", ""Roku Bluetooth sound system"", ""Kitchen"", ""Long term stays allowed"", ""Air conditioning"", ""BBQ grill"", ""Carbon monoxide alarm"", ""Shampoo"", ""Heating"", ""Wifi"", ""Essentials""]","226.0","1","1125","1.0","28.0","95.0","1125.0","7.9","875.7","True","3","33","63","90","2","2","2","5.0","5.0","5.0","5.0","5.0","5.0","False","1","1","0","0","2.0","2"
"Lovely 3-bedroom, 1.5-baths apartment in Bklyn","Make some memories at this unique and family-friendly place.","","Eli","New York, New York, United States","","1.0","1.0","True","0.0","0.0","True","True","Brooklyn","Entire home/apt","4","1.5","3.0","","[""Extra pillows and blankets"", ""TV"", ""Security cameras on property"", ""Toaster"", ""Microwave"", ""Central heating"", ""Free washer \u2013 In unit"", ""Long term stays allowed"", ""Carbon monoxide alarm"", ""Window AC unit"", ""FRIGIDAIRE refrigerator"", ""Cleaning products"", ""Wifi"", ""Body soap"", ""Dishes and silverware"", ""Essentials"", ""Hot water"", ""Kitchen"", ""Fire extinguisher"", ""Cooking basics"", ""Portable air conditioning"", ""Smoke alarm"", ""Dining table"", ""FRIGIDAIRE gas stove"", ""Free dryer \u2013 In unit"", ""Portable heater""]","368.0","2","365","2.0","2.0","1125.0","1125.0","2.0","1125.0","True","16","46","76","351","6","6","4","4.67","4.5","4.83","5.0","5.0","4.5","True","1","1","0","0","4.39","6"
"Spacious Shared Space at Midtown West Manhattan","Welcome to my COVID-19 SANITIZED apartment right off CENTER PARK. <br /><br />This apartment is located in Midtown West Manhattan within walking distance to Time Square/Central Park/Major Subway Stations. It’s also right next to many Broadway theaters, restaurants and bars. Great amenity and modern decoration. The whole group will enjoy easy access to everything from this centrally located place.<br /><br /><b>The space</b><br />This apartment is in a well-maintained ELEVATOR building.<br /><br />This is a shared space in the one-bedroom apartment. There is a full-size bed for you in the back of the room. The mattress is comfy, so you can have a good rest after your long-day. The single bed outside is not for the guests. There is a screen between two beds, so you will have some certain of privacy. I welcome both male and female, but there cannot be any hooking ups since there is a shared space. <br /><br />You also have the access to the shared kitchen and shared bathroom. I provide fr","This apartment is at the center of Manhattan and the most desirable neighborhood - Midtown West. It's steps away from all the Broadway Theaters, restaurants and bars. I can't emphasize how great the location is. You will know after you experience it personally.","Lisa","CN","","1.0","1.0","True","1.0","1.0","True","True","Manhattan","Shared room","2","1.0","1.0","","[""Baking sheet"", ""Security cameras on property"", ""Hot water kettle"", ""Radiant heating"", ""Toaster"", ""Microwave"", ""First aid kit"", ""Single level home"", ""Hangers"", ""Long term stays allowed"", ""Carbon monoxide alarm"", ""Cleaning products"", ""Wifi"", ""Paid washer \u2013 In building"", ""Body soap"", ""Shampoo"", ""Dishes and silverware"", ""Air conditioning"", ""Stainless steel oven"", ""Essentials"", ""Hot water"", ""Bathtub"", ""Conditioner"", ""Kitchen"", ""Cooking basics"", ""Hair dryer"", ""Stove"", ""Smoke alarm"", ""Iron"", ""Waterfront"", ""Elevator"", ""Refrigerator"", ""Bed linens"", ""Paid dryer \u2013 In building"", ""Coffee maker""]","114.0","1","365","1.0","1.0","365.0","365.0","1.0","365.0","True","21","51","81","81","2","2","2","5.0","4.5","4.5","4.5","5.0","4.5","False","1","0","0","1","2.0","1"
"Beautiful private bedroom in Alphabet City","Beautiful private room in Alphabet City, on a bustling brunch corner. You will enjoy easy access to everything from this centrally located place. Close to public transport and within walking distance of some of the best food and drinks in the city. You will also be next to Williamsburg Bridge, so within a 20 minute walk across the bridge to Williamsburg.<br /><br />The room comes with a tv and full bed. You have access to the common areas such as the living room and kitchen. And a shared bathroom.","","Irin","New York, New York, United States","26 year old medical student and travel enthusiast","","","True","0.0","0.0","True","True","Manhattan","Private room","2","1.0","1.0","","[""Air conditioning"", ""BBQ grill"", ""Security cameras on property"", ""Carbon monoxide alarm"", ""Lock on bedroom door"", ""Keypad"", ""Fire extinguisher"", ""TV"", ""Wifi"", ""Smoke alarm"", ""Kitchen"", ""Long term stays allowed""]","125.0","1","30","1.0","1.0","30.0","30.0","1.0","30.0","True","11","41","71","346","1","1","1","5.0","4.0","5.0","5.0","5.0","4.0","True","1","0","1","0","1.0","6"
"2-Bedroom Penthouse in Beautiful Victorian","Enjoy all that New York City has to offer, then retreat to a beautiful and calm oasis in beautiful  Ditmas Park, Brooklyn. The express bus to Manhattan is half a block away, while the subway is a 5-minute walk. Courtelyou Road is just down the street, with stores and restaurants galore. Come and experience the best of both worlds: the hustle-bustle of NYC and the slower pace and friendly vibe of Victorian Brooklyn.<br /><br /><b>The space</b><br />Two bedrooms: the front bedroom has a queen bed, and the rear has two beds, a full and a twin. The apartment includes a full kitchen including refrigerator, dishwasher, stove/oven, and microwave. There is also a washer/dryer in the apartment.<br /><br /><b>Guest access</b><br />Ditmas Park is a beautiful area for walking, and free parking is easy to find.","Ditmas Park Brooklyn is a neighborhood full of Victorian homes with grand porches and spacious yards. Restaurants and cafes, along with grocery and drug stores, abound in its business district. Transportation to/from Manhattan and the rest of Brooklyn is a 5-minute walk from our house.<br /><br />https://en.wikipedia. org/wiki/Ditmas_Park,_Brooklyn","Lisa","US","","1.0","1.0","True","0.0","0.0","True","True","Brooklyn","Entire home/apt","4","1.0","2.0","","[""Extra pillows and blankets"", ""Luggage dropoff allowed"", ""TV"", ""Security cameras on property"", ""Keurig coffee machine"", ""Wine glasses"", ""Microwave"", ""First aid kit"", ""Hangers"", ""Free washer \u2013 In unit"", ""Ceiling fan"", ""Long term stays allowed"", ""Carbon monoxide alarm"", ""Stainless steel stove"", ""Cleaning products"", ""Wifi"", ""Heating"", ""Body soap"", ""Shampoo"", ""Dishes and silverware"", ""Stainless steel oven"", ""Free street parking"", ""Essentials"", ""Hot water"", ""Bathtub"", ""Conditioner"", ""Kitchen"", ""Fire extinguisher"", ""Cooking basics"", ""Dedicated workspace"", ""Hair dryer"", ""Smoke alarm"", ""Keypad"", ""Iron"", ""Freezer"", ""Refrigerator"", ""Bed linens"", ""Free dryer \u2013 In unit"", ""Coffee maker"", ""Clothing storage: closet and dresser""]","196.0","2","365","2.0","2.0","1125.0","1125.0","2.0","1125.0","True","10","34","64","335","1","1","1","5.0","5.0","5.0","5.0","5.0","5.0","False","1","1","0","0","1.0","2"
"Tranquil Haven in the center of Queens","Enjoy a stylish experience at this centrally-located stay. Situated in lovely rego park close to the subway, shops, Queens center mall and restaurants. The train into the city is conveniently a 5 minute walk  and a 15 min ride to the city. We are really committed to providing a sanitized and clean space, with Lysol, hand sanitizer and masks within easy reach. Enjoy a full coffee bar downstairs! a small cozy balcony, a piano, and a clean bathroom. For all guests: Proof of COVID vaccine required!<br /><br /><b>The space</b><br />Small residential building , safe neighborhood, close to wood haven blvd. the apartment is a duplex where the kitchen coffee bar dining area balcony and big tv are all on the first floor. The two bedrooms are on the second floor along with the bathroom.<br /><br /><b>Guest access</b><br />Livin room , coffee Bar , kitchen, balcony and piano<br /><br /><b>Other things to note</b><br />All guests must show vaccinations card before checking in","Close to subway, 3 big shopping centers and malls. Flushing park. La Guardia Airport, city field stadium.museum. Also a big park close by!","Jesus & Bell","Queens, New York, United States","","1.0","0.97","True","1.0","1.0","True","True","Queens","Private room","1","1.0","1.0","1.0","[""Extra pillows and blankets"", ""Baking sheet"", ""Luggage dropoff allowed"", ""Security cameras on property"", ""Lock on bedroom door"", ""Free parking on premises"", ""Hot water kettle"", ""Private patio or balcony"", ""Wine glasses"", ""Toaster"", ""Microwave"", ""Central heating"", ""First aid kit"", ""Hangers"", ""Ethernet connection"", ""Lockbox"", ""Long term stays allowed"", ""Carbon monoxide alarm"", ""Piano"", ""Cleaning products"", ""Wifi"", ""Central air conditioning"", ""Laundromat nearby"", ""Body soap"", ""Shampoo"", ""Dishes and silverware"", ""Free street parking"", ""Essentials"", ""Hot water"", ""Conditioner"", ""Kitchen"", ""Cable TV"", ""Cooking basics"", ""Dedicated workspace"", ""Hair dryer"", ""Rice maker"", ""Stove"", ""Paid street parking off premises"", ""Smoke alarm"", ""Dining table"", ""Iron"", ""Freezer"", ""52\"" HDTV with standard cable, Netflix"", ""Refrigerator"", ""Bed linens"", ""Trash compactor"", ""Shower gel"", ""Clothing storage: closet"", ""Coffee maker""]","54.0","4","300","4.0","4.0","1125.0","1125.0","4.0","1125.0","True","8","38","68","343","6","6","3","4.83","5.0","5.0","5.0","4.5","4.67","False","2","0","2","0","6.0","2"
"Trendy, 1Bedroom apt. North side of Williamsburg.","Exclusive one bedroom apartment, full amenities and private courtyard in the rear. This beautiful  apartment is on North 6th street in the trendy Williamsburg area. There is an array of multicultural restaurants and cafe’s all around you. You are walking distance to Bedford Avenue and you will also be 1 block away from the L train. It is a 5 min ride into Manhattan. Whether it be a great stay in Williamsburg or a Broadway show in the Big Apple. Everything is at your fingertips at this location.","You will be in the heart of North Williamsburg. 3 short blocks to Bedford Ave. 1 block to the L train. 5 min train ride in to Manhattan.","Kris","Brooklyn, New York, United States","","1.0","1.0","True","1.0","1.0","True","True","Brooklyn","Entire home/apt","3","1.0","1.0","1.0","[""Extra pillows and blankets"", ""GE monogram  refrigerator"", ""Security cameras on property"", ""Microwave"", ""Central heating"", ""First aid kit"", ""Hangers"", ""Free washer \u2013 In unit"", ""Long term stays allowed"", ""Carbon monoxide alarm"", ""Window AC unit"", ""Cleaning products"", ""HDTV with Apple TV"", ""Wifi"", ""Dishes and silverware"", ""Private entrance"", ""Stainless steel oven"", ""Free street parking"", ""Essentials"", ""Hot water"", ""Stainless steel gas stove"", ""Kitchen"", ""Fire extinguisher"", ""Cooking basics"", ""Hair dryer"", ""Room-darkening shades"", ""Smoke alarm"", ""Dishwasher"", ""Private fenced garden or backyard"", ""Iron"", ""Freezer"", ""Bed linens"", ""Free dryer \u2013 In unit"", ""Coffee maker"", ""Outdoor dining area"", ""Clothing storage: closet and dresser""]","260.0","3","365","3.0","3.0","1125.0","1125.0","3.0","1125.0","True","13","43","73","348","3","3","3","5.0","5.0","5.0","5.0","5.0","5.0","True","1","1","0","0","3.0","1"
"💥Experience NYC🗽Spacious Brooklyn  Apartment💥","The whole group will enjoy easy access to everything from this centrally located place. <br /><br />Walking distance to Prospect Park and King's Theater.<br />Minutes from Manhattan.<br />Public transportation walking distance.<br />Bars, lounges, museums, plenty to do.<br /><br /><b>The space</b><br />People call the place ""zen"".<br />Well let front apartment with a neighborhood view.<br />High ceilings.<br />Cool vintage pre-war details. <br />Plenty of space.","Enjoy easy access to everything from this centrally located place.<br /><br />Located in Little Caribbean Brooklyn.  Prospect Park is in walking distance.  20 minutes from Manhattan.  Right next to the Q and B train. 20 minute subway ride or drive to Coney Island amusement park and beach. Minutes to the Barclay's Center home to the Brooklyn Nets and The Kings Theater a 10 minute walk.<br /><br />Bars and lounges near by.","Terry","US","","1.0","0.95","True","0.0","0.0","True","True","Brooklyn","Entire home/apt","6","1.0","2.0","3.0","[""Extra pillows and blankets"", ""Baking sheet"", ""TV"", ""Hot water kettle"", ""Echo sound system"", ""Wine glasses"", ""Toaster"", ""Microwave"", ""Central heating"", ""First aid kit"", ""Hangers"", ""Ceiling fan"", ""Portable fans"", ""Carbon monoxide alarm"", ""Cleaning products"", ""Record player"", ""Wifi"", ""Board games"", ""Laundromat nearby"", ""Dishes and silverware"", ""Air conditioning"", ""Dove body soap"", ""Essentials"", ""Free street parking"", ""Bathtub"", ""Kitchen"", ""Fire extinguisher"", ""Cooking basics"", ""Dedicated workspace"", ""Hair dryer"", ""Room-darkening shades"", ""Stove"", ""Rice maker"", ""Smoke alarm"", ""Dining table"", ""Iron"", ""Freezer"", ""Oven"", ""Elevator"", ""Refrigerator"", ""Bed linens"", ""Shower gel"", ""Clothing storage: closet""]","193.0","1","7","1.0","1.0","1125.0","1125.0","1.0","1125.0","True","1","18","48","127","2","2","2","4.5","4.5","5.0","5.0","4.5","4.5","False","2","2","0","0","2.0","2"
"1-Bedroom Sanctuary in Greenpoint","Escape the noise of the city in this spacious, serene, mid-century modern space.","","Rebecca","New York, New York, United States","Graphic Designer living between NYC, Mexico City and Sydney. ","0.91","1.0","True","1.0","1.0","True","True","Brooklyn","Entire home/apt","3","1.0","1.0","1.0","[""Extra pillows and blankets"", ""Baking sheet"", ""Luggage dropoff allowed"", ""Hot water kettle"", ""Clothing storage: dresser"", ""Wine glasses"", ""Toaster"", ""Central heating"", ""Hangers"", ""Long term stays allowed"", ""Carbon monoxide alarm"", ""Cleaning products"", ""Record player"", ""Wifi"", ""Laundromat nearby"", ""Body soap"", ""Shampoo"", ""Dishes and silverware"", ""Air conditioning"", ""Free street parking"", ""Essentials"", ""Hot water"", ""Kitchen"", ""Fire extinguisher"", ""Cooking basics"", ""Dedicated workspace"", ""Hair dryer"", ""Sound system"", ""Smoke alarm"", ""Dining table"", ""Oven"", ""Refrigerator"", ""Bed linens"", ""Shower gel"", ""Coffee maker"", ""Patio or balcony""]","300.0","1","90","1.0","1.0","90.0","90.0","1.0","90.0","True","22","24","24","151","2","2","2","5.0","4.5","5.0","4.5","5.0","4.5","True","1","1","0","0","2.0","2"
"Modern house in Maspeth, well-cared backyard","2 bedrooms unit in lower floor, separate entrance with professional designed shared backyard, 2 minutes walk to huge outdoor sport park(cross the bridge), and McDonald’s only one block away, Q58/Q67 buses to trans. Easy street parking, close to Brooklyn and Long Island city, 15mins driving to Manhattan.","","Yuan Yuan","US","","1.0","1.0","True","1.0","1.0","True","True","Queens","Entire home/apt","4","1.0","2.0","2.0","[""Hangers"", ""Keypad"", ""Kitchen"", ""Long term stays allowed"", ""TV"", ""Hair dryer"", ""Wifi"", ""Heating"", ""Private entrance"", ""Smoke alarm"", ""Air conditioning"", ""Essentials"", ""Hot water""]","180.0","1","1125","1.0","1.0","1125.0","1125.0","1.0","1125.0","True","14","44","74","101","1","1","1","5.0","5.0","5.0","5.0","5.0","5.0","True","1","1","0","0","1.0","2"
"Lovely private bedroom in Astoria","An ideal resting place in the heart of Astoria, room with a nice view of the neighborhood, plus the queen bed to ensure the finest relaxation and comfort during your stay. Astoria Park is only two blocks away, coffee shops, restaurants, and public transportation all around this location.<br /><br /><b>The space</b><br />Guest are allowed to use the fridge.<br /><br />I ask my guest to please do not move my staff around, use what is in the room, remember you're renting  a bedroom, you can use the bath and fridge! Thank you all.<br /><br /><b>Other things to note</b><br />City's noisy hours by the Law during the week are from 9 pm to 7 am.<br />Saturday from 10 pm to 8 am.<br />Sundays from 9 p to 7 am.<br /><br />I ask my guest to please do not move my staff around, use what is in the room, remember you are booked a room and you can use the bath and fridge! Thank you all.<br /><br />IMPORTANT<br />The use of the A.C is free when you are in.<br /><br />NOTE THAT YOU WILL BE CHARGED $10 P","Astoria Park is the best including the view of the city of Manhattan.","Martin & Soledad","New York, New York, United States","Friendly ","1.0","0.94","True","1.0","1.0","True","True","Queens","Private room","2","1.0","1.0","1.0","[""Conditioner"", ""Long term stays allowed"", ""Carbon monoxide alarm"", ""Fire extinguisher"", ""Lock on bedroom door"", ""Refrigerator"", ""Wifi"", ""Smart lock"", ""Smoke alarm"", ""First aid kit"", ""Air conditioning"", ""Essentials""]","70.0","1","1125","1.0","1.0","1125.0","1125.0","1.0","1125.0","True","14","44","67","342","5","5","5","5.0","5.0","4.8","5.0","4.4","4.6","False","2","0","2","0","5.0","5"
"Lovely Cozy Room!","Hey friends! <br /><br />Apartment type: Shared with multiple Airbnb Rooms <br /><br />Room: Private bedroom and a shared bathroom<br /><br />Location: 5 minute walk to Subway - Close to Manhattan!<br /><br />Restaurants & Stores: Anything you need is walking distance. <br /><br />Parking: Free street parking available. No private parking provided.<br /><br />No need to keep searching- book with us you won’t regret it :)","","Brenda","Lutz, Florida, United States","Hey friends. My name is Brenda. I’m attentive with your needs, quick to respond, and ready to be your 5 start host! :) ","0.99","1.0","True","17.0","17.0","True","True","Queens","Private room","2","1.0","1.0","","[""Iron"", ""TV"", ""Carbon monoxide alarm"", ""Hair dryer"", ""Wifi"", ""Smoke alarm"", ""Air conditioning"", ""Essentials""]","61.0","1","10","1.0","1.0","1125.0","1125.0","1.0","1125.0","True","9","39","69","344","4","4","3","4.0","3.25","4.25","4.0","4.0","4.25","True","17","0","17","0","2.93","2"
"*NEW* Cozy 2 bedroom apt in Woodside, Queens","Hi :) My husband and I host this beautiful, family-friendly 2 BR Apartment in a quiet residential neighborhood of Woodside, NY.<br /><br />Taxi rides to the city and Brooklyn are cheap and affordable - It takes you only 20min to get to these places. Bus Q47 is right in front of the house.<br /><br /><b>The space</b><br />This is a cozy ,newly renovated apartment with 2 bedroom 1 bathroom, sofa bed in living room for extra space. There’s a full kitchen, dining area, beautiful living room, full bathroom. <br />***It's a ground-floor apartment of a multi-family home with private entrance in the front***<br /><br />The supermarkets, pharmacies, restaurants, bars, Laundry, Banks, Bars, Pizzeria and Delis are in walking distance. Fresh towels & basic toiletries are provided.<br /><br /><b>Guest access</b><br />There is no shared space in the apartment - You will have it ALL to yourself! Entire Apartment, Bathroom, Living Room, and a Kitchen during your stay.<br /><br />Private entrance - gue","Street parking is available as well as excellent access to multiple bus lines and subway.","Jing","Queens, New York, United States","Hi, my name is Jing. I and my husband Wei have lived in nyc for more than 10 years now. We love travel and eating - message me if you want recommendations for restaurant!","1.0","0.95","True","0.0","0.0","True","True","Queens","Entire home/apt","4","1.0","2.0","3.0","[""Extra pillows and blankets"", ""Luggage dropoff allowed"", ""Security cameras on property"", ""Hot water kettle"", ""Radiant heating"", ""Wine glasses"", ""Toaster"", ""Microwave"", ""First aid kit"", ""Single level home"", ""Long term stays allowed"", ""Portable fans"", ""Window AC unit"", ""Carbon monoxide alarm"", ""Cleaning products"", ""Wifi"", ""Laundromat nearby"", ""Body soap"", ""Shampoo"", ""Dishes and silverware"", ""Private entrance"", ""Stainless steel oven"", ""Free street parking"", ""Essentials"", ""Hot water"", ""Stainless steel gas stove"", ""Kitchen"", ""Cooking basics"", ""Dedicated workspace"", ""Hair dryer"", ""Smoke alarm"", ""Keypad"", ""Dining table"", ""Freezer"", ""Refrigerator"", ""Pour-over coffee"", ""Shower gel"", ""50\"" HDTV with Roku"", ""Coffee maker""]","94.0","2","1125","1.0","2.0","1125.0","1125.0","2.0","1125.0","True","2","8","34","34","3","3","3","3.67","4.67","4.67","3.67","4.67","3.67","False","1","1","0","0","3.0","2"
"A perfect little place in Park Slope, Brooklyn","","","Frances","Queens, New York, United States","","1.0","1.0","True","0.0","0.0","True","True","Brooklyn","Entire home/apt","4","1.0","1.0","1.0","[""Extra pillows and blankets"", ""Children\u2019s books and toys for ages 0-2 years old, 2-5 years old, 5-10 years old, and 10+ years old"", ""Luggage dropoff allowed"", ""TV"", ""Wine glasses"", ""Microwave"", ""Paid parking lot on premises \u2013 10 spaces"", ""First aid kit"", ""Hangers"", ""Lockbox"", ""Ceiling fan"", ""Carbon monoxide alarm"", ""Cleaning products"", ""Wifi"", ""Board games"", ""Laundromat nearby"", ""Heating"", ""Shampoo"", ""Dishes and silverware"", ""Air conditioning"", ""Dove body soap"", ""Essentials"", ""Hot water"", ""Conditioner"", ""Kitchen"", ""Fire extinguisher"", ""Cooking basics"", ""Dedicated workspace"", ""Hair dryer"", ""Room-darkening shades"", ""Gas stove"", ""Smoke alarm"", ""Dining table"", ""Iron"", ""Freezer"", ""Oven"", ""Refrigerator"", ""Bed linens"", ""Clothing storage: wardrobe and closet"", ""Coffee maker""]","207.0","1","25","1.0","1.0","1125.0","1125.0","1.0","1125.0","True","5","26","56","145","7","7","4","5.0","4.86","5.0","4.86","4.71","5.0","False","1","1","0","0","5.0","2"
"Lucys place","Take it easy at this unique and tranquil getaway.","","Luz","US","","0.9","0.67","True","0.0","0.0","True","True","Manhattan","Private room","1","1.0","1.0","1.0","[""Kitchen"", ""Long term stays allowed"", ""TV"", ""Washer"", ""Security cameras on property"", ""Lock on bedroom door"", ""Wifi"", ""Smoke alarm"", ""Air conditioning""]","65.0","1","365","1.0","1.0","365.0","365.0","1.0","365.0","True","30","60","90","365","3","3","3","5.0","5.0","5.0","5.0","5.0","5.0","False","1","0","1","0","3.0","2"
"Lovely private room in the Bronx","Kick back and relax in this calm, stylish space in a central area of the Bronx. Near the Botanical Garden, Montefiore Medical Center and Metro North.","","Marcos","US","","0.7","1.0","True","0.0","0.0","True","True","Bronx","Private room","2","1.0","1.0","1.0","[""Kitchen"", ""Fire extinguisher"", ""TV"", ""Security cameras on property"", ""Lock on bedroom door"", ""Wifi"", ""Paid parking on premises"", ""Smoke alarm"", ""Air conditioning"", ""First aid kit""]","60.0","1","3","1.0","1.0","3.0","3.0","1.0","3.0","True","29","59","89","89","2","2","0","5.0","5.0","5.0","5.0","5.0","5.0","False","1","0","1","0","1.36","2"
"Functional 1 BR Accommodation in the East Village","Great pied-a-terre in the East village. <br /><br />Very functional with one separate bedroom. 2 bathrooms. Well equipped kitchen. One living room with work station / and piano. <br /><br />5-10min walk to Union Square. Lot of restaurants, bars, grocery stores nearby.","","Quentin","New York, New York, United States","Leave in NYC for work. Was previously living in London and Paris. Love visiting new cities.","1.0","0.5","True","0.0","0.0","True","True","Manhattan","Entire home/apt","2","2.0","1.0","1.0","[""Hot water kettle"", ""Microwave"", ""Central heating"", ""Hangers"", ""Ethernet connection"", ""Long term stays allowed"", ""Mini fridge"", ""Piano"", ""Cleaning products"", ""Wifi"", ""Body soap"", ""Shampoo"", ""Dishes and silverware"", ""Essentials"", ""Bathtub"", ""Conditioner"", ""Kitchen"", ""Cooking basics"", ""Dedicated workspace"", ""Room-darkening shades"", ""Dishwasher"", ""Freezer"", ""Oven"", ""Shower gel"", ""Clothing storage: closet"", ""Coffee maker""]","179.0","4","365","4.0","4.0","365.0","365.0","4.0","365.0","True","0","0","0","0","1","1","1","5.0","4.0","5.0","5.0","5.0","5.0","False","1","1","0","0","1.0","8"
"Lush 2-Bedroom Condo near Prospect Park","9 minutes to get inside Prospect Park<br />18 minutes to the Barclays Center<br /><br />Walk right to the train station<br />Or get an Uber quickly<br /><br />This 2 bedroom Condo has a modern Boho style. Everything you need is nearby!<br />The open living and kitchen counter area is the best place to eat, socialize, or do some work with our 5G WiFi<br /><br />Washer and dryer in unit makes long stays simple and convenient. <br /><br />Government ID is required at check in.<br />Only guests in reservation may be on premises after 10pm.","","Derek","New York, New York, United States","","1.0","0.96","True","6.0","6.0","True","True","Brooklyn","Entire home/apt","4","1.0","2.0","2.0","[""LG Bluetooth sound system"", ""Luggage dropoff allowed"", ""TV"", ""Hot water kettle"", ""Radiant heating"", ""Pack \u2019n play/Travel crib"", ""Microwave"", ""Bidet"", ""First aid kit"", ""Hangers"", ""Ethernet connection"", ""Carbon monoxide alarm"", ""High chair"", ""Washer"", ""Cleaning products"", ""Wifi"", ""Dishes and silverware"", ""Dryer"", ""Air conditioning"", ""Stainless steel oven"", ""Essentials"", ""Hot water"", ""Free street parking"", ""Kitchen"", ""Fire extinguisher"", ""Cooking basics"", ""Dedicated workspace"", ""Hair dryer"", ""Gas stove"", ""Smoke alarm"", ""Dishwasher"", ""Iron"", ""Refrigerator"", ""Pour-over coffee"", ""Bed linens"", ""Coffee maker""]","137.0","4","26","4.0","4.0","1125.0","1125.0","4.0","1125.0","True","2","30","30","30","4","4","4","5.0","5.0","5.0","5.0","5.0","5.0","False","5","2","3","0","4.0","3"
"lovely  studio with 1bedroom 10 min to jfk","Great place<br />you will enjoy staying in a beautiful basement <br /><br />close to Resort world casino and race track <br />close to green acres mall <br />close air train to JFK airport <br />close bus transportation Q111  Q113 Q114<br />close to train E and J<br />close to York college<br /><br /><b>Guest access</b><br />street parking","","Maria","New York, New York, United States","hosted by Maria ","1.0","1.0","True","0.0","0.0","True","True","Queens","Entire home/apt","3","1.0","1.0","3.0","[""pantene shampoo"", ""Security cameras on property"", ""Hot water kettle"", ""Smoke alarm"", ""Dishes and silverware"", ""Cleaning products"", ""Extra pillows and blankets"", ""TV"", ""Clothing storage: closet"", ""Refrigerator"", ""Lockbox"", ""Dining table"", ""Microwave"", ""Long term stays allowed"", ""Radiant heating"", ""Cleaning before checkout"", ""Carbon monoxide alarm"", ""Free street parking"", ""dove body soap"", ""Private entrance"", ""Iron"", ""Luggage dropoff allowed"", ""Wifi"", ""Essentials""]","75.0","2","1125","5.0","5.0","1125.0","1125.0","5.0","1125.0","True","13","43","73","348","2","2","1","4.5","4.5","5.0","5.0","5.0","4.5","True","1","1","0","0","1.67","2"
"NYC Entire Apt•CozyAstoria/5min-City/5min-LGA","Located in the heart of Astoria , unwind and enjoy the famous Astoria neighborhood and it’s quick access to Manhattan NYC (4 subway stops to Central Park). <br /><br />* 5 minutes away from Big🍎 <br />* 5 minute drive from La Guardia Airport (LGA)<br />* Walking distance to Astorias top restaurants, shops ,grill bars , train ,and sightseeing’s.<br />* 5 minute WALK from Astoria Park. Baseball, tenis , basketball, skatepark, play group ,track and NYC famous Astoria pool<br />* Wifi included <br />* 1 block away from train station<br /><br /><b>The space</b><br />- Fully furnished Beautiful , super spacious , animal friendly apt . Located in one of the most touristic areas of New York City. With a queen size bed , and queen air mattress in case you need it . Massive 55 inch smart TV including Netflix and  free high speed top of the line WIFI . Brand new appliances and furniture such as air conditioning, coffee table, microwave baby utensils for those traveling with babies , sofa etc. <br","","Gina","New York, New York, United States","Hello ! My Name is Gina. My husband Christian and I love going on adventures with our little babygirl Sarah . I am an Aesthetician and truly love self beauty.  Making people satisfied by enhancing their face & body brings joy to my heart.

Looking forward to hosting you at our Airbnb !","1.0","1.0","True","0.0","0.0","True","True","Queens","Entire home/apt","3","1.0","1.0","2.0","[""Window guards"", ""Extra pillows and blankets"", ""Children\u2019s dinnerware"", ""Luggage dropoff allowed"", ""Wine glasses"", ""Dedicated workspace: table, desk, and office chair"", ""Microwave"", ""First aid kit"", ""Hangers"", ""Ethernet connection"", ""Long term stays allowed"", ""Carbon monoxide alarm"", ""Clothing storage: dresser and closet"", ""Cleaning products"", ""Wifi"", ""Laundromat nearby"", ""Heating"", ""Body soap"", ""Dishes and silverware"", ""Private entrance"", ""Air conditioning"", ""Stainless steel oven"", ""Essentials"", ""Hot water"", ""Bathtub"", ""Stainless steel gas stove"", ""Kitchen"", ""Cooking basics"", ""Hair dryer"", ""Room-darkening shades"", ""Smoke alarm"", ""Dining table"", ""Iron"", ""Freezer"", ""Refrigerator"", ""Trash compactor"", ""55\"" HDTV with Roku, Netflix"", ""Coffee maker""]","185.0","3","365","3.0","3.0","1125.0","1125.0","3.0","1125.0","True","8","29","56","331","6","6","4","4.83","4.5","5.0","5.0","5.0","5.0","True","1","1","0","0","6.0","1"
"Boho Chic Apt w Gameroom & Parking 25m to Penn Stn","Experience NYC at our Boho-Chic Habitat. <br /><br />Everything you need is within walking distance including Bell Blvd & the Long Island Railroad which takes you to Penn Station and Madison Square Garden in just 25 minutes!<br /><br />With Bell Blvd at your fingertips you'll be able to satisfy any craving with a diverse array of delicious restaurants and tasty bakeries and dessert spots. At night Bell Blvd comes alive with its lounges, biergartens, rooftop bars and billiards clubs.<br /><br /><b>The space</b><br />The space comes equipped with all the essentials for your families stay including a game room filled with all your favorite games! The game room also has a floor to ceiling selfie wall where you can snap selfies and make memories. <br /><br />TV’s include Disney+, HBO MAX, Hulu & Netflix. <br /><br />The home is located in prime Bayside area just two blocks away from famous Bell Blvd. Bell Blvd is one of NYC’s top destinations for restaurant and night life, home to a diverse","Bell Blvd, which is home to MANY diverse restaurants, bars & shopping, is a just down the road! The Long Island Railroad (LIRR) is also a short walk away. The LIRR takes you to Penn Station and Madison Square Garden in just 25 minutes! Bay Terrace Shopping Center is also nearby (5 minutes by car / 10 min by bus).","Rob","New York, New York, United States","Hi my name is Robert and I grew up here in Bayside! I enjoy art, design and interior deco. I have 3 year old Doberman named Stella and she’s the sweetest pup in NYC! Other hobbies include painting and Jiu-Jitsu. ","1.0","0.88","True","2.0","2.0","True","True","Queens","Entire home/apt","7","2.0","3.0","3.0","[""Window guards"", ""Extra pillows and blankets"", ""Baking sheet"", ""TV"", ""Keurig coffee machine"", ""Free parking on premises"", ""Pack \u2019n play/Travel crib"", ""Wine glasses"", ""Nespresso machine"", ""Microwave"", ""Toaster"", ""Central heating"", ""Fast wifi \u2013 771 Mbps"", ""First aid kit"", ""Ethernet connection"", ""Long term stays allowed"", ""Carbon monoxide alarm"", ""Cleaning products"", ""Board games"", ""Laundromat nearby"", ""Body soap"", ""Shampoo"", ""Dishes and silverware"", ""Air conditioning"", ""Stainless steel oven"", ""Essentials"", ""Hot water"", ""Bathtub"", ""Free street parking"", ""Conditioner"", ""Kitchen"", ""Cooking basics"", ""Dedicated workspace"", ""Hair dryer"", ""Room-darkening shades"", ""Gas stove"", ""Smoke alarm"", ""Dining table"", ""Iron"", ""Freezer"", ""Pool table"", ""Refrigerator"", ""Bed linens"", ""Shower gel"", ""Smart lock"", ""Ping pong table"", ""Coffee maker"", ""Clothing storage: closet and dresser"", ""Children\u2019s books and toys for ages 2-5 years old, 5-10 years old, and 10+ years old""]","250.0","3","180","1.0","3.0","1125.0","1125.0","3.0","1125.0","True","14","44","74","254","9","9","9","5.0","5.0","5.0","5.0","4.67","4.78","True","2","2","0","0","9.0","6"
"A Fun two bedroom in Williamsburg","It's a lovely two bedroom in Williamsburg! It's about a 5 minute walk to the J and L Train.<br /><br />Personally I'm obsessed with the project and Apple TV hook up in the secondary bedroom/ Living room.<br /><br />The Living room has twin bed but it is the largest of the two. This also makes for a great couch.<br /><br />Big fan of the lighting!","","Jacob","Oceanside, New York, United States","This is my first time using Airbnb, and I'm looking forward to using this as an opportunity to meet excellent people and potentially build a friendship out of it. 

I'm currently in school but am almost done. I'm studying marketing and minoring in art. I'd say two pretty good things to gain knowledge about.

Besides school and enjoying new friends to meet….

I avidly skateboard and I try to be as heavily involved in the culture when I can. WIth that comes the parties, the art shows, the photo shows, etc etc. 

I like to laugh, I like to have fun, but I know when to be serious and be empathetic.

I am extremely personable, get along with about anyone from the local bums on the subway if they are willing to hold a conversation, or the random Finance people I run into around my University which is right in the heart of the financial district. 


I enjoy reading, traveling, cooking ( More than just ramen noodles and cereal) ya know actual cooking. It helps that some of my friends are chefs. They bless me with some damn good recipes. 

As a host. I'm easy going and am more than willing to give a helping hand to anyone looking for advice on trip destinations, places to go out, and places to shop. 

If you need help with the wifi- just reach out to me. 
If you need some soap- Just reach out
If you need anything really- Just reach out.

I'm here to accommodate and provide an excellent experience for everyone who stays. 

","0.6","0.39","True","1.0","1.0","True","True","Brooklyn","Entire home/apt","3","1.0","2.0","2.0","[""Kitchen"", ""Long term stays allowed"", ""Wifi"", ""Portable heater"", ""Central heating"", ""Air conditioning"", ""Smoke alarm"", ""Essentials""]","120.0","4","365","4.0","4.0","365.0","365.0","4.0","365.0","True","5","29","59","59","4","4","3","5.0","4.75","5.0","5.0","5.0","5.0","False","2","1","1","0","2.79","3"
"Studio Apartment #87","THE APARTMENT<br /><br />Studio apartment suitable for couples and families. It is an interior view but very bright. The kitchen is fully equipped for cooking during the stay. Upon arrival, we provide fresh towels and bed linen.<br /><br /><b>The space</b><br />THE APARTMENT<br /><br />Studio apartment suitable for couples and families. It is an interior view but very bright. The kitchen is fully equipped for cooking during the stay. Upon arrival, we provide fresh towels and bed linen. It also has free Wi-Fi and flat-screen TV to make more pleasant your rest in the apartment. There are also extra services that can be requested before and during the stay as airport transfer, extra cleaning, late check-out or any other needs you may have during your stay.<br /><br /><br /><br />THE BUILDING<br /><br />It is a classic Manhattan building with 3 lifts and emergency stairs. Before entering the lobby, the property has 24/7 security and video surveillance. There is also a laundry area and lugg","","Alberto","New York, New York, United States","","0.92","1.0","True","3.0","3.0","True","True","Manhattan","Entire home/apt","4","1.0","","2.0","[""TV"", ""Microwave"", ""Long term stays allowed"", ""Washer"", ""Wifi"", ""Heating"", ""Dishes and silverware"", ""Dryer"", ""Air conditioning"", ""Essentials"", ""Bathtub"", ""Kitchen"", ""Cooking basics"", ""Hair dryer"", ""Stove"", ""Crib"", ""Iron"", ""Elevator"", ""Refrigerator"", ""Bed linens"", ""Coffee maker""]","142.0","1","1125","1.0","7.0","1125.0","1125.0","3.2","1125.0","True","5","19","49","323","1","1","1","5.0","5.0","4.0","5.0","5.0","5.0","True","2","2","0","0","1.0","2"
"NYC-Manhattan 2 Bdrm Apt~Yours For The Entire Stay","Welcome. This apartment is located central to many attractions and landmarks that The Big Apple has to offer. The city that never sleeps is full of magical places & unique experiences. Nearby is the Hudson River that shows its glow in the most beautiful sunsets.  This location is 5 minutes from the Subway (A, B, C, D, and 3 lines). Times Square and Penn Station are a 15-20 minute subway ride respectively. <br /><br />Please read all details prior to booking, your comfort is our priority.<br /><br /><b>The space</b><br />Your own private 2 bedroom apartment for your entire stay.  Experience an authentic stay where you’ll truly see why they say “the city that never sleeps.” An authentic neighborhood that is engulfed in culture, noisy but cozy. Enjoy shopping, dining, night life, bars, theaters, parks, and more within walking distance on Lenox Avenue, 7th Avenue, and 8th Avenue.<br /><br />Each bedroom has a full size bed to accommodate sleeping arrangements.  The bedrooms can sleep 2 peo","The neighborhood is safe and live.  Next door to the apartment you have a smoothie shop, a small cozy restaurant that serves tapas, and Dunkin Donuts or Starbucks a few blocks away.  There are 3 major grocery stores that are walking distance away along with pizza shops, diners, and other restaurants.  The laundry is very close by and you have the option to drop your dirty clothes off for full service (wash and fold) or stay and do it on your own.<br /><br />The bus and train is very convenient and you have access to several lines of transportation which allows you to get around the city with ease.","Femala","New York, New York, United States","","1.0","0.94","True","1.0","1.0","True","True","Manhattan","Entire home/apt","5","1.0","2.0","2.0","[""TV"", ""Wine glasses"", ""Microwave"", ""Hangers"", ""Lockbox"", ""Long term stays allowed"", ""Cleaning products"", ""Wifi"", ""Laundromat nearby"", ""Heating"", ""Body soap"", ""Shampoo"", ""Dishes and silverware"", ""Air conditioning"", ""Free street parking"", ""Essentials"", ""Hot water"", ""Bathtub"", ""Conditioner"", ""Kitchen"", ""Cooking basics"", ""Hair dryer"", ""Stove"", ""Smoke alarm"", ""Dishwasher"", ""Iron"", ""Freezer"", ""Oven"", ""Refrigerator"", ""Bed linens"", ""Coffee maker""]","173.0","3","90","3.0","3.0","1125.0","1125.0","3.0","1125.0","True","2","12","33","284","3","3","3","5.0","5.0","5.0","5.0","3.67","5.0","True","1","1","0","0","3.0","2"
"Massive 1 bedroom space 4 minutes to L and M train","Forget your worries in this spacious and serene space. and experience Brooklyn and it's  artistic  features. The space  comes with a huge closet and a private bathroom and a bonus lounge  space.<br /><br /><b>The space</b><br />it's a huge clean basement and it's  sound proof. it's  basically your own apartment withouta kitchen . it offers a private bathroom and private entrance also you have a backyard access.<br /><br /><b>Guest access</b><br />We also have a backyard as a shared space<br /><br /><b>Other things to note</b><br />There is no kitchen access but there are a lot of restaurants nearby and grocery  stores available within walking distances","","Grys","New York, New York, United States","","1.0","1.0","True","1.0","1.0","True","True","Brooklyn","Private room","2","1.0","1.0","1.0","[""Safe"", ""Long term stays allowed"", ""Security cameras on property"", ""Room-darkening shades"", ""Bed linens"", ""Wifi"", ""Clothing storage: closet"", ""Central heating"", ""Hot water""]","100.0","1","1125","1.0","1.0","1125.0","1125.0","1.0","1125.0","True","12","12","16","16","4","4","1","5.0","4.75","4.5","4.5","5.0","5.0","True","1","0","1","0","2.79","1"
"Discount Studio Brooklyn","New discounted peaceful studio that is centrally located Bedford Stuyvesant Brooklyn, NY - 20 minutes into Lower Manhattan (NYC) - 40 minutes to Times Square (NYC) - 30 JFK airport - 40 minutes LGA airport","Brooklyn, Bedford Stuyvesant","Terrence","Brooklyn, New York, United States","","1.0","1.0","True","0.0","0.0","True","True","Brooklyn","Entire home/apt","2","1.0","1.0","1.0","[""Extra pillows and blankets"", ""Luggage dropoff allowed"", ""TV"", ""Security cameras on property"", ""Free parking on premises"", ""Radiant heating"", ""Microwave"", ""First aid kit"", ""Hangers"", ""Lockbox"", ""Carbon monoxide alarm"", ""Cleaning products"", ""Wifi"", ""Laundromat nearby"", ""Dishes and silverware"", ""Private entrance"", ""Air conditioning"", ""Free street parking"", ""Essentials"", ""Hot water"", ""Kitchen"", ""Fire extinguisher"", ""Cooking basics"", ""Dedicated workspace"", ""Hair dryer"", ""Room-darkening shades"", ""Smoke alarm"", ""Iron"", ""Freezer"", ""Refrigerator"", ""Bed linens"", ""Clothing storage: closet""]","76.0","2","25","1.0","2.0","1125.0","1125.0","2.0","1125.0","True","0","4","10","169","3","3","2","4.67","5.0","5.0","5.0","5.0","5.0","True","1","1","0","0","3.0","1"
"Queen Size Private Room Near Central Park","New York loft with two bedrooms located upper east side there many entertainment and dining options nearby.<br /><br />There are double beds in the room. If you are willing to experience a memorable trip in Manhattan and also meet new lovely people in this place here is the place to be.<br /><br />Good Location, access subway, bus, cab, and city-bike easily. Only 5 minutes from Central Park.<br /><br />See you soon!","","Michael","New York, New York, United States","31 year old male living in New York City. I have an affinity for New York City. I can assist and help you book dinner and entertainment for you. I look forward to hosting you! ","0.83","1.0","True","0.0","0.0","True","True","Manhattan","Private room","2","1.0","1.0","1.0","[""Extra pillows and blankets"", ""Luggage dropoff allowed"", ""TV"", ""Wine glasses"", ""Microwave"", ""First aid kit"", ""Hangers"", ""Long term stays allowed"", ""Carbon monoxide alarm"", ""Washer"", ""Cleaning products"", ""Wifi"", ""Heating"", ""Dishes and silverware"", ""Dryer"", ""Air conditioning"", ""Free street parking"", ""Essentials"", ""Hot water"", ""Kitchen"", ""Fire extinguisher"", ""Clothing storage"", ""Cooking basics"", ""Hair dryer"", ""Room-darkening shades"", ""Stove"", ""Smoke alarm"", ""Dishwasher"", ""Freezer"", ""Oven"", ""Paid parking off premises"", ""Bed linens"", ""Cleaning before checkout"", ""Coffee maker""]","109.0","2","365","2.0","2.0","365.0","365.0","2.0","365.0","True","12","42","72","347","3","3","3","5.0","4.33","5.0","5.0","5.0","5.0","True","2","0","2","0","3.0","6"
"Stylish Prospect Heights Studio (w/Washer & Dryer)","This bright, spacious and stylish studio apartment is located in the heart of Prospect Heights, steps from a plethora of cafes, restaurants, boutiques and bars.<br /><br />Only a short 10-minute walk to the subway, which will reach Manhattan in under 10 minutes!<br /><br />The apartment is newly-renovated, with hardwood flooring throughout, and an updated kitchen with all the appliances and amenities to cook a large meal. <br /><br />The studio also boasts an in-house washer/dryer!<br /><br />A perfect space for business and travel!","","Dean","New York, New York, United States","","1.0","1.0","True","2.0","2.0","True","True","Brooklyn","Entire home/apt","2","1.0","1.0","1.0","[""Security cameras on property"", ""Central heating"", ""First aid kit"", ""Hangers"", ""Long term stays allowed"", ""Carbon monoxide alarm"", ""Washer"", ""Wifi"", ""Body soap"", ""Shampoo"", ""Dishes and silverware"", ""Air conditioning"", ""Free street parking"", ""Essentials"", ""Hot water"", ""Bathtub"", ""Kitchen"", ""Fire extinguisher"", ""Cooking basics"", ""Hair dryer"", ""Stove"", ""TV with Apple TV"", ""Smoke alarm"", ""Dishwasher"", ""Iron"", ""Freezer"", ""Oven"", ""Refrigerator"", ""Bed linens"", ""Shower gel"", ""Clothing storage: closet"", ""Free dryer \u2013 In unit"", ""Coffee maker""]","196.0","2","365","2.0","5.0","365.0","365.0","2.6","365.0","True","10","40","50","321","1","1","1","3.0","5.0","5.0","5.0","4.0","3.0","False","1","1","0","0","1.0","5"
"Playful studio 2 blocks from Central Park!","This darling studio apartment is located on the Upper West Side blocks away from Central Park, Trader Joes, Whole Foods, Target, Sephora, T.J. Maxx, and Home Goods. It is a 3rd floor walk-up and is equal distance from the 123 subway line at 96th and the BC subway line on 96th. The perfect stay for someone looking for a quaint stay with easy access to the city.","","Gwen","US","","1.0","1.0","True","1.0","1.0","True","True","Manhattan","Entire home/apt","2","1.0","1.0","1.0","[""TV"", ""Wine glasses"", ""Nespresso machine"", ""Microwave"", ""First aid kit"", ""Hangers"", ""Long term stays allowed"", ""Carbon monoxide alarm"", ""Cleaning products"", ""Wifi"", ""Body soap"", ""Dishes and silverware"", ""Shampoo"", ""Air conditioning"", ""Free street parking"", ""Essentials"", ""Bathtub"", ""Conditioner"", ""Kitchen"", ""Fire extinguisher"", ""Cooking basics"", ""Hair dryer"", ""Gas stove"", ""Smoke alarm"", ""Dishwasher"", ""Freezer"", ""Oven"", ""Refrigerator"", ""Coffee maker""]","300.0","3","365","3.0","3.0","365.0","365.0","3.0","365.0","True","6","36","66","156","2","2","2","5.0","5.0","5.0","5.0","5.0","5.0","False","1","1","0","0","2.0","5"
"Comfortable, bright bedroom in Greenpoint Brooklyn","Natural light, spacious, close to the subway and with a park nearby, this apartment has everything you could want in a Brooklyn spot!","","Ahmet","New York, New York, United States","i am a conductor, composer, and jazz drumer.","1.0","1.0","True","0.0","0.0","True","True","Brooklyn","Private room","2","1.0","1.0","1.0","[""Kitchen"", ""Long term stays allowed"", ""Fire extinguisher"", ""TV"", ""Lock on bedroom door"", ""Free parking on premises"", ""Wifi"", ""Air conditioning""]","85.0","7","1125","7.0","7.0","1125.0","1125.0","7.0","1125.0","True","4","8","38","120","3","3","3","4.67","4.33","4.67","4.67","4.0","5.0","True","1","0","1","0","3.0","5"
"1 Lovely private bedroom Twin size bed with patio.","This is a shared space you are only booking for a private bedroom. Enjoy a stylish experience at this centrally-located place. This is a shared place with a private bedroom. Major trains (J, M, Z) one block away, bus stops and two blocks away from bus terminal. Near tourist spots such as; Little Italy, Chinatown, Soho, One World Trade Center, N.Y. Stock Exchange, Time Square, etc.","","Jose","US","","1.0","1.0","True","0.0","0.0","True","True","Brooklyn","Private room","1","1.0","1.0","1.0","[""Extra pillows and blankets"", ""Luggage dropoff allowed"", ""40\"" HDTV with Netflix, standard cable"", ""Indoor fireplace"", ""Security cameras on property"", ""Lock on bedroom door"", ""Hot water kettle"", ""Wine glasses"", ""Toaster"", ""Microwave"", ""Shared garden or backyard"", ""Central heating"", ""First aid kit"", ""Hangers"", ""Stainless steel refrigerator"", ""Long term stays allowed"", ""Carbon monoxide alarm"", ""Stainless steel stove"", ""Cleaning products"", ""Wifi"", ""Laundromat nearby"", ""Paid parking on premises"", ""Dishes and silverware"", ""Private entrance"", ""Air conditioning"", ""Stainless steel oven"", ""Essentials"", ""Hot water"", ""Bathtub"", ""Free street parking"", ""Kitchen"", ""Cable TV"", ""Fire extinguisher"", ""Cooking basics"", ""Dedicated workspace"", ""Hair dryer"", ""Room-darkening shades"", ""Rice maker"", ""Paid street parking off premises"", ""Outdoor furniture"", ""Smoke alarm"", ""Beach essentials"", ""Dishwasher"", ""Dining table"", ""Iron"", ""Freezer"", ""Shared patio or balcony"", ""Bed linens"", ""Coffee maker"", ""Outdoor dining area"", ""Clothing storage: closet and dresser""]","70.0","1","28","1.0","1.0","1125.0","1125.0","1.0","1125.0","True","1","26","53","328","17","17","11","5.0","4.76","4.88","4.94","4.82","4.94","True","2","0","2","0","17.0","2"
"Spacious 4BR Near Times Square! Prime Location!","Stay walking distance to Times Square in this big, bright and beautifully decorated, 4bedroom apartment in Midtown South. This apartment offers numerous extras including flat screen cable TV, hardwood floors, charming exposed brick, and more. A true home away from home.<br /><br /><b>The space</b><br />Features:<br />** Standard kitchen appliances and cookware<br />** 1 Queen bed, 3 full beds and 1 single sized bed<br />** Sofa bed in living area<br />** Flat screen TV with basic channels<br />** Wifi ready<br />** Charming exposed brick<br />** Polished hardwood floors<br />** Dining table for 4<br />** Heated and air conditioned<br /><br /><b>Guest access</b><br />You will have exclusive access to every area of the home.<br /><br /><b>Other things to note</b><br />Because many people ask: <br />1. Payment- You “submit a booking” which means you pay the full amount now. I do not get paid until after your arrival. There are no cash transactions, and unfortunately you may not put down a","","Weena Lezette","Buena Park, California, United States","","1.0","0.65","True","0.0","0.0","True","True","Manhattan","Entire home/apt","6","1.0","4.0","5.0","[""Kitchen"", ""Microwave"", ""Carbon monoxide alarm"", ""TV"", ""Clothing storage"", ""Long term stays allowed"", ""Stove"", ""Hot water kettle"", ""Refrigerator"", ""Bed linens"", ""Wifi"", ""Heating"", ""Dishes and silverware"", ""Smoke alarm"", ""Air conditioning"", ""Essentials"", ""Hot water""]","500.0","30","365","3.0","30.0","365.0","365.0","27.7","365.0","True","7","8","8","261","1","1","1","1.0","1.0","3.0","1.0","5.0","5.0","False","1","1","0","0","1.0","7"
"420 Friendly Private Room #2","Offering a private room in a spacious 420 friendly apartment. Room comes with amenities and guests can use all shared spaces - bathroom, kitchen, living room. Living room allows a movie theatre experience with large flat screen tv, sound bar and fire place. Across the street is Astoria park and down the block is the East River. The best New York City restaurants/bars are a short walk away. Enjoy!","","Ayesha","Queens, New York, United States","Hi! My names Ayesha. I'm a native New Yorker. From walks in Central Park to munching on shawarma platters from the street side carts to late night drives into the city, I love all things NY. I'm very happy to share my little safe haven with you. I'm sure you'll enjoy the stay!","1.0","1.0","True","2.0","2.0","True","True","Queens","Private room","2","1.0","1.0","1.0","[""Kitchen"", ""Long term stays allowed"", ""Iron"", ""TV"", ""Carbon monoxide alarm"", ""Indoor fireplace"", ""Lock on bedroom door"", ""Hair dryer"", ""Dedicated workspace"", ""Wifi"", ""Host greets you"", ""Smoke alarm"", ""Air conditioning"", ""First aid kit""]","99.0","1","365","1.0","1.0","365.0","365.0","1.0","365.0","True","9","39","69","344","2","2","2","5.0","5.0","5.0","5.0","4.5","5.0","True","1","0","1","0","2.0","6"
"Entire 2 bedroom across to Astoria park","Your family will be close to everything when you stay at this centrally-located place.","","Enes","US","","1.0","1.0","True","1.0","1.0","True","True","Queens","Entire home/apt","6","1.0","2.0","","[""TV"", ""Security cameras on property"", ""Free parking on premises"", ""Hot water kettle"", ""Wine glasses"", ""Toaster"", ""Microwave"", ""Hangers"", ""Long term stays allowed"", ""Carbon monoxide alarm"", ""Cleaning products"", ""Wifi"", ""Laundromat nearby"", ""Body soap"", ""Shampoo"", ""Dishes and silverware"", ""Air conditioning"", ""Essentials"", ""Hot water"", ""Kitchen"", ""Clothing storage"", ""Cooking basics"", ""Dedicated workspace"", ""Hair dryer"", ""Smoke alarm"", ""Dining table"", ""Iron"", ""Oven"", ""Refrigerator"", ""Shower gel"", ""Coffee maker""]","280.0","1","1125","1.0","1.0","1125.0","1125.0","1.0","1125.0","True","14","44","74","349","5","5","4","5.0","5.0","5.0","5.0","5.0","5.0","True","1","1","0","0","5.0","1"
"Casa Luna Aeropuerto LGA","Este elegante alojamiento es ideal para viajes de Vacaciones y negocios<br /><br />Excelente ubicación, zona residencial, a solo 5 minutos del Aeropuerto La Guardia, cerca a la parada de buses que comunican a la terminal del tren <br /><br />No se permiten visitantes no registrados, cualquier acompañante debe ser comunicado y pagará tarifa adicional de 25 dólares.<br /><br /><b>The space</b><br />Confortable espacio, moderno y limpio<br /><br />No se permiten visitantes no registrados, cualquier acompañante debe ser comunicado y pagará tarifa adicional de 25 dólares.<br /><br /><b>Guest access</b><br />Balcón para despejar la vista y tomar aire<br /><br /><b>Other things to note</b><br />Nuestro hogar lo queremos compartir en ambiente familiar","Es excelente sector residencial y  tranquilo<br /><br />Estos son los sitios más relevantes y cerca de acá puedes ir caminando y disfrutando del paisaje:<br /><br />Flushing Bay Promenade<br /><br />Citi Field<br /><br />Unisphere","María","New York, New York, United States","Me gusta los sitios llenos de energía, por eso me preocupo por hace de nuestro hogar un lugar acogedor y con la mejor amabilidad.","0.93","0.99","True","2.0","2.0","True","True","Queens","Private room","1","1.0","1.0","1.0","[""65\"" HDTV with standard cable, Netflix"", ""Cooking basics"", ""Security cameras on property"", ""Outdoor furniture"", ""Room-darkening shades"", ""Lock on bedroom door"", ""Window guards"", ""Smoke alarm"", ""Shower gel"", ""Dishes and silverware"", ""Cleaning products"", ""Extra pillows and blankets"", ""Luggage dropoff allowed"", ""Conditioner"", ""Shared patio or balcony"", ""Building staff"", ""Cable TV"", ""Gym"", ""Body soap"", ""Hot water"", ""Central air conditioning"", ""Clothing storage: closet"", ""Laundromat nearby"", ""Refrigerator"", ""Bikes"", ""Freezer"", ""Hangers"", ""Kitchen"", ""Bed linens"", ""Microwave"", ""Long term stays allowed"", ""Mini fridge"", ""Safe"", ""Carbon monoxide alarm"", ""Free street parking"", ""Bathtub"", ""Oven"", ""Board games"", ""Stove"", ""Shampoo"", ""Iron"", ""Central heating"", ""Wifi"", ""Essentials""]","56.0","1","90","1.0","1.0","1125.0","1125.0","1.0","1125.0","True","11","41","71","161","4","4","4","4.25","4.5","4.5","3.5","4.75","4.0","False","2","0","2","0","4.0","5"
"Cozy 1-bedroom,Parking available and near train","We are in a quiet  part of the Bronx that is still close enough to the city. This basement level apartment is a 5 minute walk to the 5 train  station that leaves you in Manhattan within a short ride. Upon arrival you will be greeted with snacks along with recommendations to any local spots in NYC.<br /><br />We are a 15 min walk away from the Bay Plaza Shopping Center which not only is amazing for shopping but also for having a late diner and movie.<br /><br />This stay is amazing for staying in and going out.<br /><br /><b>Other things to note</b><br />Few things to note:<br /><br />No waste is allowed to be thrown in the toilet, there are waste bins for that.","There is a laundromat around the corner, small convenience stores, and restaurants. It's a melting pot of experiences starting with African supermarkets to Jamaican restaurants. Can't forget the train that is 5 mins away and busses that 2 mins away.","Laura","Bronx, New York, United States","","1.0","1.0","True","0.0","0.0","True","True","Bronx","Entire home/apt","4","1.0","1.0","2.0","[""Air conditioning"", ""Security cameras on property"", ""Carbon monoxide alarm"", ""Free parking on premises"", ""Fire extinguisher"", ""Host greets you"", ""Wifi"", ""Smoke alarm"", ""Kitchen"", ""Long term stays allowed""]","72.0","3","1125","3.0","3.0","1125.0","1125.0","3.0","1125.0","True","2","28","58","58","3","3","2","4.0","4.0","4.67","4.67","4.33","3.67","False","1","1","0","0","3.0","5"
"Modern private bedroom & bathroom trendy Brooklyn","Enjoy a stylish experience at this centrally-located place. Your private room has everything you need. Even a floating desk to do work. My spouse and I live in the apartment. Which you may see from time to time.<br /><br />You have full range of the room, private bathroom, kitchen table, stove to boil water (for tea or coffee), and microwave.<br /><br />THE LIVING ROOM AREA & STOVE ARE NOT FOR GUESTS. <br /><br />The top shelf in the fridge are for guest to use.","Brooklyn, New York, United States<br />Crown Heights is a historic area very close to popular attractions, including the Barclays Center, Brooklyn<br />Museum, Brooklyn Public Library, Children's Museum, Prospect Park, and Brooklyn Botanical Garden. All are<br />just a few train stops or a short walk away. Our apartment is right across the street from St. John's Park where there are open sports areas, including<br />basketball and tennis courts, an outdoor tracks, and baseball fields. We are located in a residential street, at one end of our street is a local bar that is good for<br />a quick drink (but may also generate some noise at times) and at the other end is the local police precinct keeping the area safe. During the summer months it is quite common to see a lot of residents out enjoying the weather and<br />socialising with neighbors, the winter months not so much but all year around the area is full of activity and vibrant. The area has a strong Caribbean culture to the reside","Candacy","Nashville, Tennessee, United States","","1.0","0.93","True","0.0","0.0","True","True","Brooklyn","Private room","2","1.0","1.0","1.0","[""Extra pillows and blankets"", ""TV"", ""Free parking on premises"", ""Hot water kettle"", ""Microwave"", ""Central heating"", ""Hangers"", ""Long term stays allowed"", ""Carbon monoxide alarm"", ""Washer"", ""Clothing storage: dresser and closet"", ""Cleaning products"", ""Wifi"", ""Central air conditioning"", ""Host greets you"", ""Dove body soap"", ""Free street parking"", ""Essentials"", ""Hot water"", ""Conditioner"", ""Dedicated workspace"", ""Hair dryer"", ""Room-darkening shades"", ""Paid street parking off premises"", ""Gas stove"", ""Smoke alarm"", ""Dishwasher"", ""Dining table"", ""Iron"", ""Refrigerator"", ""Bed linens"", ""Paid dryer \u2013 In building"", ""Coffee maker""]","85.0","2","1125","2.0","2.0","1125.0","1125.0","2.0","1125.0","True","7","36","66","156","4","4","2","5.0","5.0","5.0","5.0","4.5","4.5","True","1","0","1","0","2.86","4"
"Lovely, modern, luxury studio apartment!","This stylish place is centrally located right near the heart of Times Square, Hudson Yards, and Central Park. The space is a luxury equipped with a Peloton Bike, a HigherDose Infrared Sauna Sleeping Bag.  The unit faces our private courtyard which blocks out all city noise.<br /><br />Full equipped kitchen with all cooking needs.  Full Size bathroom. VERY Quiet environment.  Hooked with WiFi, Netflix, Hulu, Sling, and a laptop working station. Sonos sound system for music and/or movies.","In the heart of Times Square. 10 minute walk to Hudson Yards, Columbus Circle, and Central Park","Jason","New York, New York, United States","","0.88","1.0","True","1.0","1.0","True","True","Manhattan","Entire home/apt","2","1.0","1.0","1.0","[""Baking sheet"", ""TV"", ""Security cameras on property"", ""Shared gym in building"", ""Private sauna"", ""Wine glasses"", ""Nespresso machine"", ""Microwave"", ""Central heating"", ""Sonos  Bluetooth sound system"", ""Hangers"", ""Lockbox"", ""Long term stays allowed"", ""Portable fans"", ""Carbon monoxide alarm"", ""Washer"", ""Cleaning products"", ""Clothing storage: closet and wardrobe"", ""Wifi"", ""Dishes and silverware"", ""Air conditioning"", ""Stainless steel oven"", ""Essentials"", ""Bathtub"", ""Safe"", ""Kitchen"", ""Cooking basics"", ""Dedicated workspace"", ""Hair dryer"", ""Room-darkening shades"", ""Rice maker"", ""Gas stove"", ""Smoke alarm"", ""Dishwasher"", ""Iron"", ""Freezer"", ""Elevator"", ""Refrigerator"", ""Bed linens"", ""Paid dryer \u2013 In building"", ""Coffee maker""]","395.0","1","1125","1.0","1.0","1125.0","1125.0","1.0","1125.0","True","16","46","76","351","2","2","2","5.0","5.0","5.0","5.0","5.0","5.0","False","1","1","0","0","2.0","1"
"Stylish Brooklyn Apartment!","This is a brand new modern spacious apartment in the heart of Brooklyn, The perfect comfortable stay with a luxurious touch! Will keep you coming back to New York!<br /><br /><b>The space</b><br />This apartment features:<br /><br />• 1 bedroom with a comfortable queen size bed, closet and night table with accessories. <br /><br />• A Full bathroom with all toiletries and spa-like deep soaking tub for the perfect relaxation. <br /><br />• A fully equipped Kitchen with all stainless steel appliances, pots and dishes and more. We provide lots of spices, Coffee & tea etc. <br /><br />• Spacious living room with lots of natural light and amazing view, has a sofa and TV and some reading books. <br /><br />• Additional items : Bluetooth speaker with noise machine option, Extra towels and pillow, hand sanitizer. First aid kit in the bathroom cabinet. And more<br /><br /><b>Guest access</b><br />The entire apartment is private for the guests. It’s located in a beautiful brand new building. Gue","This apartment is located in the Stuyvesant Heights area in Brooklyn a well diverse and colorful neighborhood.   Accessibility doesn’t get better than this:  The train station is right across the street with the A, C, trains, which goes to Manhattan, next to a few bus lines!   McDonald’s is right across the street, and close to other big chains, cool restaurant and coffee shops on Throop Ave and neighboring streets  A few minutes away from Downtown Brooklyn and the Atlantic Ave mall next to the famous Barclays Center. And much more..","Hershey","US","","1.0","0.98","True","4.0","4.0","True","True","Brooklyn","Entire home/apt","2","1.0","1.0","1.0","[""Extra pillows and blankets"", ""Luggage dropoff allowed"", ""TV"", ""Security cameras on property"", ""Keurig coffee machine"", ""Free parking on premises"", ""Hot water kettle"", ""Wine glasses"", ""Toaster"", ""Microwave"", ""Central heating"", ""First aid kit"", ""Hangers"", ""Long term stays allowed"", ""Carbon monoxide alarm"", ""Dedicated workspace: table"", ""Stainless steel stove"", ""Cleaning products"", ""Wifi"", ""Paid washer \u2013 In building"", ""Laundromat nearby"", ""Paid parking on premises"", ""Body soap"", ""Shampoo"", ""Dishes and silverware"", ""Air conditioning"", ""Stainless steel oven"", ""Essentials"", ""Hot water"", ""Bathtub"", ""Free street parking"", ""Conditioner"", ""Kitchen"", ""Fire extinguisher"", ""Cooking basics"", ""Hair dryer"", ""Room-darkening shades"", ""Paid street parking off premises"", ""Smoke alarm"", ""Keypad"", ""Dining table"", ""Freezer"", ""Elevator"", ""Refrigerator"", ""Bed linens"", ""Paid dryer \u2013 In building"", ""Shower gel"", ""Clothing storage: closet"", ""Coffee maker""]","192.0","2","28","1.0","2.0","1125.0","1125.0","2.0","1125.0","True","8","38","68","343","3","3","1","5.0","5.0","5.0","5.0","4.67","5.0","True","5","5","0","0","2.05","2"
"Lovely & Convenient 2-bedroom apartment in Queens.","Enjoy a stylish experience at this centrally-located place. Newly renovated 25 minutes from the city. close to restaurants and shops. Trains nearby;<br />M train and L Train.<br />20 minutes to Unión Square. laundromat one block away. Kids park one block away.<br />two supermarkets walking distance and grocery stores nearby. This is a second floor unit.<br /><br /><b>The space</b><br />Second floor unit two bedrooms.","","Carlos","Valley Stream, New York, United States","","1.0","1.0","True","0.0","0.0","True","True","Queens","Entire home/apt","6","1.0","2.0","3.0","[""Extra pillows and blankets"", ""TV"", ""Radiant heating"", ""First aid kit"", ""Ethernet connection"", ""Long term stays allowed"", ""Carbon monoxide alarm"", ""Window AC unit"", ""Cleaning products"", ""Wifi"", ""Laundromat nearby"", ""Dishes and silverware"", ""Private entrance"", ""Free street parking"", ""Essentials"", ""Hot water"", ""Kitchen"", ""Fire extinguisher"", ""Cooking basics"", ""Hair dryer"", ""Gas stove"", ""Smoke alarm"", ""Keypad"", ""Dining table"", ""Iron"", ""Oven"", ""Refrigerator"", ""Pour-over coffee"", ""Bed linens"", ""Clothing storage: wardrobe and closet"", ""Coffee maker""]","271.0","1","60","1.0","1.0","1125.0","1125.0","1.0","1125.0","True","12","42","72","338","1","1","1","5.0","5.0","5.0","5.0","5.0","5.0","True","1","1","0","0","1.0","4"
"VintageGreen 420 Air B&B","This spacious and unique dwelling is 420 friendly, has a garden tub, beautiful skyline, large windows, high ceilings, continental breakfast and  countless other amenities. There is a 420 renowned Chef, available upon request.<br /><br /><b>The space</b><br />Guest will enjoy this slite greenhouse lofty like feel private room. The oversized window renders a larger than life cozy and relaxed atmosphere for two peacefully. Work station available by request.<br /><br /><b>Guest access</b><br />Lobby style entrance glass doors with elevator.<br /><br /><b>Other things to note</b><br />Guest can enjoy a cannabis infused three course meal dining experience provided by in-house chef/nutritionist. There are three categories to chose from Meat, Sea food, or Vegan dishes full with a variety of 420 infused desserts and beverages. Prices not included in nightly rates no more than 4 guests at a time with Covid-19 procedures in place. Proceeds of your purchase goes to Purple Glove Fashion Gala Inc. f","This Historic Cobble Stone neighborhood is filled with social life. With bicke trails and one of a kind restaurant culture where guest can view the downtown Manhattan skylines half a block away at Alma's Mexican restauran.","Tanya","US","","1.0","0.9","True","2.0","2.0","True","True","Brooklyn","Private room","2","1.0","1.0","1.0","[""Cooking basics"", ""Breakfast"", ""samsung Bluetooth sound system"", ""Fire extinguisher"", ""Lock on bedroom door"", ""Smoke alarm"", ""Shower gel"", ""Dishwasher"", ""Dishes and silverware"", ""Cleaning products"", ""Extra pillows and blankets"", ""Conditioner"", ""Body soap"", ""Hot water"", ""Laundromat nearby"", ""TV"", ""Refrigerator"", ""Lockbox"", ""Elevator"", ""Freezer"", ""Hangers"", ""First aid kit"", ""Hair dryer"", ""Kitchen"", ""Bed linens"", ""Long term stays allowed"", ""Air conditioning"", ""Radiant heating"", ""Carbon monoxide alarm"", ""Bathtub"", ""Oven"", ""Wifi"", ""Shampoo"", ""Stove"", ""Wine glasses"", ""Baking sheet"", ""Clothing storage"", ""Iron"", ""Washer"", ""Essentials""]","151.0","1","1125","1.0","1.0","1125.0","1125.0","1.0","1125.0","True","22","52","82","357","3","3","2","5.0","5.0","5.0","5.0","5.0","5.0","True","2","1","1","0","2.5","2"
"1 Bedroom Apartment in NYC","Near public transportation, restaurants, lounges and more.","","Magali","New York, New York, United States","","0.73","0.92","True","0.0","0.0","True","True","Manhattan","Entire home/apt","4","1.0","1.0","4.0","[""Extra pillows and blankets"", ""TV"", ""Security cameras on property"", ""Free parking on premises"", ""Microwave"", ""Central heating"", ""Hangers"", ""Long term stays allowed"", ""Portable fans"", ""Cleaning products"", ""Wifi"", ""Laundromat nearby"", ""Dishes and silverware"", ""Host greets you"", ""Air conditioning"", ""Free street parking"", ""Essentials"", ""Hot water"", ""Bathtub"", ""Kitchen"", ""Cooking basics"", ""Stove"", ""Smoke alarm"", ""Refrigerator"", ""Clothing storage: closet and dresser""]","125.0","1","1125","1.0","1.0","1125.0","1125.0","1.0","1125.0","True","7","36","66","128","3","3","3","5.0","5.0","5.0","5.0","4.33","5.0","False","1","1","0","0","3.0","2"
"Spacious and cozy private room in Bushwick","Bright, spacious, and clean private room, perfect for a short stop or a longer stay in one of Brooklyn’s hottest neighborhoods. The location could not be better; with the L-train  half a block from the Montrose Ave. stop, taking you to union sq. in 15min (counting the time to get to the station), CitiBikes on the corner and an amazing grocery market on the ground floor of the building.","We’re right in between two very cool and lively neighborhoods, Williamsburg to the west and Bushwick to the East. Both neighborhoods have great dining, shopping and nightlife and are walkable from here. The heart of Williamsburg is about 30 minutes walking distance from here or about a 5 minute subway ride. There you’ll find an Apple Store, Levis, Sephora and other international brands as well as local clothing, jewlery and furniture/décor stores, lots of great restaurants and bars. In Bushwick, you’ll find Art Galleries, night clubs, great food and probably the best graffity in NYC. What I also like is that my apartment is on a busy Brooklyn street so you get a view of the diversity of people living in Brooklyn.","Sigfus","New York, New York, United States","Originally from Iceland but I've been living in Brooklyn since 1999. My wife Florencia is from Argentina and together we have an Architectue/Design studio in the building. ","1.0","1.0","True","1.0","1.0","True","True","Brooklyn","Private room","2","1.0","1.0","1.0","[""Extra pillows and blankets"", ""BBQ grill"", ""Luggage dropoff allowed"", ""Security cameras on property"", ""Lock on bedroom door"", ""Free parking on premises"", ""Hot water kettle"", ""Wine glasses"", ""Nespresso machine"", ""Microwave"", ""Toaster"", ""First aid kit"", ""Hangers"", ""Lockbox"", ""Long term stays allowed"", ""Carbon monoxide alarm"", ""Mini fridge"", ""Washer"", ""Cleaning products"", ""Wifi"", ""Laundromat nearby"", ""Heating"", ""Body soap"", ""Shampoo"", ""Dryer"", ""Dishes and silverware"", ""Air conditioning"", ""Free street parking"", ""Essentials"", ""Hot water"", ""Conditioner"", ""Kitchen"", ""Fire extinguisher"", ""Clothing storage"", ""Cooking basics"", ""Dedicated workspace"", ""Hair dryer"", ""Room-darkening shades"", ""Outdoor furniture"", ""Smoke alarm"", ""Dining table"", ""Iron"", ""Oven"", ""Elevator"", ""Paid parking off premises"", ""Refrigerator"", ""Pour-over coffee"", ""Bed linens"", ""Shared patio or balcony"", ""Coffee maker"", ""Outdoor dining area""]","85.0","3","1125","3.0","3.0","1125.0","1125.0","3.0","1125.0","True","7","21","47","47","4","4","4","5.0","5.0","5.0","5.0","4.75","4.75","True","3","1","2","0","4.0","8"
"Bushwick Hideaway","Prime Bushwick 4-20 friendly hide-away.<br /><br />Explore the creative and vibrant neighborhood! Vintage stores galore! Ask me recomendations! NYC Stylist & Vintage Mavin! <br /><br />KING SIZE room perfect for cosy movie watching.<br /><br /><b>The space</b><br />Comfy and newly renovated with high ceilings and vintage items sprinkled about.<br /><br /><b>Guest access</b><br />This is a shared space  but you are welcome to all spaces expect bedroom 2.<br /><br /><b>Other things to note</b><br />Luna is the house cat. She is sweet as pie and loves treats :)","This area is packed with all the fun. Centrally located with so much to explore. The best LGBTQ+ nightlife steps away! <br /><br />Welcome to Bushwick!","Cristina","New York, New York, United States","","0.75","0.52","True","2.0","2.0","True","True","Brooklyn","Private room","1","1.0","1.0","","[""Luggage dropoff allowed"", ""Lock on bedroom door"", ""Hot water kettle"", ""Radiant heating"", ""Wine glasses"", ""HDTV with Netflix, HBO Max"", ""Microwave"", ""Hangers"", ""Ethernet connection"", ""Lockbox"", ""Long term stays allowed"", ""Carbon monoxide alarm"", ""Washer"", ""Cleaning products"", ""Wifi"", ""Shampoo"", ""Dryer"", ""Dishes and silverware"", ""Old Spice body soap"", ""Air conditioning"", ""Essentials"", ""Hot water"", ""Conditioner"", ""Kitchen"", ""Cooking basics"", ""Dedicated workspace"", ""Stove"", ""Smoke alarm"", ""Dishwasher"", ""Iron"", ""Freezer"", ""Oven"", ""Refrigerator"", ""Pour-over coffee"", ""Bed linens"", ""Clothing storage: closet"", ""Coffee maker""]","150.0","1","1125","1.0","1.0","1125.0","1125.0","1.0","1125.0","True","9","35","65","340","3","3","3","4.33","4.67","4.67","5.0","5.0","5.0","True","2","0","2","0","3.0","1"
"Brooklyn Apartment With NYC Skyline View!","This is a brand new modern spacious apartment in the heart of Brooklyn, featuring one of the most iconic NYC skyline views! The perfect comfortable stay with a luxurious touch! Will keep you coming back to New York!<br /><br /><b>The space</b><br />This apartment features:<br /><br />• 1 bedroom with a comfortable queen size bed, closet and night table with accessories. <br /><br />• A Full bathroom with all toiletries and spa-like deep soaking tub for the perfect relaxation. <br /><br />• A fully equipped Kitchen with all stainless steel appliances, pots and dishes and more. We provide lots of spices, Coffee & tea etc. <br /><br />• Spacious living room with lots of natural light and amazing view, has a sofa and TV and some reading books. <br /><br />• Additional items : Bluetooth speaker with noise machine option, Extra towels and pillow, hand sanitizer. First aid kit in the bathroom cabinet. And more<br /><br /><b>Guest access</b><br />The entire apartment is private for the guests.","This apartment is located in the Stuyvesant Heights area in Brooklyn a well diverse and colorful neighborhood. <br /><br />Accessibility doesn’t get better than this:<br /><br />The train station is right across the street with the A, C, trains, which goes to Manhattan, next to a few bus lines! <br /><br />McDonald’s is right across the street, and close to other big chains, cool restaurant and coffee shops on Throop Ave  and neighboring streets <br />A few minutes away from Downtown Brooklyn and the Atlantic Ave mall next to the famous Barclays Center. And much more..","Hershey","US","","1.0","0.98","True","4.0","4.0","True","True","Brooklyn","Entire home/apt","2","1.0","1.0","1.0","[""Luggage dropoff allowed"", ""TV"", ""Security cameras on property"", ""Keurig coffee machine"", ""Free parking on premises"", ""Hot water kettle"", ""Wine glasses"", ""Toaster"", ""Microwave"", ""Central heating"", ""First aid kit"", ""Hangers"", ""Long term stays allowed"", ""Carbon monoxide alarm"", ""Dedicated workspace: table"", ""Stainless steel stove"", ""Cleaning products"", ""Wifi"", ""Paid washer \u2013 In building"", ""Laundromat nearby"", ""Body soap"", ""Shampoo"", ""Dishes and silverware"", ""Air conditioning"", ""Stainless steel oven"", ""Essentials"", ""Hot water"", ""Bathtub"", ""Free street parking"", ""Conditioner"", ""Kitchen"", ""Fire extinguisher"", ""Cooking basics"", ""Hair dryer"", ""Room-darkening shades"", ""Paid street parking off premises"", ""Smoke alarm"", ""Keypad"", ""Dining table"", ""Freezer"", ""Elevator"", ""Refrigerator"", ""Bed linens"", ""Paid dryer \u2013 In building"", ""Clothing storage: closet"", ""Coffee maker""]","178.0","2","29","1.0","2.0","1125.0","1125.0","2.0","1125.0","True","8","38","68","343","8","8","6","5.0","5.0","5.0","5.0","4.5","4.75","True","5","5","0","0","5.58","2"
"Fully renovated modern Boho Chic apartment","This stylish place to stay is perfect for group or couple trips. This two-bedroom apartment beautifully designed and located only 18 minutes from JFK Airport. Situated in the heart of East New York/Brownville area of Brooklyn; only a 10 minute walk from public transportation 3 and L trains,  and 20 minutes from Barclay center, parking slope, and crown height neighborhoods. A semi-basement apartment has a private entrance. Each bedroom is spacious with queen size mattress, private lockers, and TV","","Donnett","New York, New York, United States","","0.96","1.0","True","0.0","0.0","True","True","Brooklyn","Entire home/apt","4","1.0","2.0","2.0","[""Baking sheet"", ""Luggage dropoff allowed"", ""TV"", ""Radiant heating"", ""Wine glasses"", ""Toaster"", ""Microwave"", ""First aid kit"", ""Hangers"", ""Ceiling fan"", ""Carbon monoxide alarm"", ""Stainless steel stove"", ""Wifi"", ""Laundromat nearby"", ""Dishes and silverware"", ""Host greets you"", ""Air conditioning"", ""Stainless steel oven"", ""LG refrigerator"", ""Essentials"", ""Free street parking"", ""Kitchen"", ""Fire extinguisher"", ""Cooking basics"", ""Dedicated workspace"", ""Hair dryer"", ""Smoke alarm"", ""Dining table"", ""Iron"", ""Bed linens"", ""Trash compactor"", ""Clothing storage: closet and dresser""]","150.0","2","27","2.0","2.0","1125.0","1125.0","2.0","1125.0","True","6","29","56","331","3","3","3","4.67","5.0","5.0","5.0","5.0","5.0","False","1","1","0","0","3.0","2"
"Sunflower 🌻 home","This is a pretty private room, With a king bed and has New TV, Big and tall windows, It’s nice street views, Downstair entire floor is a large common area for guests, The kitchen, dining area and living room, Guests can cooking a nice breakfast and have cup of espresso coffee,<br />We have additional laundry room and home gym in the basement, it’s available to use for guests stay 5 nights minimum <br />Our place all about quality of amenities, <br />We provide lot of FREE things for guests needs,<br /><br /><b>The space</b><br />It’s a beautiful private king bedroom on the top floor, <br />It’s a entire unit of the townhouse, has a separate entrance, Beautiful and bright hall way, <br />Second entire floor is amazing large common area. Kitchen, dining area and living room, <br />Additional space is laundry room and home gym in the basement, It’s available for guests stays 5 nights minimum<br /><br /><b>Guest access</b><br />This is a wonderful townhouse and our own property, We renovat","This is central Harlem in New York City,<br />It’s great location and safety street,<br />Sunny on the sidewalk, wide and bright street,<br />Excellent transportation, effortless to two subway station 2, 3 trains or B, C trains,<br />From our place to subway 2, 3 trains only by walk 5 mins, And to subway B, C trains only by walk 7 mins, <br />Good bus service just cross street, And city bike nearby!","Xiuzhen","US","","1.0","1.0","True","2.0","2.0","True","True","Manhattan","Private room","2","1.0","1.0","1.0","[""Extra pillows and blankets"", ""Luggage dropoff allowed"", ""Security cameras on property"", ""Lock on bedroom door"", ""Hot water kettle"", ""Radiant heating"", ""Shared gym in building"", ""Wine glasses"", ""43\"" TV"", ""Toaster"", ""Microwave"", ""First aid kit"", ""Hangers"", ""Cleaning products"", ""Wifi"", ""Dishes and silverware"", ""Private entrance"", ""Drying rack for clothing"", ""Dove body soap"", ""Stainless steel oven"", ""Essentials"", ""Hot water"", ""Bathtub"", ""Free street parking"", ""Safe"", ""Kitchen"", ""Free washer \u2013 In building"", ""Fire extinguisher"", ""Cooking basics"", ""Hair dryer"", ""Room-darkening shades"", ""Gas stove"", ""Smoke alarm"", ""PANTENE  shampoo"", ""Dining table"", ""Freezer"", ""Outlet covers"", ""Refrigerator"", ""Bed linens"", ""Trash compactor"", ""PANTENE conditioner"", ""Shower gel"", ""Free dryer \u2013 In building"", ""Coffee maker""]","112.0","2","20","2.0","2.0","1125.0","1125.0","2.0","1125.0","True","3","32","62","62","3","3","3","4.67","5.0","5.0","4.67","4.67","4.33","True","3","1","2","0","3.0","2"
"Gorgeous East Village 2 bedroom luxury loft","Enjoy the best part of the East Village in this gorgeous top floor luxury 2 bedroom loft with two private outdoor terraces. It's situated on famous Saint Marks Place but quiet and relaxing. Cute pop art. Super sunny. Amazing vibes!","","Tracey","New York, New York, United States","Hi I'm Tracey. A professional living in beautiful New York City. I work in the Arts and I love to going to see theatre, comedy, live music plus dining and enjoying the best that this amazing city has to offer.","","","True","1.0","1.0","True","True","Manhattan","Entire home/apt","4","1.0","2.0","2.0","[""Kitchen"", ""Outdoor dining area"", ""TV"", ""Washer"", ""Dedicated workspace"", ""Wifi"", ""Air conditioning""]","600.0","3","14","3.0","7.0","14.0","14.0","3.2","14.0","True","0","2","2","2","2","2","1","5.0","5.0","5.0","5.0","5.0","5.0","False","1","1","0","0","1.76","6"
"Lovely XL 3 Bed/1 Bedroom Apt in South Brooklyn!","This spacious 1-bedroom apartment (that sleeps four comfortably) is in the heart of South Brooklyn's Kings Highway. It's incredibly close to MTA train stations and less than a 40min drive from the city!<br /><br />It's a quiet, extra roomy unit on the 2nd floor with plenty of cafes, kosher restaurants, and shopping walking distance in an extremely safe neighborhood (one of the safest in Brooklyn).<br /><br />Big windows for lots of natural lighting + Wi-Fi, TV, and ample street parking. Very ideal for your stay!<br /><br /><b>The space</b><br />Giant bedroom with four windows that sleeps four: 2 beds and 1 comfy sofa full size pull-out (you can push the twin beds together easily to make it a queen). We provided a divider for additional privacy if you'd like to split the room into two! <br /><br />There's a closet and dresser with plentiful storage as well. Everything is brand new - all the furniture, bedding, and so on. The bathroom is bright and clean and you also have access to a ful","","Marco","Brooklyn, New York, United States","","1.0","0.96","True","0.0","0.0","True","True","Brooklyn","Entire home/apt","4","1.0","1.0","3.0","[""Extra pillows and blankets"", ""Baking sheet"", ""TV"", ""Free parking on premises"", ""Wine glasses"", ""Toaster"", ""Microwave"", ""Central heating"", ""First aid kit"", ""Hangers"", ""Lockbox"", ""Long term stays allowed"", ""Carbon monoxide alarm"", ""Cleaning products"", ""Wifi"", ""Laundromat nearby"", ""Paid parking on premises"", ""Body soap"", ""Shampoo"", ""Dishes and silverware"", ""Drying rack for clothing"", ""Private entrance"", ""Air conditioning"", ""Free street parking"", ""Essentials"", ""Hot water"", ""Conditioner"", ""Kitchen"", ""Fire extinguisher"", ""Cooking basics"", ""Dedicated workspace"", ""Hair dryer"", ""Stove"", ""Smoke alarm"", ""Dining table"", ""Iron"", ""Oven"", ""Refrigerator"", ""Bed linens"", ""Shower gel"", ""Clothing storage: closet"", ""Coffee maker""]","125.0","1","1125","1.0","1.0","1125.0","1125.0","1.0","1125.0","True","10","37","59","334","6","6","4","5.0","5.0","4.83","5.0","4.83","4.5","True","1","1","0","0","4.29","7"
"Cozy Bedroom with Private Bath in Artist’s Loft","Kick back and relax in this private bedroom with its own bathroom and kitchenette, including microwave, mini-fridge, and Keurig coffee maker.  The room has a 32” smart TV with Amazon Prime and HBO Max plus more for your convenience. The location is amazing, one block to the G train, easily transfer to the L, M, E, & 7 trains for points in Manhattan. Two blocks to the waterfront with the best views of the NYC skyline. Greenpoint is filled with unique restaurants,  bars, and boutique shops.<br /><br /><b>The space</b><br />You’ll love the location in the heart of Greenpoint. You’ll also enjoy the privacy of your suite being outside our living space so you have full privacy. <br /><br />We have a cat! He doesn’t go into the air bnb room but just know that he’s around and you might hear him in the mornings.<br /><br /><b>Guest access</b><br />You have access to the entry way where you can hang your coat and kick off your shoes. Travel down the hallway to your private room and bathroom.<br ","We are located in the heart of Greenpoint, just a few steps to the waterfront at Transmitter Park where you can view amazing NYC skyline views and access the East River. Bars, restaurants, boutiques, nightlife, street-life, we have it all. Michelin rated Karzcma is half a block down the street. This is a wonderful Polish neighborhood with a Euro feel and NYC vibe. Great bakeries, meat markets, and Polish grocery stores abound. Many produce markets, organic grocers, traditional grocers, all within a short walk from the loft. McCarren Park is a 10 minute walk from here. There's so much to do, you’ll need another week to see it all!","Amy","New York, New York, United States","Originally from Texas, I moved to New York in 1999 to pursue a career in the art world. I met my husband, also an artist, in 2002 and we’ve built a great life together. We divide our time between our loft in Brooklyn and our house in upstate New York. ","1.0","1.0","True","1.0","1.0","True","True","Brooklyn","Private room","2","1.0","1.0","1.0","[""Lock on bedroom door"", ""Keurig coffee machine"", ""Clothing storage: dresser"", ""Radiant heating"", ""Wine glasses"", ""Microwave"", ""Hangers"", ""Ethernet connection"", ""Ceiling fan"", ""Lockbox"", ""Carbon monoxide alarm"", ""Mini fridge"", ""Wifi"", ""Laundromat nearby"", ""Body soap"", ""Shampoo"", ""Dishes and silverware"", ""Free street parking"", ""Essentials"", ""Hot water"", ""Safe"", ""Hair dryer"", ""Smoke alarm"", ""32\"" HDTV with Amazon Prime Video, Apple TV, HBO Max"", ""Freezer"", ""Refrigerator"", ""Bed linens"", ""Coffee maker""]","84.0","1","4","1.0","1.0","1125.0","1125.0","1.0","1125.0","True","1","10","40","40","3","3","3","5.0","5.0","5.0","5.0","5.0","5.0","False","1","0","1","0","3.0","10"
"Perfect location in prime Williamsburg!","Perfect Location right off the bedford L. 1 stop from Manhattan!! Walking distance to all the best bars, restaurants, and parks in the area! Cozy Unit features washer/dryer, dishwasher, wifi and peaceful outdoor patio. Looking forward to your stay!<br /><br /><b>The space</b><br />Queen size bed with memory foam mattress. Towels and basic necessities provided.<br /><br /><b>Guest access</b><br />We are right in the middle of Williamsburg. 7 min walk to the L and 8 min walk to the JMZ. Citi bikes are located on the next block.<br /><br /><b>Other things to note</b><br />We do have a Persian cat. He is very friendly and really like people despite the look on his face.","Ranked coolest neighborhood in the USA! Tons of restaurants and bars within walking distant. All types<br />Of events are always happening. 2 blocks from Bedford Ave. 1 block from Williamsburg cinema.","Amber","Brooklyn, New York, United States","I’m a real estate agent in Greenpoint Brooklyn. ","1.0","1.0","True","1.0","1.0","True","True","Brooklyn","Private room","2","1.0","1.0","1.0","[""Extra pillows and blankets"", ""Baking sheet"", ""Game console: Nintendo Wii"", ""Luggage dropoff allowed"", ""Lock on bedroom door"", ""Free parking on premises"", ""Hot water kettle"", ""Private patio or balcony"", ""Wine glasses"", ""Le Rem\u00e8det conditioner"", ""Microwave"", ""Central heating"", ""Hangers"", ""Long term stays allowed"", ""Carbon monoxide alarm"", ""Washer"", ""Cleaning products"", ""Wifi"", ""Laundromat nearby"", ""Dishes and silverware"", ""Host greets you"", ""Air conditioning"", ""Stainless steel oven"", ""Essentials"", ""Hot water"", ""Bathtub"", ""Free street parking"", ""Safe"", ""Kitchen"", ""Fire extinguisher"", ""Cooking basics"", ""Hair dryer"", ""Gas stove"", ""Outdoor furniture"", ""Smoke alarm"", ""Dishwasher"", ""Iron"", ""HDTV with Netflix"", ""Freezer"", ""Le Rem\u00e8det shampoo"", ""Refrigerator"", ""Bed linens"", ""Free dryer \u2013 In unit"", ""Coffee maker"", ""Clothing storage: closet and dresser""]","73.0","1","30","1.0","1.0","30.0","30.0","1.0","30.0","True","2","13","36","265","6","6","5","5.0","5.0","5.0","5.0","4.83","4.83","True","1","0","1","0","6.0","6"
"Luxury 2 bd 2Ba Penthouse Near JFK & Laguardia","Kick back and relax in this calm, stylish luxurious space.<br /><br />Your perfect home away from, whether your traveling for business or pleasure. Everything you need all in one space.<br /><br />This is a 2 bedroom, two bathroom, apartment. With private patio, where you can step right out and enjoy the amazing view of the city. There is access to lovely rooftop, equipped with bbq grills perfect for those summer trips.<br /><br />Gym access and other activities to be utilized during your stay.<br /><br /><b>Guest access</b><br />Guests have access to entire apartment and its amenities. Only thing guests cannot access is second bedroom closet.","Many Korean bbq and all you can eat restaurants, rooftop lounges when seeking night time fun.<br /><br />There is a supermarket conveniently located downstairs, 7-eleven, dunkin donuts, pharmacy and convenient stores all with 2 block radius<br /><br />Nearby is the Shops at Skyview Center mall, where you have target, adidas, bestbuy, bjs, carter's, famous footwear, Nike outlet, Chuckecheese, forever21, Old Navy, Marshalls and many other retail stores<br /><br />Citi-field short Ten minute drive, catch a baseball game or a concert when your in the area","Stacey","Brooklyn, New York, United States","","1.0","0.47","True","0.0","0.0","True","True","Queens","Entire home/apt","2","2.0","2.0","1.0","[""Extra pillows and blankets"", ""BBQ grill"", ""TV"", ""Hot water kettle"", ""Private patio or balcony"", ""Mosquito net"", ""Shared gym in building"", ""Wine glasses"", ""Microwave"", ""Central heating"", ""First aid kit"", ""Hangers"", ""Free washer \u2013 In unit"", ""Long term stays allowed"", ""Carbon monoxide alarm"", ""Cleaning products"", ""Wifi"", ""Paid parking on premises"", ""Body soap"", ""Shampoo"", ""Dishes and silverware"", ""Air conditioning"", ""Stainless steel oven"", ""Essentials"", ""Hot water"", ""Bathtub"", ""Free street parking"", ""Conditioner"", ""Kitchen"", ""Stainless steel gas stove"", ""Cooking basics"", ""Hair dryer"", ""Smoke alarm"", ""Dishwasher"", ""Iron"", ""Freezer"", ""Elevator"", ""Pool table"", ""Refrigerator"", ""Trash compactor"", ""Clothing storage: closet"", ""Free dryer \u2013 In unit"", ""Smart lock"", ""Dedicated workspace: desk and office chair""]","189.0","1","28","1.0","1.0","28.0","28.0","1.0","28.0","True","2","32","62","327","3","3","2","5.0","5.0","5.0","5.0","5.0","5.0","False","2","2","0","0","2.5","2"
"Clean 1 bedroom in Sunset Park maximum 2 guests","This is a clean and bright 1 bedroom in Brooklyn, Sunset Park, the room can host maximum 2 guests, it has a bed, closet and small coffee table. There's a shared kitchen to prepare food, and living room with television. Shared bathroom. <br /><br />The location is close to restaurants, food markets, subway and bus station. Perfect for travelers in New York City looking for an affordable and comfortable place to stay.","","Linsha","US","","1.0","0.89","True","0.0","0.0","True","True","Brooklyn","Private room","2","1.0","1.0","1.0","[""Air conditioning"", ""Carbon monoxide alarm"", ""TV"", ""Wifi"", ""Smoke alarm"", ""Kitchen"", ""Long term stays allowed""]","45.0","1","365","1.0","1.0","365.0","365.0","1.0","365.0","True","16","46","76","76","2","2","2","4.5","4.0","5.0","5.0","4.5","5.0","True","3","0","3","0","2.0","2"
"Modern 1-Br apartment in the Bronx","Space near greenery and running paths in a safe environment close to amenities and subway.<br /><br /><b>The space</b><br />The apartment is located in the safe and quiet Pelham Parkway neighborhood of the Bronx surrounded by greenery and running paths. Good for couples, solo adventurers and families. Flexible check-in greeted by myself or friend/family. Self-check out. Available for all questions. <br /><br />Location<br />- Close to the Bronx Zoo, the New York Botanical Gardens, and Little Italy in the Bronx.<br />- It is a 3 minute walk from the 2 (red) train (stop Pelham Parkway). 45 minutes  (no transfer needed) to Times Square, and easily connected to most trains. <br />- Supermarkets, Starbucks, Chipotle, McDonalds, etc. a 4 minute walk away<br />- Street parking is manageable<br />- Building has an elevator, as well as stairs (apartment on 5th Floor)<br /><br />Living room<br />- Equipped with a 65 inch smart TV with YoutubeTV, Netflix, Hulu, Disney+, and Prime Video<br />- Com","","Rose Mary","New York, New York, United States","","0.7","0.33","True","0.0","0.0","True","True","Bronx","Entire home/apt","3","1.0","1.0","2.0","[""Extra pillows and blankets"", ""Baking sheet"", ""Hot water kettle"", ""Wine glasses"", ""Microwave"", ""Central heating"", ""Hangers"", ""Long term stays allowed"", ""Cleaning products"", ""Laundromat nearby"", ""Dishes and silverware"", ""Air conditioning"", ""Free street parking"", ""Essentials"", ""Hot water"", ""Bathtub"", ""Kitchen"", ""Cooking basics"", ""Dedicated workspace"", ""Stove"", ""Bluetooth sound system"", ""65\"" HDTV with Amazon Prime Video, Netflix"", ""Dining table"", ""Iron"", ""Clothing storage: dresser and wardrobe"", ""Fast wifi \u2013 132 Mbps"", ""Oven"", ""Elevator"", ""Refrigerator"", ""Bed linens""]","100.0","3","30","3.0","3.0","30.0","30.0","3.0","30.0","True","6","35","65","155","1","1","1","2.0","2.0","5.0","5.0","2.0","2.0","False","1","1","0","0","1.0","6"
"Large  luxury 1BR  | Historic Downtown | Washer","Large, luxury apartment in heart of downtown:<br />- Close to Wall Street, Seaport, Battery Park, Brooklyn Bridge, Stone street, and East River park<br />- Subway, Ferry, and Citibike access<br />- Large bedroom with kingsized bed<br />- Great lighting and sun<br />- Wired with Sonos speakers<br />- Washer/Dryer in unit","","Brian","New York, New York, United States","Run, Swim, Bike

Ski, Travel","","","True","2.0","2.0","True","True","Manhattan","Entire home/apt","4","1.0","1.0","1.0","[""Sonos Bluetooth sound system"", ""Cooking basics"", ""Ethernet connection"", ""Room-darkening shades"", ""Clothing storage: closet and dresser"", ""Smoke alarm"", ""Shower gel"", ""Dishes and silverware"", ""Cleaning products"", ""Dedicated workspace"", ""Conditioner"", ""Body soap"", ""Hot water"", ""TV"", ""Lockbox"", ""Free washer \u2013 In unit"", ""Hangers"", ""First aid kit"", ""Hair dryer"", ""Kitchen"", ""Bed linens"", ""Free dryer \u2013 In unit"", ""Long term stays allowed"", ""Air conditioning"", ""Safe"", ""Carbon monoxide alarm"", ""Bathtub"", ""Shampoo"", ""Iron"", ""Central heating"", ""Wifi"", ""Essentials""]","195.0","1","60","1.0","7.0","30.0","60.0","1.2","59.3","True","0","19","45","45","1","1","1","5.0","3.0","5.0","5.0","5.0","5.0","True","1","1","0","0","1.0","4"
"Bright & spacious NYC 3 bedroom steal!","The whole group of up to 6 people will enjoy easy access to everything from this centrally located place.","","Tiffany","New York, New York, United States","Quiet and easy going person who works full time and is in school full time.","0.97","0.94","True","3.0","3.0","True","True","Manhattan","Entire home/apt","6","1.0","3.0","","[""Extra pillows and blankets"", ""TV"", ""Security cameras on property"", ""Free parking on premises"", ""Toaster"", ""Microwave"", ""Hangers"", ""Portable fans"", ""Carbon monoxide alarm"", ""Washer"", ""Lake access"", ""Cleaning products"", ""Wifi"", ""Laundromat nearby"", ""Paid parking on premises"", ""Heating"", ""Body soap"", ""Dryer"", ""Dishes and silverware"", ""Air conditioning"", ""Free street parking"", ""Essentials"", ""Hot water"", ""Kitchen"", ""Clothing storage"", ""Cooking basics"", ""Dedicated workspace"", ""Hair dryer"", ""Room-darkening shades"", ""Stove"", ""Smoke alarm"", ""Dishwasher"", ""Dining table"", ""Iron"", ""Freezer"", ""Waterfront"", ""Pool"", ""Oven"", ""Elevator"", ""Paid parking off premises"", ""Refrigerator"", ""Bed linens"", ""Cleaning before checkout""]","166.0","1","14","1.0","1.0","1125.0","1125.0","1.0","1125.0","True","0","9","26","72","1","1","1","5.0","5.0","5.0","5.0","4.0","5.0","False","3","1","2","0","1.0","6"
"Central Park Is Around The Corner","A Private Bedroom & Full-Size Bed in a brand new apartment just a few steps to Central Park and very close to all major museums. Trains to downtown are one block away.<br /><br />Great travel tips from a native New Yorker. Perfect if you are looking to have a comfortable place to sleep at night and start your day<br /><br /><b>The space</b><br />This is a Six-Bedroom Apartment. You will have a private room with a full-size bed. There are three shared bathrooms. <br /><br />The apartment is cleaned, organized, and maintained regularly. Wifi, Fresh linens, and towels will be provided to you.<br /><br />The kitchen is a common area shared by other guests. Cooking is not allowed but please feel free to use the microwave, hot water kettle, and refrigerator.<br /><br />The main apartment door is controlled by an electronic that our staff uses. You will have a key lock for your private room. The apartment common areas are monitored 24/7 for your safety and security.<br /><br />Because this is","","Richard","New York, New York, United States","I love to travel and meet people. ","0.98","0.87","True","52.0","52.0","True","True","Manhattan","Private room","2","3.0","1.0","","[""Hangers"", ""Keypad"", ""Iron"", ""Heating"", ""Carbon monoxide alarm"", ""Security cameras on property"", ""Fire extinguisher"", ""Hair dryer"", ""Lock on bedroom door"", ""Dedicated workspace: desk"", ""Bed linens"", ""Wifi"", ""Body soap"", ""Shampoo"", ""Smoke alarm"", ""First aid kit"", ""Essentials"", ""Hot water""]","70.0","2","7","2.0","2.0","1125.0","1125.0","2.0","1125.0","True","11","41","62","334","1","1","0","5.0","5.0","5.0","5.0","5.0","5.0","False","51","1","50","0","0.83","8"
"Cozy 1 bedroom, 1 bath in trendy Crown Heights","Cozy 1 bedroom home away from home. Steps to major attractions. Close to Barclay Center. Steps to Prospect Park. 10 minute walk to six different train lines. 20 minutes into Manhattan by train and driving. Steps to many restaurants, shops, supermarkets, and bars. <br /><br />Fully functioning kitchen with cooking supplies. Linen and towels provided.  <br /><br />*Use of Brooklyn Museum membership for 2 people or Brooklyn Botanic Garden for 1 person if wanted. Both in walking distance.","","Donella","Brooklyn, New York, United States","","1.0","0.85","True","0.0","0.0","True","True","Brooklyn","Entire home/apt","2","1.0","1.0","1.0","[""Window guards"", ""Extra pillows and blankets"", ""Baking sheet"", ""TV"", ""Free parking on premises"", ""Wine glasses"", ""Microwave"", ""Central heating"", ""Hangers"", ""Lockbox"", ""Long term stays allowed"", ""Portable fans"", ""Window AC unit"", ""Carbon monoxide alarm"", ""Cleaning products"", ""Wifi"", ""Dishes and silverware"", ""Dove body soap"", ""Free street parking"", ""Essentials"", ""Bathtub"", ""Kitchen"", ""Cooking basics"", ""Hair dryer"", ""Stove"", ""Smoke alarm"", ""Iron"", ""Oven"", ""Refrigerator"", ""Dedicated workspace: office chair and desk"", ""Bed linens"", ""Clothing storage: closet"", ""Portable heater"", ""Coffee maker""]","102.0","2","1125","2.0","2.0","1125.0","1125.0","2.0","1125.0","True","11","41","71","161","3","3","3","5.0","4.67","5.0","5.0","5.0","5.0","True","1","1","0","0","3.0","6"
"Spacious private room in NYC","Make the most of your NY trip in this spacious private room. Near public transportation that’ll get you into midtown in 15 minutes and connects to wherever you want to go! The apartment itself is large, with your room providing an amazing view that includes the Hudson River. You’ll have access to the full kitchen and modern bathroom.<br /><br /><b>The space</b><br />Spacious living area, good kitchen space, nice and clean bathroom, great room with amazing view.<br /><br /><b>Guest access</b><br />You’re welcome to use the living space and kitchen as you need. When I am hosting I hang out in my room so the living area is all yours.","Close to the 1 train and many bus lines. Quiet building despite being huge and bustling! You’ll feel like you’re in the heart of the city but can enjoy a peaceful nights sleep!","Nicola","New York, New York, United States","Easy going. Tidy. Organized. Love to travel!! ","0.88","1.0","True","0.0","0.0","True","True","Manhattan","Private room","2","1.0","1.0","1.0","[""Extra pillows and blankets"", ""Baking sheet"", ""Luggage dropoff allowed"", ""TV"", ""Lock on bedroom door"", ""Hot water kettle"", ""Wine glasses"", ""Toaster"", ""Microwave"", ""Central heating"", ""Hangers"", ""Pantene shampoo"", ""Lockbox"", ""Long term stays allowed"", ""Portable fans"", ""Carbon monoxide alarm"", ""Cleaning products"", ""Wifi"", ""Board games"", ""Laundromat nearby"", ""Paid parking on premises"", ""Dishes and silverware"", ""Host greets you"", ""Air conditioning"", ""Dove body soap"", ""Essentials"", ""Free street parking"", ""Bathtub"", ""Kitchen"", ""Fire extinguisher"", ""Cooking basics"", ""Room-darkening shades"", ""Stove"", ""Smoke alarm"", ""Dining table"", ""Pantene  conditioner"", ""Waterfront"", ""Freezer"", ""Table corner guards"", ""Oven"", ""Elevator"", ""Refrigerator"", ""Bed linens"", ""Trash compactor"", ""Shower gel"", ""Clothing storage: closet"", ""Portable heater"", ""Paid parking garage off premises""]","100.0","2","1125","2.0","2.0","1125.0","1125.0","2.0","1125.0","True","8","20","50","95","1","1","1","5.0","5.0","5.0","5.0","5.0","5.0","False","1","0","1","0","1.0","7"
"☆1 Cama para una Mujer en Habitación de Tres Camas","Si estás buscando un lugar bonito, limpio, acogedor, seguro y además económico donde hospedarte en NYC, esta es tu opción! <br /><br />Disfruta del encanto moderno y sencillo de este apartamento, ubicado en Corona-Queens, zona segura y tranquila a tan solo  30 minutos en subway de Times Square(Midtown).<br /><br />La reserva es por la cama superior de la litera (top bunk)en habitación femenina compartida de tres camas en un departamento de 3 habitaciones, sala, comedor, cocina y dos baños, compartido con turistas!<br /><br /><b>The space</b><br />Habitación compartida para tres señoritas, con ventanales grandes y bonitas cortinas, muy luminosa, moderna y coqueta, compuesta de una cama litera y una cama twin size individual, closet para guardar la ropa con sus respectivas perchas, mesita de noche con lamparita, ropa de cama fresca y limpia, mantas adicionales, calefacción/aire acondicionado, baño privado dentro de la habitación, seguridad en la puerta, tendrás tus propias llaves!<br /><","Estamos ubicados en un vecindario movido, con mucho comercio, pero super tranquilo y seguro a la vez, Corona es culturalmente diversa así que podrás degustar de variedad gastronómica sobre todo centro y sur americana!<br /><br />Citi Field y el USTA Billie Jean King National Tennis Center se encuentran a 10 minutos en tren. Puedes llegar a Times Square en 35 minutos en tren. El aeropuerto de La Guardia a tan solo 35 minutos en autobús. El aeropuerto JFK está a una hora en tren. Queens Center mall, Quenns Place y Rego Center a 15 minutos a pie.<br /><br />Nuestra ubicación es estratégica, lo tienes todo tan cerca!","Jemg’s Hostel","New York, New York, United States","","0.96","0.81","True","6.0","6.0","True","True","Queens","Shared room","1","1.5","1.0","3.0","[""Window guards"", ""Extra pillows and blankets"", ""BBQ grill"", ""Luggage dropoff allowed"", ""Free parking on premises"", ""Mosquito net"", ""Wine glasses"", ""Barbecue utensils"", ""Toaster"", ""Microwave"", ""Pocket wifi"", ""First aid kit"", ""Single level home"", ""Hangers"", ""Lockbox"", ""Long term stays allowed"", ""Portable fans"", ""Carbon monoxide alarm"", ""Piano"", ""Mini fridge"", ""Cleaning products"", ""Wifi"", ""Board games"", ""Laundromat nearby"", ""Heating"", ""Body soap"", ""Shampoo"", ""Drying rack for clothing"", ""Dishes and silverware"", ""Air conditioning"", ""Free street parking"", ""Essentials"", ""Hot water"", ""Conditioner"", ""Kitchen"", ""Fire extinguisher"", ""Clothing storage"", ""Cooking basics"", ""Dedicated workspace"", ""Hair dryer"", ""Room-darkening shades"", ""Stove"", ""Smoke alarm"", ""Beach essentials"", ""Dining table"", ""Iron"", ""Freezer"", ""Oven"", ""Refrigerator"", ""Bed linens"", ""Shower gel"", ""Cleaning before checkout"", ""Coffee maker""]","30.0","1","28","1.0","1.0","28.0","28.0","1.0","28.0","True","14","44","74","349","1","1","0","5.0","5.0","5.0","5.0","5.0","5.0","False","7","0","1","6","0.86","2"
"#1 Bedroom Convenient to JFK, casino/gym LGA 20min","Enjoy a stylish experience at this centrally-located place.","","Anthony","Queens, New York, United States","","0.97","1.0","True","0.0","0.0","True","True","Queens","Private room","2","1.0","1.0","1.0","[""Air conditioning"", ""Fire extinguisher"", ""BBQ grill"", ""Carbon monoxide alarm"", ""Lock on bedroom door"", ""Outdoor furniture"", ""Lockbox"", ""Wifi"", ""Iron"", ""First aid kit"", ""Free parking on premises"", ""TV"", ""Hair dryer"", ""Smoke alarm"", ""Kitchen"", ""Long term stays allowed""]","65.0","1","29","1.0","1.0","1125.0","1125.0","1.0","1125.0","True","25","55","85","360","2","2","2","5.0","5.0","5.0","5.0","5.0","5.0","True","4","1","3","0","2.0","4"
"1 br unit in the heart of queens, pvt entrance","Beautiful 1 bedroom basement with a private entrance. 15 minutes from LGA airport and 20 minutes from JFK airport. 25 minutes away from Manhattan and a few minutes away from Atlas Mall and less than a block away from a restaurants/ shopping area. Surrounded by all transportation (M train- direct to Manhattan) and buses.<br /><br /><b>The space</b><br />It’s a private unit; guests are able to use all spaces in the unit.","Less than a block away from restaurants and all shopping areas. Very close to Atlas Mall and 25 minute train ride to Manhattan!","Safain","Queens, New York, United States","","","","True","1.0","1.0","True","True","Queens","Entire home/apt","3","1.0","1.0","1.0","[""TV"", ""Keurig coffee machine"", ""Clothing storage: dresser"", ""Radiant heating"", ""Microwave"", ""Hangers"", ""Long term stays allowed"", ""Portable fans"", ""Carbon monoxide alarm"", ""Dedicated workspace: table"", ""Wifi"", ""Body soap"", ""Shampoo"", ""Dishes and silverware"", ""Private entrance"", ""Air conditioning"", ""Free street parking"", ""Essentials"", ""Hot water"", ""Conditioner"", ""Kitchen"", ""Cooking basics"", ""Hair dryer"", ""Stove"", ""Smoke alarm"", ""Iron"", ""Freezer"", ""Oven"", ""Refrigerator"", ""Portable heater"", ""Coffee maker""]","105.0","2","365","2.0","2.0","1125.0","1125.0","2.0","1125.0","True","7","37","67","342","4","4","3","5.0","4.75","4.75","4.75","5.0","4.75","False","3","3","0","0","3.33","3"
"Huge Luxury 1-bedroom with fire place &workplace","A spacious, family-friendly 1 BR Duplex Townhouse within high quality American traditional furniture. In the heart of everything, 1 block to the park, 7 mins away from subway station with 40 mins train ride into Manhattan. Restaurants/lounges, grocery stores, pharmacy, laundry within 5 mins walking distance. About 16 minutes car ride to JFK or LaGuardia Airport are about 15 minutes walking from Forest Park Golf Course and 1 minute walking away from Tennis Court.<br /><br /><b>The space</b><br />This room is the master bedroom which is located at 2nd floor of the beautiful Duplex Townhouse. There is an indoor fireplace and a workplace inside of it.<br /><br /><b>Guest access</b><br />In the heart of everything, 1 block to the park, 7 mins away from subway station with 40 mins train ride into Manhattan. Restaurants/lounges, grocery stores, pharmacy, laundry within 5 mins walking distance. About 15 minutes walking from Forest Park Golf Course and 1 minute walking away from Tennis Court. S","","Huan (Rose)","New York, New York, United States","Huan( Rose) Zhu, three children’s working mom. Like food & traveling! ","1.0","1.0","True","5.0","5.0","True","True","Queens","Private room","2","1.0","1.0","1.0","[""Fire extinguisher"", ""Lock on bedroom door"", ""Smoke alarm"", ""Shower gel"", ""Smart lock"", ""Extra pillows and blankets"", ""Dedicated workspace"", ""Conditioner"", ""Hot water"", ""TV"", ""Refrigerator"", ""Indoor fireplace"", ""Hangers"", ""First aid kit"", ""Hair dryer"", ""Microwave"", ""Dining table"", ""Long term stays allowed"", ""Air conditioning"", ""Carbon monoxide alarm"", ""Bathtub"", ""Shampoo"", ""Clothing storage"", ""Iron"", ""Heating"", ""Luggage dropoff allowed"", ""Wifi"", ""Essentials""]","69.0","1","30","1.0","1.0","1125.0","1125.0","1.0","1125.0","True","7","37","67","342","9","9","8","5.0","5.0","5.0","5.0","4.89","5.0","True","5","2","3","0","7.5","1"
"Apartment Family #52","THE APARTMENT<br /><br />Studio apartment suitable for couples and families. It is an interior view but very bright. The kitchen is fully equipped for cooking during the stay. Upon arrival, we provide fresh towels and bed linen.<br /><br /><b>The space</b><br />THE APARTMENT<br /><br />Studio apartment suitable for couples and families. It is an interior view but very bright. The kitchen is fully equipped for cooking during the stay. Upon arrival, we provide fresh towels and bed linen. It also has free Wi-Fi and flat-screen TV to make more pleasant your rest in the apartment. There are also extra services that can be requested before and during the stay as airport transfer, extra cleaning, late check-out or any other needs you may have during your stay.<br /><br /><br /><br />THE BUILDING<br /><br />It is a classic Manhattan building with 3 lifts and emergency stairs. Before entering the lobby, the property has 24/7 security and video surveillance. There is also a laundry area and lugg","","Alberto","New York, New York, United States","","0.96","1.0","True","10.0","10.0","True","True","Manhattan","Entire home/apt","5","1.0","","3.0","[""Kitchen"", ""Microwave"", ""Iron"", ""TV"", ""Window AC unit"", ""Washer"", ""Coffee maker"", ""Hair dryer"", ""Stove"", ""Cooking basics"", ""Elevator"", ""Refrigerator"", ""Long term stays allowed"", ""Bed linens"", ""Crib"", ""Wifi"", ""Heating"", ""Dishes and silverware"", ""Dryer"", ""Essentials""]","142.0","1","1125","1.0","7.0","1125.0","1125.0","3.2","1125.0","True","3","22","36","236","1","1","0","5.0","5.0","5.0","5.0","5.0","5.0","True","9","9","0","0","0.79","7"
"Cheerful 1 bed room townhouse in the Queens","A spacious, family-friendly 1 BR Duplex Townhouse within high quality American traditional furniture. In the heart of everything, 1 block to the park, 7 mins away from subway station with 40 mins train ride into Manhattan. Restaurants/lounges, grocery stores, pharmacy, laundry within 5 mins walking distance. About 16 minutes car ride to JFK or LaGuardia Airport are about 15 minutes walking from Forest Park Golf Course and 1 minute walking away from Tennis Court.<br /><br /><b>The space</b><br />This is the #3 room which is located at 2nd floor in the Duplex Townhouse. Go through from the indoor wooden stairs.<br /><br /><b>Guest access</b><br />In the heart of everything, 1 block to the park, 7 mins away from subway station with 40 mins train ride into Manhattan. Restaurants/lounges, grocery stores, pharmacy, laundry within 5 mins walking distance. About 16 minutes car ride to JFK or LaGuardia Airport are about 15 minutes walking from Forest Park Golf Course and 1 minute walking away f","","Huan (Rose)","New York, New York, United States","Huan( Rose) Zhu, three children’s working mom. Like food & traveling! ","1.0","1.0","True","5.0","5.0","True","True","Queens","Private room","2","1.0","1.0","","[""Security cameras on property"", ""Fire extinguisher"", ""Lock on bedroom door"", ""Smoke alarm"", ""Shower gel"", ""Smart lock"", ""Dishes and silverware"", ""Cleaning products"", ""Extra pillows and blankets"", ""Dedicated workspace"", ""Conditioner"", ""Hot water"", ""Refrigerator"", ""Toaster"", ""Hangers"", ""First aid kit"", ""Hair dryer"", ""Microwave"", ""Dining table"", ""Long term stays allowed"", ""Air conditioning"", ""Carbon monoxide alarm"", ""Bathtub"", ""Shampoo"", ""Clothing storage"", ""Iron"", ""Heating"", ""Luggage dropoff allowed"", ""Wifi"", ""Essentials""]","65.0","1","30","1.0","1.0","1125.0","1125.0","1.0","1125.0","True","10","32","62","337","9","9","6","5.0","4.89","5.0","4.78","4.33","4.89","True","5","2","3","0","9.0","1"
"Beautiful Tourist's Stay (FEMALE TRAVELER ONLY!)","Are you traveling and looking for a place to stay in Manhattan? Keep it cozy at this peaceful and centrally-located home away from home. This Airbnb is a room in an apartment in Upper Manhattan. This is a clean and quiet room for one female traveler. We are located 2 blocks away from the A, C & 1 Subway trains.<br /><br /><b>The space</b><br />Your room is in an apartment on the Upper West Side of Manhattan. There is a twin bed and a closet with hangers. You will also have access to a shared clean bathroom with a shower and a clean kitchen with cooking utensils.<br /><br /><b>Guest access</b><br />You will have access to your room, a shared bathroom, and a kitchen. You may store food in the refrigerator and cabinet.<br /><br /><b>Other things to note</b><br />Rules<br /><br />We have a few rules to make sure that all guests are safe and comfortable during your stay. <br /><br />• No additional guests other than yourself are allowed in the apartment at any time. <br /><br />• No smoking","Washington Heights is conveniently located in Upper Manhattan. It is a short train ride away to Midtown or Downtown as well as other boroughs. Within the neighborhood are local shops as well as convenience stores. There is a park only a couple blocks away with a walking path.","Cori","New York, New York, United States","","0.74","0.79","True","3.0","3.0","True","True","Manhattan","Private room","1","1.0","1.0","1.0","[""Baking sheet"", ""Lock on bedroom door"", ""Free parking on premises"", ""Radiant heating"", ""Hangers"", ""Portable fans"", ""Wifi"", ""Laundromat nearby"", ""Dishes and silverware"", ""Free street parking"", ""Air conditioning"", ""Essentials"", ""Kitchen"", ""Cooking basics"", ""Gas stove"", ""Iron"", ""Freezer"", ""Oven"", ""Refrigerator"", ""Bed linens"", ""Clothing storage: closet""]","60.0","1","21","1.0","1.0","21.0","21.0","1.0","21.0","True","26","56","86","86","1","1","1","2.0","2.0","3.0","3.0","3.0","2.0","False","3","0","3","0","1.0","2"
"Lovely one-bedroom unit in my cozy apartment","Kick back and relax in this calm, stylish space. Come enjoy the creative scenery in New York. Walking distance to the train that goes striaght into manhatton.","","Supa","New York, New York, United States","","1.0","0.98","True","4.0","4.0","True","True","Brooklyn","Private room","2","1.0","1.0","","[""Extra pillows and blankets"", ""TV"", ""Security cameras on property"", ""Microwave"", ""Hangers"", ""Carbon monoxide alarm"", ""Cleaning products"", ""Central air conditioning"", ""Heating"", ""Body soap"", ""Shampoo"", ""Host greets you"", ""Free street parking"", ""Essentials"", ""Hot water"", ""Bathtub"", ""Conditioner"", ""Clothing storage"", ""Dedicated workspace"", ""Smoke alarm"", ""Oven"", ""Elevator"", ""Shower gel"", ""Coffee maker""]","53.0","1","20","1.0","1.0","1125.0","1125.0","1.0","1125.0","True","30","60","90","365","1","1","0","1.0","1.0","1.0","1.0","1.0","1.0","True","5","0","5","0","0.71","4"
"Lovely 2 bedroom apartment with private patio","Forget your worries in this spacious and serene space.","","Michael","Brooklyn, New York, United States","","0.9","0.67","True","0.0","0.0","True","True","Brooklyn","Entire home/apt","4","1.5","2.0","2.0","[""Extra pillows and blankets"", ""Private patio or balcony"", ""Microwave"", ""Central heating"", ""Free washer \u2013 In unit"", ""Long term stays allowed"", ""Carbon monoxide alarm"", ""Cleaning products"", ""Record player"", ""Wifi"", ""Central air conditioning"", ""TV with Amazon Prime Video, Apple TV, HBO Max, Netflix"", ""Dishes and silverware"", ""Drying rack for clothing"", ""Stainless steel oven"", ""Free street parking"", ""Essentials"", ""Hot water"", ""Bathtub"", ""Kitchen"", ""Cooking basics"", ""Stove"", ""Outdoor furniture"", ""Smoke alarm"", ""Private fenced garden or backyard"", ""Freezer"", ""Refrigerator"", ""Bed linens"", ""Free dryer \u2013 In unit"", ""Denon sound system with Bluetooth and aux"", ""Coffee maker"", ""Outdoor dining area"", ""Clothing storage: closet and dresser""]","250.0","2","30","2.0","2.0","1125.0","1125.0","2.0","1125.0","True","2","2","2","2","1","1","1","5.0","5.0","5.0","5.0","5.0","5.0","False","2","1","1","0","1.0","8"
"1 bedroom with private bathroom","1 bedroom with private bathroom located 2 minutes walk from A train express to downtown Manhattan, and Howard beach A train to JFK air train, less than 10 minute Uber from JFK terminals, in a safe neighborhood (Ozone Park), spacious room with king size bed and private bathroom and occasionally-shared kitchen and backyard","","Ashwin","US","I am Ashwin, simple and friendly and I have good morals.","0.94","0.17","True","0.0","0.0","True","True","Queens","Private room","2","1.0","1.0","1.0","[""Cooking basics"", ""Fire extinguisher"", ""Lock on bedroom door"", ""Smoke alarm"", ""Dishes and silverware"", ""Cleaning products"", ""Extra pillows and blankets"", ""Dedicated workspace"", ""Conditioner"", ""Body soap"", ""Hot water"", ""TV"", ""Clothing storage: closet"", ""Free dryer \u2013 In building"", ""Bidet"", ""Hangers"", ""First aid kit"", ""Kitchen"", ""Bed linens"", ""Long term stays allowed"", ""Air conditioning"", ""Safe"", ""Radiant heating"", ""Carbon monoxide alarm"", ""Bathtub"", ""Wifi"", ""Shampoo"", ""Iron"", ""Central heating"", ""Washer"", ""Essentials""]","120.0","1","29","1.0","1.0","29.0","29.0","1.0","29.0","True","30","60","90","365","1","1","1","5.0","5.0","5.0","5.0","5.0","5.0","False","1","0","1","0","1.0","2"
"Queen Suite Fast Free WIFi in Private House","This unique residence has a style of its own and  brings a European flare to Brooklyn. During your visit, indulge in this Huge Suite, with a comfortable Queen size bed & fluffy pillows, a double seated couch so you can stretch out on and elegant dinning table or work area, if you so choose.  Enjoy the comfort of your own home even when you're away.<br />Surely the best option to stay in Brooklyn for a fair price.<br /><br /><b>The space</b><br />Feel like cooking tonight... If so, our space boasts a newly renovated spaceous kitchen and Bathroom. Our Kitchen is fully equip with silverware, glassware & cookware. Your suite allows for comfortable seated dinning to enjoy all your meals. <br />Explore your viewing options with a Smart TV /FireTv combo(Which will allow you to watch Movies & shows using your personal streaming accts.) right in your suite.<br />Here at the L' Aurora, you can enjoy your Complimentary Coffee/Tea throughout your stay with the latest K-Supreme Keurig.<br /><br /> ","","Greg","US","","1.0","0.95","True","0.0","0.0","True","True","Brooklyn","Private room","2","1.0","1.0","1.0","[""Window guards"", ""Extra pillows and blankets"", ""Baking sheet"", ""TV"", ""Security cameras on property"", ""Lock on bedroom door"", ""Keurig coffee machine"", ""Hot water kettle"", ""Clothing storage: dresser"", ""Wine glasses"", ""Toaster"", ""Microwave"", ""First aid kit"", ""Hangers"", ""Lockbox"", ""Long term stays allowed"", ""Portable fans"", ""Carbon monoxide alarm"", ""Cleaning products"", ""Wifi"", ""Board games"", ""Laundromat nearby"", ""Heating"", ""Dishes and silverware"", ""Drying rack for clothing"", ""Air conditioning"", ""Free street parking"", ""Essentials"", ""Hot water"", ""Bathtub"", ""Kitchen"", ""Fire extinguisher"", ""Cooking basics"", ""Hair dryer"", ""Room-darkening shades"", ""Stove"", ""Dove conditioner"", ""Dove shampoo"", ""Smoke alarm"", ""Children\u2019s books and toys for ages 5-10 years old and 10+ years old"", ""Dining table"", ""Iron"", ""Freezer"", ""Oven"", ""Refrigerator"", ""Bed linens"", ""Shower gel"", ""Coffee maker"", ""Dedicated workspace: office chair and table""]","57.0","2","28","1.0","2.0","28.0","28.0","2.0","28.0","True","0","0","0","0","2","2","2","5.0","5.0","5.0","5.0","4.0","5.0","False","2","0","2","0","2.0","2"
"Cozy Room by Central Park&Colombia univ","Hello my name is Bill ,I’m MD , will be more than happy to host you , my general attitude is to treat people the same I would like to treated, my listing located in Upper West side, which know for bustling shopping area vibrant culture, humble abode offers offers you comfortable stay<br /><br /><b>The space</b><br />It’s spacious apartment offers renovated room and kitchen with AC , and heating 2 shared bathrooms washing machine and dryer, high hygiene room abundance with natural light, the place is spacious so you will feel you have your own suite , my place with 3 easy stair flights ,me or my computer host will always be there to help you if needed I offer my guest early drop off luggage for free<br /><br /><b>Guest access</b><br />All guest have there own key to access the apartment feel free to contact me if you need anything , full access to kitchen laundry room<br /><br /><b>Other things to note</b><br />Please clean up after yourself to keep up place clean , please keep noise to","Quiet cozy neighborhood close to grocery restaurants and pharmacies Central Park one block (2minutes walking )<br />Few minutes to different subway station 1,2,3 ,b and c which takes you to midtown downtown within 15 minutes soho and every where in the city","Bill","New York, New York, United States","Hi it's Bill! I'm a MD and I will be more than happy to host you in my beautiful apartment. My general attitude is to treat people the same way I would like to be treated. 
My listing is in the upper west side which is know for its vibrant culture! 
Welcome! :)","1.0","1.0","True","3.0","3.0","True","True","Manhattan","Private room","2","2.0","1.0","1.0","[""Extra pillows and blankets"", ""Luggage dropoff allowed"", ""Bikes"", ""Lock on bedroom door"", ""Hot water kettle"", ""Wine glasses"", ""Toaster"", ""Microwave"", ""Hangers"", ""Lockbox"", ""Long term stays allowed"", ""Carbon monoxide alarm"", ""Washer"", ""Cleaning products"", ""Wifi"", ""Central air conditioning"", ""Laundromat nearby"", ""Heating"", ""Body soap"", ""Shampoo"", ""Dryer"", ""Dishes and silverware"", ""Free street parking"", ""Essentials"", ""Hot water"", ""Bathtub"", ""Conditioner"", ""Safe"", ""Kitchen"", ""Fire extinguisher"", ""Cooking basics"", ""Hair dryer"", ""Room-darkening shades"", ""Stove"", ""Smoke alarm"", ""Dining table"", ""Iron"", ""Freezer"", ""Oven"", ""Refrigerator"", ""Bed linens"", ""Trash compactor"", ""Shower gel"", ""Clothing storage: closet"", ""Coffee maker"", ""Paid parking garage off premises""]","86.0","1","50","1.0","1.0","1125.0","1125.0","1.0","1125.0","True","9","39","69","69","1","1","0","5.0","5.0","5.0","5.0","5.0","5.0","True","2","0","2","0","0.75","2"
"Clean 1 bedroom in Brooklyn, Sunset Park","Clean and bright 1 bedroom in Brooklyn, Sunset Park. There's a shared kitchen to prepare food, and living room with television. Shared bathroom.<br /><br />The location is close to restaurants, food markets, subway and bus station. Perfect for travelers in New York City looking for an affordable and comfortable place to stay.","","Linsha","US","","1.0","0.89","True","0.0","0.0","True","True","Brooklyn","Private room","1","1.0","1.0","1.0","[""Carbon monoxide alarm"", ""TV"", ""Wifi"", ""Smoke alarm"", ""Kitchen"", ""Long term stays allowed""]","45.0","1","365","1.0","1.0","365.0","365.0","1.0","365.0","True","0","0","19","19","2","2","2","3.0","3.0","3.0","4.5","3.0","3.0","True","3","0","3","0","2.0","2"
"⭐️⭐️⭐️⭐️ Contemporary Apartment Near JFK & LGA Airport","Enjoy a stylish experience at this newly Renovated unit with easy access to both JFK & LaGuardia Airports, Major Shopping Area,Roosevelt field & Green Acres mall,Aqueduct Casino, Citi Field Baseball Arena, also just minutes away from newly constructed UBS Arena home of the Islanders Hockey Team and more….","","Bridget","Queens, New York, United States","","0.96","0.92","True","0.0","0.0","True","True","Queens","Entire home/apt","3","1.0","1.0","2.0","[""Ethernet connection"", ""55\"" HDTV with Netflix"", ""Clothing storage: closet and dresser"", ""Fire extinguisher"", ""Smoke alarm"", ""Shower gel"", ""Extra pillows and blankets"", ""Conditioner"", ""Hot water"", ""Coffee maker"", ""Laundromat nearby"", ""Keurig coffee machine"", ""Head n shoulders shampoo"", ""Portable air conditioning"", ""Freezer"", ""Hangers"", ""Pack \u2019n play/Travel crib"", ""Hair dryer"", ""Bed linens"", ""Microwave"", ""Dining table"", ""Long term stays allowed"", ""Mini fridge"", ""Sound bar  sound system with Bluetooth and aux"", ""Carbon monoxide alarm"", ""Dedicated workspace: table"", ""Free street parking"", ""Private entrance"", ""Wine glasses"", ""Iron"", ""Heating"", ""Wifi"", ""Essentials""]","99.0","2","29","2.0","2.0","1125.0","1125.0","2.0","1125.0","True","19","49","79","354","1","1","1","5.0","5.0","5.0","5.0","5.0","5.0","True","1","1","0","0","1.0","4"
"Room In Beautiful Brooklyn Apartment","Bright room in a stylish apartment on the fourth floor of a quintessential Brooklyn brownstone. The room is in a three bedroom - apartment hosted and occupied by a well traveled Brit who currently resides in the US. The perfect setting for the solo traveler here on business or pleasure, to wake up in the morning and start your day or wind down after a long day in the city.  Located in historical Stuyvesant Heights near local cafes, restaurants and A/C trains directly to JFK Airport or Manhattan.<br /><br /><b>The space</b><br />Decent sized bedroom with queen bed, dresser and lot's of closet space.<br /><br /><b>Guest access</b><br />Lot's of transportation options to get around Brooklyn and to the city in 10 - 30 minutes.","Diverse community in a beautiful tree-lined historic neighborhood. Lot's of restaurants and bars. A cultural melting pot with an opportunity to experience the cuisine and culture of this vibrant New York community.","Blu","New York, New York, United States","I am a Brit living in Brooklyn for over ten years. I love the neighborhood, community and people. I am very social and love meeting new people.  I look forward to meeting you and sharing my beautiful home and hope to help make your stay a happy and memorable one.","1.0","1.0","True","1.0","1.0","True","True","Brooklyn","Private room","1","1.0","1.0","","[""Extra pillows and blankets"", ""Lock on bedroom door"", ""Wine glasses"", ""Toaster"", ""Hangers"", ""Long term stays allowed"", ""Carbon monoxide alarm"", ""Wifi"", ""Heating"", ""Dishes and silverware"", ""Air conditioning"", ""Free street parking"", ""Essentials"", ""Hot water"", ""Bathtub"", ""Safe"", ""Kitchen"", ""Clothing storage"", ""Cooking basics"", ""Hair dryer"", ""Room-darkening shades"", ""Stove"", ""Smoke alarm"", ""Dishwasher"", ""Iron"", ""Oven"", ""Refrigerator"", ""Bed linens"", ""Shower gel""]","80.0","4","365","4.0","4.0","365.0","365.0","4.0","365.0","True","6","36","66","156","1","1","1","5.0","5.0","5.0","5.0","5.0","5.0","False","1","0","1","0","1.0","5"
"A small cozy comfortable 1 bedroom in Queens","A small but cozy and comfortable room with a twin size bed. In the heart of everything,  1 block to the park, 7 mins away from subway station with 40 mins train ride into Manhattan. Restaurants/lounges,  grocery stores, pharmacy, laundry within 5 mins walking distance. About 16 minutes  car ride to JFK or LaGuardia Airport are about  15 minutes walking from Forest Park Golf Course and  1 minute walking away from Tennis Court.","","Huan (Rose)","New York, New York, United States","Huan( Rose) Zhu, three children’s working mom. Like food & traveling! ","1.0","1.0","True","5.0","5.0","True","True","Queens","Private room","1","1.0","1.0","1.0","[""Fire extinguisher"", ""Lock on bedroom door"", ""Smoke alarm"", ""Shower gel"", ""Smart lock"", ""Extra pillows and blankets"", ""Conditioner"", ""Hot water"", ""Refrigerator"", ""Hangers"", ""First aid kit"", ""Hair dryer"", ""Dining table"", ""Microwave"", ""Long term stays allowed"", ""Carbon monoxide alarm"", ""Bathtub"", ""Private entrance"", ""Shampoo"", ""Clothing storage"", ""Iron"", ""Heating"", ""Luggage dropoff allowed"", ""Wifi"", ""Essentials""]","49.0","1","30","1.0","1.0","1125.0","1125.0","1.0","1125.0","True","14","44","74","254","5","5","5","5.0","5.0","5.0","5.0","5.0","5.0","True","5","2","3","0","5.0","1"
"Super cozy private Unit near JFK","The tone of this apartment is quite elegant and colorful - enhanced with a vinery design and beautiful RGB lights.  Area is equipped with heating and fans for a comfortable and relaxing stay. Guests have to go down 5 steps.<br /><br /><b>The space</b><br />freshly designed private 2 bed room unit apartment in a house. The apartment has a bathroom, kitchen, living and 2bed rooms with full size beds. You are welcome to use the kitchen, which is fully stocked with a stove/oven with everything you need to cook such as pots, pans, plates, cups, glasses, bowls, eating utensils, refrigerator, microwave, etc. The place has a really comfortable futon , the perfect place for relaxation while you watch Netflix, Hulu, or any streaming television. Wi-Fi is also available if needed. This apartment is private so you won’t be sharing with anyone. Free street parking is always available. Upon arrival, if you are not pleased with the space, please let me know and I will gladly issue a refund in order fo","","Michael","New York, New York, United States","","1.0","0.88","True","0.0","0.0","True","True","Queens","Entire home/apt","3","1.0","2.0","","[""Dishes and silverware"", ""Mini fridge"", ""Oven"", ""Lockbox"", ""Shampoo"", ""Hot water"", ""Central heating"", ""Kitchen"", ""TV"", ""Wifi"", ""Smoke alarm"", ""Essentials""]","90.0","2","26","2.0","2.0","26.0","26.0","2.0","26.0","True","12","42","72","347","3","3","2","4.33","3.67","5.0","5.0","4.67","4.0","False","1","1","0","0","3.0","4"
"Lovely studio in the heart of  Manhattan!","Facts about building/area:<br />*Laundromat in the building<br />*Cool Rooftop!<br />*The apartment is a 5 minutes’ walk to the 6, E, M train, 15 mins from the Rockefeller Center and from Grand Central. <br />*Grocery store in a short walk<br />*Lot of restaurants and bars in the area—very convenient location overall<br />*Quiet and safe neighborhood, a lot of embassy nearby. <br /><br />+ About apartment:<br />*Lots of sunlight<br />*Dishwasher<br />*Fully furnished<br />*Boardgames <br />*Creative vibe<br /><br />Feel here like it's your second home =)","","Renata","US","","0.9","0.79","True","0.0","0.0","True","True","Manhattan","Entire home/apt","1","1.0","1.0","","[""Luggage dropoff allowed"", ""Bikes"", ""Hot water kettle"", ""Wine glasses"", ""Toaster"", ""Microwave"", ""First aid kit"", ""Hangers"", ""Lockbox"", ""Carbon monoxide alarm"", ""Washer"", ""Cleaning products"", ""Wifi"", ""Board games"", ""Paid parking on premises"", ""Shampoo"", ""Air conditioning"", ""electric stove"", ""Essentials"", ""Hot water"", ""Conditioner"", ""Safe"", ""Kitchen"", ""Fire extinguisher"", ""Cooking basics"", ""Dedicated workspace"", ""Hair dryer"", ""Smoke alarm"", ""Dishwasher"", ""Iron"", ""Elevator"", ""Refrigerator"", ""Paid dryer \u2013 In building"", ""Outdoor dining area""]","323.0","1","5","1.0","1.0","5.0","5.0","1.0","5.0","True","15","43","47","321","3","3","3","5.0","5.0","4.67","4.67","5.0","5.0","False","1","1","0","0","3.0","2"
"Lovely 1 Bedroom with backyard access","CONVENIENT LOCATION<br />- Block away from Traverse Park <br />- 711 on your doorstep. <br />- Grocery store on your doorstep<br />- Plenty of restaurants within walking distance.<br /><br /><br />** 8 min walk to 82nd street train station.<br />** 12 min walk to Jackson Heights train station <br />** 5 min taxi ride from LGA<br />** 16 min taxi ride from JFK<br />** Q66 bus a block away.<br /><br />** NO PARTIES **","","Phoorpa","US","","0.7","1.0","True","0.0","0.0","True","True","Queens","Entire home/apt","2","1.0","1.0","1.0","[""BBQ grill"", ""Luggage dropoff allowed"", ""TV"", ""Security cameras on property"", ""Hot water kettle"", ""Radiant heating"", ""Toaster"", ""Microwave"", ""Shared garden or backyard"", ""First aid kit"", ""Single level home"", ""Kirkland conditioner"", ""Carbon monoxide alarm"", ""Long term stays allowed"", ""Cleaning products"", ""Wifi"", ""Laundromat nearby"", ""Kirkland body soap"", ""Kirkland shampoo"", ""Dishes and silverware"", ""Private entrance"", ""Air conditioning"", ""Stainless steel oven"", ""Essentials"", ""Hot water"", ""Safe"", ""Kitchen"", ""Clothing storage"", ""Cooking basics"", ""Dedicated workspace"", ""Hair dryer"", ""Stove"", ""Outdoor furniture"", ""Iron"", ""Freezer"", ""Refrigerator"", ""Bed linens"", ""Trash compactor"", ""Coffee maker"", ""Outdoor dining area""]","95.0","2","365","2.0","2.0","365.0","365.0","2.0","365.0","True","0","0","4","4","1","1","0","5.0","5.0","5.0","5.0","5.0","5.0","False","1","1","0","0","0.91","1"
"Lower East Side Studio with Alcove and Fire Escape","The whole group will enjoy easy access to everything from this centrally located place in the Lower East Side. A quick walk to dozens of bars, shops, restaurants and the Tenement Museum. The perfect place to stay, and minutes away from Chinatown, Little Italy, East Village, and Nolita.","Lower East Side has a ton of shops, restaurants, and bars within 2-minute walk.","Michael","US","","1.0","0.67","True","0.0","0.0","True","True","Manhattan","Entire home/apt","4","1.0","1.0","1.0","[""Cooking basics"", ""Room-darkening shades"", ""Fire extinguisher"", ""Smoke alarm"", ""Dishes and silverware"", ""Cleaning products"", ""Conditioner"", ""Clothing storage: dresser"", ""Body soap"", ""Paid parking garage off premises"", ""Hot water"", ""Laundromat nearby"", ""Google Home  Bluetooth sound system"", ""TV"", ""Refrigerator"", ""Lockbox"", ""Elevator"", ""Freezer"", ""First aid kit"", ""Kitchen"", ""Bed linens"", ""Microwave"", ""Air conditioning"", ""Radiant heating"", ""Single level home"", ""Carbon monoxide alarm"", ""Bathtub"", ""Dedicated workspace: table"", ""Board games"", ""Stove"", ""Shampoo"", ""Iron"", ""Wifi"", ""Essentials""]","245.0","4","21","4.0","4.0","21.0","21.0","4.0","21.0","True","8","8","13","58","1","1","1","5.0","5.0","5.0","5.0","5.0","5.0","False","1","1","0","0","1.0","2"
"Unique Private Bedroom in Trendy Lower East Side","Unique bedroom located in the Lower East Side. 1 block from multiple train and transport options to go anywhere in the city. Steps from manhattans' must-see restaurants, bars, art galleries, and museums.","","Arthur","AU","","1.0","0.89","True","1.0","1.0","True","True","Manhattan","Private room","2","1.0","1.0","1.0","[""Dishes and silverware"", ""Cleaning products"", ""Dedicated workspace"", ""Essentials"", ""Cooking basics"", ""Long term stays allowed"", ""Central heating"", ""Wifi"", ""Shampoo"", ""Hot water"", ""Hangers"", ""Iron"", ""Clothing storage: dresser and wardrobe"", ""Kitchen"", ""Central air conditioning"", ""Hair dryer"", ""Smoke alarm"", ""Shower gel"", ""Bed linens""]","95.0","4","365","4.0","60.0","1125.0","1125.0","28.1","1125.0","True","0","2","32","307","1","1","0","5.0","5.0","5.0","5.0","5.0","5.0","False","6","1","5","0","0.88","4"
"Entire Apartment w/free parking by Airport (LGA)","We offer 2 bedrooms. Each bedroom includes one double bed and one twin bed. Bedroom #1 includes a half-bathroom as well. DisneyPlus, Hulu, and ESPN+ are included in TV. Security cameras in place around the outside of the house to ensure safety. Guests have access to entire apartment which includes the kitchen and dining space as well as the living room. We grant guests complete privacy. Free parking on premises for up to one car. Free street parking widely available as well.<br /><br /><b>The space</b><br />We are happy to share our lovely home with travelers visiting The Big Apple and searching for a clean and convenient place to stay at an affordable price. We have conceived our guest rooms with comfort, simplicity and minimalism in mind. Our home is located in a nice, quiet, and safe neighborhood with Manhattan only a bus and train ride away. <br /><br />LaGuardia Airport (LGA) is only a short 5-minute drive away and Citi Field is located 5-10 minutes from our home as well. Whether ","","Tafazzul","Queens, New York, United States","","1.0","0.97","True","0.0","0.0","True","True","Queens","Entire home/apt","4","1.5","2.0","4.0","[""Cooking basics"", ""Security cameras on property"", ""Fire extinguisher"", ""Hot water kettle"", ""Smoke alarm"", ""TV with "", ""Dishwasher"", ""Dishes and silverware"", ""Cleaning products"", ""Dedicated workspace"", ""Body soap"", ""Hot water"", ""Laundromat nearby"", ""Refrigerator"", ""Toaster"", ""Freezer"", ""Hangers"", ""First aid kit"", ""Hair dryer"", ""Kitchen"", ""Bed linens"", ""Microwave"", ""Dining table"", ""Air conditioning"", ""Long term stays allowed"", ""Carbon monoxide alarm"", ""Free street parking"", ""Oven"", ""Free driveway parking on premises \u2013 1 space"", ""Private entrance"", ""Shampoo"", ""Wine glasses"", ""Iron"", ""Heating"", ""Luggage dropoff allowed"", ""Wifi"", ""Essentials""]","155.0","2","28","2.0","2.0","1125.0","1125.0","2.0","1125.0","True","14","44","74","349","2","2","2","5.0","4.5","5.0","5.0","5.0","4.5","False","1","1","0","0","2.0","2"
"Lovely bedroom in a curated Loft in Williamsburg","Access the heart of Williamsburg at this peaceful and centrally-located apartment. 2 blocks away from Domino Park which has breathtaking views of Manhattan. Steps away to the Bedford L train. A 20 min lovely coffee walk or 10 min cycle to lower east side if you decide to venture to the city via the Williamsburg bridge! We provide a desk for you to WFH if you need to do so. The mattress is an air mattress - we’ve purchased the most comfy one!","","Cherri","New York, New York, United States","Hailing from the land of sheep and kiwis (New Zealand), I am a Design Technologist living in Brooklyn, NY. I love to eat my way around the world and am excited to discover new dining spots in your neighborhood!","0.9","0.75","True","0.0","0.0","True","True","Brooklyn","Private room","2","1.0","1.0","1.0","[""Extra pillows and blankets"", ""Baking sheet"", ""TV"", ""Lock on bedroom door"", ""Hot water kettle"", ""Mosquito net"", ""Wine glasses"", ""Microwave"", ""Bidet"", ""First aid kit"", ""Lockbox"", ""Carbon monoxide alarm"", ""Piano"", ""Cleaning products"", ""Board games"", ""Laundromat nearby"", ""Fast wifi \u2013 136 Mbps"", ""Heating"", ""Body soap"", ""Shampoo"", ""Drying rack for clothing"", ""Dishes and silverware"", ""Air conditioning"", ""Private entrance"", ""Essentials"", ""Hot water"", ""Bathtub"", ""Free street parking"", ""Conditioner"", ""Kitchen"", ""Fire extinguisher"", ""Cooking basics"", ""Dedicated workspace"", ""Hair dryer"", ""Stove"", ""Smoke alarm"", ""Dishwasher"", ""Dining table"", ""Iron"", ""Freezer"", ""Waterfront"", ""Oven"", ""Refrigerator"", ""Bed linens"", ""Shower gel""]","189.0","1","5","1.0","1.0","5.0","5.0","1.0","5.0","True","0","0","0","237","2","2","2","5.0","5.0","5.0","5.0","4.5","5.0","False","2","1","1","0","2.0","2"
"Spacious Brooklyn Studio","This studio apartment with its own private entrance is our home away from home. The unit has a queen bed and a day bed that folds out into two twin (or one full) beds. We recently refurnished the unit, so a clean large well light studio with kind neighbors awaits. <br /><br />Located in Bed-Stuy Brooklyn  four blocks from the C train.<br /><br />** Please note that the fridge is broken and will not be fixed before year end**","","Naa-Sakle","Richmond, Virginia, United States","Love to travel","1.0","1.0","True","0.0","0.0","True","True","Brooklyn","Entire home/apt","4","1.0","1.0","2.0","[""Extra pillows and blankets"", ""Luggage dropoff allowed"", ""TV"", ""Microwave"", ""Dedicated workspace: "", ""Hangers"", ""Lockbox"", ""Long term stays allowed"", ""Portable fans"", ""Carbon monoxide alarm"", ""Wifi"", ""Laundromat nearby"", ""Heating"", ""Dishes and silverware"", ""Body soap"", ""Private entrance"", ""Air conditioning"", ""Free street parking"", ""Essentials"", ""Hot water"", ""Bathtub"", ""Kitchen"", ""Stove"", ""Smoke alarm"", ""Dining table"", ""Iron"", ""Oven"", ""Bed linens"", ""Clothing storage: closet"", ""Coffee maker""]","107.0","1","365","1.0","1.0","365.0","365.0","1.0","365.0","True","4","21","21","216","2","2","2","5.0","5.0","5.0","5.0","5.0","5.0","True","1","1","0","0","2.0","6"
"Garden + 1 Bedroom Apt, quiet and cozy","Quiet cross-street that’s a block away from the delicious restaurants and cafes of 7th avenue and 2 blocks away from 5th avenue.  We’re also 2 blocks from Prospect Park, a great respite for jogging and strolls. <br /><br />Our place is conveniently situated only 4 blocks to the F and G subway station (and is a 20-minute commute into lower Manhattan).","Quiet cross-street that’s a block away from the delicious restaurants and cafes of 7th avenue and 2 blocks away from 5th avenue.  We’re also 2 blocks from Prospect Park, a great respite for jogging and strolls.","Vincent","New York, New York, United States","I'm Vincent - an avid cyclist born and raised in New York City. I work in architecture and therefore am constantly looking at the buildings and designed world around me. My passion for cycling, design and the outdoors brings me to beautiful place all around the world. ","","","True","0.0","0.0","True","True","Brooklyn","Entire home/apt","2","1.0","1.0","1.0","[""Backyard"", ""Central heating"", ""Hangers"", ""Long term stays allowed"", ""Carbon monoxide alarm"", ""Piano"", ""Wifi"", ""Body soap"", ""Dishes and silverware"", ""Shampoo"", ""Host greets you"", ""Essentials"", ""Hot water"", ""Kitchen"", ""Free washer \u2013 In building"", ""Cooking basics"", ""Dedicated workspace"", ""Stove"", ""Smoke alarm"", ""Dishwasher"", ""Freezer"", ""Oven"", ""TV with Roku"", ""Refrigerator"", ""Bed linens"", ""Free dryer \u2013 In building"", ""Outdoor dining area""]","195.0","2","365","2.0","2.0","365.0","365.0","2.0","365.0","True","0","27","57","81","4","4","3","4.75","4.75","5.0","5.0","5.0","4.5","False","1","1","0","0","4.0","8"
"Spacious 3 bedroom condo to share","The apartment is located in the Upper East Side. The neighborhood is nice, safe, family surrounded by nice restaurants, bars, cafés and shoppings walking distance.<br /><br /><b>The space</b><br />The place is a 3 bedroom Apartment. Right now I’m only renting one room since I use 2 rooms for storage, I travel for the most part.<br /><br /><b>Guest access</b><br />The kitchen, Living room, dining room, bathroom, Balcony<br /><br /><b>Other things to note</b><br />The building has an elevator and a supermarket underneath on the street. Washer and dryer is available at a cost downstairs in the building","Beautiful upper East side of Manhattan (UES). You will be within 20 min walking distance to Central Park or you can take a quick bus ride.","Ella","New York, New York, United States","","0.94","1.0","True","0.0","0.0","True","True","Manhattan","Private room","2","2.0","1.0","","[""Lockbox"", ""Kitchen"", ""Long term stays allowed"", ""Iron"", ""TV"", ""Carbon monoxide alarm"", ""Indoor fireplace"", ""Lock on bedroom door"", ""Hair dryer"", ""Dedicated workspace"", ""Outdoor dining area"", ""Free parking on premises"", ""Wifi"", ""Paid parking on premises"", ""Smoke alarm"", ""Air conditioning"", ""First aid kit""]","130.0","3","1125","3.0","3.0","1125.0","1125.0","3.0","1125.0","True","9","39","69","344","4","4","4","5.0","5.0","5.0","5.0","5.0","5.0","True","2","0","2","0","4.0","6"
"Premium 2 Bedroom Brooklyn Condo/ Lux Amenities","We are providing you with a premium stay in the heart of Brooklyn. This luxurious space is in one of the cities safest neighborhoods. This state of the art space comes with a balcony, kitchen, living room, plus 2 bedroom areas that can perfectly host 6 guests. Experience Brooklyn with this luxurious two-bedroom apartment that allows you to soak up the perfect NYC sunny day from huge windows or from the buildings roof deck.<br />Inquire for any questions for any small dinners or gatherings.<br /><br /><b>The space</b><br />The property has a roof deck, game room, movie room, gym, and relaxation room.<br /><br /><b>Guest access</b><br />No parking in building<br /><br /><b>Other things to note</b><br />There is heating","20 Mins from NYC (MANHATAN) <br />Next to the 67 precinct.<br />A few blocks away from the neighborhood’s favorite bars, restaurants, and cafes.","Russell","Queens, New York, United States","","0.99","0.97","True","0.0","0.0","True","True","Brooklyn","Entire home/apt","6","1.0","2.0","3.0","[""Extra pillows and blankets"", ""Stainless steel electric stove"", ""Bikes"", ""Security cameras on property"", ""Hot water kettle"", ""Private patio or balcony"", ""Shared gym in building"", ""Toaster"", ""Microwave"", ""Central heating"", ""First aid kit"", ""Single level home"", ""Hangers"", ""Ethernet connection"", ""Lockbox"", ""Long term stays allowed"", ""Carbon monoxide alarm"", ""Cleaning products"", ""Wifi"", ""Paid washer \u2013 In building"", ""Laundromat nearby"", ""Body soap"", ""Shampoo"", ""Dryer"", ""Dishes and silverware"", ""Air conditioning"", ""Stainless steel oven"", ""Essentials"", ""Hot water"", ""Bathtub"", ""Free street parking"", ""Conditioner"", ""Kitchen"", ""Fire extinguisher"", ""Cooking basics"", ""Dedicated workspace"", ""Hair dryer"", ""Room-darkening shades"", ""Bluetooth sound system"", ""Outdoor furniture"", ""Smoke alarm"", ""42\"" HDTV with "", ""Dishwasher"", ""Dining table"", ""Iron"", ""Freezer"", ""Elevator"", ""Pool table"", ""Refrigerator"", ""Bed linens"", ""Trash compactor"", ""Clothing storage: closet"", ""Ping pong table"", ""Coffee maker"", ""Outdoor dining area""]","138.0","1","365","1.0","1.0","1125.0","1125.0","1.0","1125.0","True","3","22","44","310","6","6","6","4.67","5.0","4.83","5.0","4.67","4.83","True","3","3","0","0","6.0","1"
"Sun-Drenched Room w/PRIVATE BALCONY (Williamsburg)","This sunny private room with a PRIVATE BALCONY is in a 2BR apartment in prime WILLIAMSBURG. The location is unbeatable, with only a 10-minute walk to the 'Bedford Ave' station on the L train, and the 'Marcy Ave' station on the J/M/Z trains.<br /><br />The waterfront and breath-taking Domino Park are a 5 min walk from the building. There are also a plethora of cafes, boutiques, and Michelin-star restaurants within a 1 block radius (Meadowsweet, Francie), brick oven pizza (Motorino), and the list goes on!<br /><br /><b>The space</b><br />This room is in a super sunny 2BR in PRIME WILLIAMSBURG.   The room has it's own private balcony with views of the Williamsburg bank. It has gorgeous, windowed french double doors at the entrance.  There is a full size memory foam sofa bed in the bedroom that doubles as both a couch for watching tv and a bed for sleeping.  <br /><br />The apartment has a full, eat-in kitchen with a gas stove and all the utensils you'll need to feel at home.  The dining t","The breathtaking Domino park is a ~5min walk (3 blocks) to the water.  The entrance to the walking path over the Willamsburg Bridge is a 1/2 block from the front of the building, meaning you can get to Lower East Side, Manhattan in about 20minutes walking.  The nearest L and JMZ subway stops are less than a 10minute walk.  There are a bunch of Michelin starred restaurants within a 1 block radius (Meadowsweet, Francie), brick oven pizza (Motorino), fantastic breweries (Brooklyn Brewery, Randolph Beer WBURG), wine bars, clubs, museums--you name it, this part of Williamsburg has it within a 15min walk.","Michael","Brooklyn, New York, United States","","1.0","0.78","True","0.0","0.0","True","True","Brooklyn","Private room","1","1.0","1.0","1.0","[""Baking sheet"", ""Lock on bedroom door"", ""Hot water kettle"", ""Private patio or balcony"", ""Radiant heating"", ""Toaster"", ""Microwave"", ""First aid kit"", ""Long term stays allowed"", ""Carbon monoxide alarm"", ""Window AC unit"", ""Cleaning products"", ""Wifi"", ""Shampoo"", ""Dishes and silverware"", ""Stainless steel oven"", ""Essentials"", ""Hot water"", ""Bathtub"", ""Kitchen"", ""Cooking basics"", ""Hair dryer"", ""Room-darkening shades"", ""Gas stove"", ""Smoke alarm"", ""Keypad"", ""Dining table"", ""Iron"", ""Freezer"", ""TV with Roku"", ""Refrigerator"", ""Dedicated workspace: office chair and desk"", ""Bed linens"", ""Shower gel"", ""Coffee maker"", ""Outdoor dining area""]","92.0","2","60","2.0","5.0","60.0","60.0","2.2","60.0","True","1","19","49","324","2","2","2","4.5","4.5","5.0","5.0","5.0","4.5","False","2","1","1","0","2.0","7"
"2 bedrooms Near JFK and LGA, UBS Arena, Citi Field","This Beautiful Suit is Located in trendy Jamaica, Queens. Walking  distance from air train. 8 min Drive from John F. Kennedy International Airport (JFK) and 15 min from LaGuardia Airport. <br />Our comfy home is fully equipped with a smart TV, Wifi, AC, & games!  <br /><br />We are here to make your stay in NYC one to remember. Looking forward to hosting You!Your family will be close to everything when you stay at this centrally-located place.","Our home is close to Jamaica Avenue and Liberty Ave where you can find shops, food and explore the amazing different cultures in Queens.<br />5 miles from Citi Field.","Rumena","Queens, New York, United States","","0.99","1.0","True","1.0","1.0","True","True","Queens","Entire home/apt","10","1.0","2.0","5.0","[""Cooking basics"", ""Security cameras on property"", ""Room-darkening shades"", ""Crib"", ""Fire extinguisher"", ""Children\u2019s books and toys"", ""Hot water kettle"", ""Smoke alarm"", ""Shower gel"", ""Smart lock"", ""Dishes and silverware"", ""Cleaning products"", ""Extra pillows and blankets"", ""Dedicated workspace"", ""Conditioner"", ""Body soap"", ""Hot water"", ""Ceiling fan"", ""Free parking on premises"", ""Coffee maker"", ""Laundromat nearby"", ""TV"", ""Rice maker"", ""Refrigerator"", ""Freezer"", ""Hangers"", ""First aid kit"", ""Pack \u2019n play/Travel crib"", ""Hair dryer"", ""Kitchen"", ""Bed linens"", ""Microwave"", ""Dining table"", ""Air conditioning"", ""Mini fridge"", ""Safe"", ""Long term stays allowed"", ""Carbon monoxide alarm"", ""Free street parking"", ""Bathtub"", ""Oven"", ""Board games"", ""Stove"", ""Shampoo"", ""Wine glasses"", ""Clothing storage"", ""Iron"", ""Heating"", ""Luggage dropoff allowed"", ""Wifi"", ""Essentials""]","243.0","1","365","1.0","1.0","1125.0","1125.0","1.0","1125.0","True","16","45","75","350","5","5","5","4.6","4.6","5.0","5.0","4.6","4.8","True","7","4","3","0","5.0","4"
"Local Artist's Getaway Loft with Two Balconies","For years, I've been curating my space to inspire me in solitude.  A place to come back to after spending days in my studio to relax, recharge and reinvigorate my creativity.<br />Now, I want to share my space with you.  I've turned my hideaway into a gallery/living space hybrid, featuring selected works of my own.  It's a private art gallery and a secluded space to call your own just close enough to everything the city has to offer - a truly unique, inspiring Brooklyn experience.","When you step outside, you’re steps away from some of East Williamsburg’s best bars and restaurants, including Sweet Science, Champs Diner and Win Son. East Williamsburg is one of Brooklyn’s last true residential neighborhoods, so feel free to explore the local area, including the community garden next door and playground across the street.<br /><br />The space is also located right in the heart of Brooklyn’s most prominent street art scenes in Bushwick, Williamsburg and East Williamsburg. Feel free to ask me for recommendations on what to check out (or where to find some of my public projects).","Peter","Brooklyn, New York, United States","","1.0","1.0","True","0.0","0.0","True","True","Brooklyn","Entire home/apt","4","1.0","2.0","","[""Extra pillows and blankets"", ""Baking sheet"", ""TRESemme 4+4 Moisturizing Conditioner conditioner"", ""Keurig coffee machine"", ""Free parking on premises"", ""Private patio or balcony"", ""Wine glasses"", ""Central heating"", ""Hangers"", ""Lockbox"", ""Long term stays allowed"", ""Carbon monoxide alarm"", ""Washer"", ""Cleaning products"", ""Clothing storage: closet and wardrobe"", ""Wifi"", ""Body soap"", ""Dishes and silverware"", ""Air conditioning"", ""Stainless steel oven"", ""Essentials"", ""Free street parking"", ""Bathtub"", ""Kitchen"", ""Cooking basics"", ""Dedicated workspace"", ""Hair dryer"", ""Zotos Quantum Daily Cleansing Shampoo shampoo"", ""Room-darkening shades"", ""Smoke alarm"", ""Dishwasher"", ""Dining table"", ""Iron"", ""Freezer"", ""Refrigerator"", ""Shower gel"", ""Free dryer \u2013 In unit"", ""TV with Amazon Prime Video, Apple TV, Netflix"", ""Coffee maker""]","360.0","3","60","3.0","3.0","1125.0","1125.0","3.0","1125.0","True","2","25","55","330","2","2","2","5.0","5.0","5.0","5.0","5.0","5.0","False","1","1","0","0","2.0","2"
"Private room with shower on Union Square side","Thank you for your interest.<br />Who do you recommend? What kind of room?  Be sure to check the details that follow below:)<br /><br /><b>The space</b><br />--Room--<br />• Sofa bed + Queen bed<br />• Kitchen<br />   -Plates, bowls, cutlery, cutting boards, knives, pots, pans available<br />   -No seasoning<br />• Private room with a lock.<br />• Linens, bath towels, hairdryer available.<br />• Bathrooms are located both in the private rooms and in the common hallway.<br />•Shampoo, conditioner, and body soap are provided in the private shower room.<br />• Stairs only （Rooms are on the 3rd floor)<br />•Self check-in.<br /><br />If you want to use the sofa bed as a bed for less than two people, please let us know in advance; if you book for three people, we will set up the sofa bed as a bed.<br /><br />If you have any questions, please feel free to contact me:)","","Koichi","US","Hello, everyone!
My name is Koichi from Japan this year.
Although I can't get to meet you in person at check-in, I'd like to be friends with you.
I'd like to take your feedback to make your stay more comfortable.
Please feel free to invite me to dinner if you like.
I just came to New York, so I don't have a lot of recommendations for places to eat.
So let's discover the charm of New York together!
Thank you so much!","0.99","0.98","True","4.0","4.0","True","True","Manhattan","Private room","3","1.0","1.0","2.0","[""Hangers"", ""Lockbox"", ""Long term stays allowed"", ""Carbon monoxide alarm"", ""Fire extinguisher"", ""Cooking basics"", ""Lock on bedroom door"", ""Dedicated workspace"", ""Hair dryer"", ""Heating"", ""Shampoo"", ""Smoke alarm"", ""Air conditioning"", ""Essentials""]","141.0","3","365","1.0","5.0","999.0","1125.0","3.1","999.9","True","4","34","64","337","3","3","3","4.67","4.67","4.33","5.0","5.0","5.0","True","11","0","11","0","3.0","2"
"2 Bedroom apartment, nicely renovated.","2 Bedroom apartment for rent, short term in Bushwick, Brooklyn NY. The apartment comes furnished and includes free WiFi. Located right by the L-train (Myrtle/ Wyckoff stop) and close to the trendiest restaurants and bars Bushwick has to offer. This is a very safe and central area.","","Theo","New York, New York, United States","I am from Austria, Musician/ Songwriter, in Real Estate and learning things everyday. Our condo in Florida is our second home to get away from the buzz of NYC. It is our little piece of paradise and we have lovingly made it our little sanctuary. 

We work full time in NYC and only visit the condo infrequently. For this reason we are putting it on AirBnB for others to enjoy when we aren't using it. ","1.0","0.89","True","1.0","1.0","True","True","Brooklyn","Entire home/apt","4","1.0","2.0","2.0","[""TV"", ""Microwave"", ""Central heating"", ""First aid kit"", ""Long term stays allowed"", ""Carbon monoxide alarm"", ""Cleaning products"", ""Wifi"", ""Laundromat nearby"", ""Shampoo"", ""Dishes and silverware"", ""Air conditioning"", ""Free street parking"", ""Essentials"", ""Hot water"", ""Kitchen"", ""Fire extinguisher"", ""Cooking basics"", ""Hair dryer"", ""Stove"", ""Smoke alarm"", ""Dishwasher"", ""Dining table"", ""Iron"", ""Freezer"", ""Oven"", ""Refrigerator"", ""Bed linens"", ""Shower gel"", ""Clothing storage: closet"", ""Coffee maker""]","107.0","5","59","5.0","5.0","1125.0","1125.0","5.0","1125.0","True","10","40","70","345","1","1","1","5.0","5.0","5.0","5.0","5.0","5.0","False","1","1","0","0","1.0","5"
"Central Park and You","A Private Bedroom & Full-Size Bed in a brand new apartment just a few steps to Central Park and very close to all major museums. Trains to downtown are one block away.<br /><br />Great travel tips from a native New Yorker. Perfect if you are looking to have a comfortable place to sleep at night and start your day<br /><br /><b>The space</b><br />This is a Six-Bedroom Apartment. You will have a private room with a full-size bed. There are three shared bathrooms. <br /><br />Your room can be locked from inside the room but does not have a key lock because it's on a fire escape. This is an NYC law for fire emergencies.<br /><br />The apartment is cleaned, organized, and maintained regularly. Wifi, Fresh linens, and towels will be provided to you.<br /><br />The kitchen is a common area shared by other guests. Cooking is not allowed but please feel free to use the microwave, hot water kettle, and refrigerator.<br /><br />The main apartment door is controlled by an electronic that our staff","","Richard","New York, New York, United States","I love to travel and meet people. ","0.98","0.87","True","52.0","52.0","True","True","Manhattan","Private room","2","3.0","1.0","","[""Hangers"", ""Keypad"", ""Iron"", ""Carbon monoxide alarm"", ""Fire extinguisher"", ""Security cameras on property"", ""Dedicated workspace"", ""Hair dryer"", ""Elevator"", ""Wifi"", ""Heating"", ""Shampoo"", ""Smoke alarm"", ""First aid kit"", ""Essentials"", ""Hot water""]","54.0","2","7","2.0","2.0","1125.0","1125.0","2.0","1125.0","True","8","38","68","68","2","2","1","5.0","5.0","5.0","5.0","5.0","4.5","False","51","1","50","0","1.62","8"
"BEST Bushwick Private Room - 15 min to Manhattan","HI. I'm Gordon and I am a retired NYC public school math teacher. This cozy room located in my quiet 2 bedroom apartment is on the 2nd floor of the building. I'm often out and about so your experience would likely be quite private. Your room is equipped such that your stay is completely self- contained. Amenities include mini-fridge, microwave, personal hair dryer, shampoo and body wash, 50"" flat screen TV with YouTube, Netflix, and Pandora installed, Wi-Fi, full-sized bed, and air mattress.","","Gordon","New York, New York, United States","My name is Gordon and I've lived in Brooklyn for 35 years! I love my neighbors, I love my block  and I love my home. I taught High School mathematics and am now happily retired. Welcome! :) ","","","True","2.0","2.0","True","True","Brooklyn","Private room","2","1.0","1.0","1.0","[""TV"", ""Lock on bedroom door"", ""Microwave"", ""Hangers"", ""Long term stays allowed"", ""Carbon monoxide alarm"", ""Mini fridge"", ""Wifi"", ""Body soap"", ""Shampoo"", ""Dishes and silverware"", ""Air conditioning"", ""Essentials"", ""Hot water"", ""Bathtub"", ""Dedicated workspace"", ""Hair dryer"", ""Room-darkening shades"", ""Smoke alarm"", ""Iron"", ""Bed linens"", ""Shower gel"", ""Portable heater"", ""Coffee maker""]","52.0","4","29","4.0","4.0","1125.0","1125.0","4.0","1125.0","True","10","40","70","70","2","2","2","4.5","5.0","5.0","5.0","5.0","4.5","True","3","2","1","0","2.0","4"
"Private Delightful studio in Bushwick near L train","Interested in a comfortable studio apartment in the middle of Bushwick. This apartment is perfectly located by the L-train near Wilson providing anyone with just about easy access to the city, That is only a 25 min train ride to manhattan the most tourist city in the world.","","Zuleyka","Brooklyn, New York, United States","Zuleyka Carrión. Dominicana me spaciousness los negocios, el trato con las personas, la cultura de cada país, empresarial,cada día con nuevas metas. Me gusta ayudar a los demás ","0.94","1.0","True","12.0","12.0","True","True","Brooklyn","Private room","2","1.0","1.0","","[""Hangers"", ""Long term stays allowed"", ""Carbon monoxide alarm"", ""TV"", ""Fire extinguisher"", ""Lock on bedroom door"", ""Dedicated workspace"", ""Cooking basics"", ""Wifi"", ""Dishes and silverware"", ""Smart lock"", ""Heating"", ""Shampoo"", ""Smoke alarm"", ""Air conditioning"", ""Essentials""]","99.0","1","30","1.0","1.0","1125.0","1125.0","1.0","1125.0","True","0","0","0","0","7","7","7","4.57","4.86","4.71","4.14","4.86","5.0","True","9","3","6","0","7.0","5"
"Amazing 1BR condo in the heart of Williamsburg","A large, modern one bedroom one bathroom available in the heart of Williamsburg! You can't beat the location of this apartment, we are a 1 min walk from Whole Foods, 2 blocks from the subway station, and walking distance to all that Bedford Ave / North Williamsburg has to offer (McCarren Park, Domino Park). The apartment itself is also interior facing, so it's quiet yet convenient. The space is filled with natural light in both the bedroom and living room. Come enjoy at our peaceful sanctuary!","Hipster with flavors of NYC vibes","Jae","Ridgefield, New Jersey, United States","","1.0","1.0","True","0.0","0.0","True","True","Brooklyn","Entire home/apt","2","1.0","1.0","1.0","[""Extra pillows and blankets"", ""TV"", ""Hot water kettle"", ""Microwave"", ""Central heating"", ""Long term stays allowed"", ""Carbon monoxide alarm"", ""Washer"", ""Cleaning products"", ""Wifi"", ""Body soap"", ""Shampoo"", ""Dishes and silverware"", ""Air conditioning"", ""Free street parking"", ""Essentials"", ""Hot water"", ""Bathtub"", ""Conditioner"", ""Kitchen"", ""Clothing storage"", ""Cooking basics"", ""Dedicated workspace"", ""Hair dryer"", ""Room-darkening shades"", ""Bluetooth sound system"", ""Smoke alarm"", ""Dishwasher"", ""Dining table"", ""Freezer"", ""Elevator"", ""Bed linens"", ""Shower gel"", ""Free dryer \u2013 In unit"", ""Coffee maker""]","289.0","4","35","4.0","4.0","1125.0","1125.0","4.0","1125.0","True","0","0","0","0","2","2","2","5.0","5.0","5.0","5.0","5.0","5.0","True","1","1","0","0","2.0","4"
"Very nice clean private room in upper West side","Very peaceful and a good place to get some rest close to central park lots of restaurants close by A-train and 1-train only two blocks away","","Josue","US","","0.92","1.0","True","0.0","0.0","True","True","Manhattan","Private room","2","1.5","1.0","1.0","[""Air conditioning"", ""Essentials"", ""Conditioner"", ""Bathtub"", ""Clothing storage: dresser"", ""Shampoo"", ""Room-darkening shades"", ""Lock on bedroom door"", ""Kitchen"", ""TV"", ""Wifi"", ""Shower gel"", ""Long term stays allowed""]","99.0","1","365","1.0","1.0","365.0","365.0","1.0","365.0","True","1","24","54","137","3","3","3","5.0","5.0","5.0","5.0","5.0","5.0","True","1","0","1","0","3.0","1"
"Beautiful views of NYC SKYLINE W/ this 1 BEDROOM","Enjoy a stylish experience at this centrally-located place.","A block from the water and skyline- quiet neighborhood.. center of all restaurants and cafes!","Hetal","New York, New York, United States","","1.0","1.0","True","1.0","1.0","True","True","Queens","Entire home/apt","2","1.0","1.0","1.0","[""Baking sheet"", ""TV"", ""Keurig coffee machine"", ""Radiant heating"", ""Wine glasses"", ""Toaster"", ""Microwave"", ""Bidet"", ""Hangers"", ""Ethernet connection"", ""Ceiling fan"", ""Long term stays allowed"", ""Carbon monoxide alarm"", ""Paid parking garage off premises"", ""Wifi"", ""Laundromat nearby"", ""Dishes and silverware"", ""Private entrance"", ""Host greets you"", ""Air conditioning"", ""Stainless steel oven"", ""Essentials"", ""Hot water"", ""Free street parking"", ""Kitchen"", ""Fire extinguisher"", ""Cooking basics"", ""Hair dryer"", ""Gas stove"", ""Smoke alarm"", ""Iron"", ""Freezer"", ""Waterfront"", ""Refrigerator"", ""Bed linens"", ""Clothing storage: closet"", ""Coffee maker"", ""Dedicated workspace: desk and office chair""]","150.0","2","365","2.0","2.0","1125.0","1125.0","2.0","1125.0","True","1","1","1","1","1","1","1","5.0","5.0","5.0","5.0","5.0","5.0","False","1","1","0","0","1.0","6"
"Modern, Artistic Loft Located in Prime Location","Amazing loft in elevator building with 14ft ceilings in an insanely prime location- 3 minute walk away from Union Square Park (BEST farmers market), a few blocks from Madison Square Park/ Flatiron building, and the best restaurants in the Chelsea and West Village neighborhoods. Located on a quiet, tree lined block. The F/M train is right outside of the building. Note that the sleeping area is lofted and is up a ladder. Huge desk and monitor for WFH setup, Nespresso, Sonos connection as well!<br /><br /><b>The space</b><br />Entire unit is available and is in an elevator building on the 7th floor. Please note that the sleeping area is lofted and is up a flight of stairs!<br /><br /><b>Guest access</b><br />Entire unit is for you to enjoy!","Prime area between Flatiron, Chelsea and West Village. Steps away from Union Square, a few blocks from Madison Square Park and the Flatiron building. Also a short 2-3 stop subway ride (subway is literally 2 steps away from the building) to shopping in Soho and Tribeca. Also very close to Nolita, just a short walk through the East Village! The Strand is a few blocks away as well!","Katherine","New York, New York, United States","","0.8","0.88","True","0.0","0.0","True","True","Manhattan","Entire home/apt","3","1.0","","1.0","[""Extra pillows and blankets"", ""Hot water kettle"", ""Wine glasses"", ""Nespresso machine"", ""Microwave"", ""Central heating"", ""Breakfast"", ""Long term stays allowed"", ""Washer"", ""Cleaning products"", ""Wifi"", ""Laundromat nearby"", ""Body soap"", ""Shampoo"", ""Dryer"", ""Dishes and silverware"", ""Private entrance"", ""Air conditioning"", ""Stainless steel oven"", ""Essentials"", ""Free street parking"", ""Bathtub"", ""Stainless steel gas stove"", ""Kitchen"", ""Cooking basics"", ""Dedicated workspace"", ""Hair dryer"", ""Dishwasher"", ""Freezer"", ""Elevator"", ""Refrigerator"", ""Bed linens"", ""Shower gel"", ""Smart lock"", ""Coffee maker""]","193.0","2","365","1.0","3.0","1125.0","1125.0","2.4","1125.0","True","6","14","44","71","3","3","3","5.0","4.67","5.0","5.0","5.0","4.67","True","1","1","0","0","3.0","4"
"Lovely luxury one bedroom in Manhattan midtown","Hi, my name is Veco, this lovely one bedroom is right next to 57st F train, in the center of midtown. <br />Please let me know if you have any questions, thank you","","Veco","New York, New York, United States","","1.0","1.0","True","0.0","0.0","True","True","Manhattan","Entire home/apt","4","1.0","1.0","1.0","[""TV"", ""Security cameras on property"", ""Microwave"", ""Lockbox"", ""Long term stays allowed"", ""Carbon monoxide alarm"", ""Cleaning products"", ""Wifi"", ""Heating"", ""Dishes and silverware"", ""Body soap"", ""Shampoo"", ""Air conditioning"", ""Essentials"", ""Hot water"", ""Conditioner"", ""Kitchen"", ""Dedicated workspace"", ""Hair dryer"", ""Rice maker"", ""Smoke alarm"", ""Dining table"", ""Freezer"", ""Oven"", ""Refrigerator"", ""Bed linens"", ""Shower gel""]","223.0","2","365","2.0","2.0","1125.0","1125.0","2.0","1125.0","True","0","11","31","31","2","2","2","5.0","5.0","4.5","5.0","5.0","5.0","True","1","1","0","0","2.0","8"
"COZY HOME","Cozy studio apartment, in Hell's Kitchen, 7 min walk from the subway (50th street station the blue line (C, E), 49th street station the line Yellow (N, R, W)), 12 min walk from Port Authority Bus Terminal, 8 min walk from Times Square, 8 min walk from Central Park, with restaurants very close, supermarkets and pharmacies, close to the Intrepid Sea Air and Space museum, the Hudson River Park , the Dewitt Clinton Park, the hell's kitchen Park.<br /><br /><b>The space</b><br />The building has an buzzer, backyard and the apartment is a beautiful studio apartment with all the basic supplies.<br /><br /><b>Guest access</b><br />Manhattan is a city with a lot of traffic, which makes one of the best ways to get around and enjoy the city the public transport such as the subway and without a doubt walking, which gives you the opportunity to discover the beautiful secrets that New York have for you, near the apartment there are a couple of parking spaces for cars (not included)","Hell’s Kitchen:<br />A beloved neighborhood with a little grit.<br />Named for the notorious 19th century motorcycle gang, “Hell’s Kitchen” was once a part of town where few New Yorkers thought to live. Its gritty reputation and far-west location kept it under the radar. But today’s Hell’s Kitchen is a far cry from the image its name evokes. In the past ten years, developers and small business owners have planted roots in this up-and-coming neighborhood.","Johanna","","","1.0","0.99","True","2.0","2.0","True","True","Manhattan","Entire home/apt","2","1.0","1.0","1.0","[""Extra pillows and blankets"", ""Baking sheet"", ""Luggage dropoff allowed"", ""TV"", ""Radiant heating"", ""Toaster"", ""Microwave"", ""Single level home"", ""Hangers"", ""Ethernet connection"", ""Ceiling fan"", ""Long term stays allowed"", ""Carbon monoxide alarm"", ""Cleaning products"", ""Wifi"", ""Laundromat nearby"", ""Body soap"", ""Dishes and silverware"", ""Air conditioning"", ""Stainless steel oven"", ""Essentials"", ""Hot water"", ""Bathtub"", ""Kitchen"", ""Cooking basics"", ""Dedicated workspace"", ""Hair dryer"", ""Room-darkening shades"", ""Stove"", ""Smoke alarm"", ""Dining table"", ""Iron"", ""Freezer"", ""Refrigerator"", ""Bed linens"", ""Clothing storage: closet"", ""Coffee maker"", ""Shared fenced garden or backyard""]","172.0","2","28","2.0","2.0","1125.0","1125.0","2.0","1125.0","True","3","33","58","238","3","3","3","5.0","4.67","5.0","4.67","5.0","4.67","True","3","3","0","0","3.0","2"
"Cheerful 2-bedroom unit in Queens near Manhattan!!","Hi! Welcome to our home!! It's a wonderful cheerful 2 bedroom & 1 bathroom house in Sunnyside, Queens. You have access to a backyard straight from the master bedroom. The unit comes equipped with all the amenities for a peaceful and cozy stay all while being so close to Manhattan & Brooklyn. The 7 train line runs here. Nearby restaurants, bars, grocery stores, fast food, and laundromats all in a 3-5 minute walking radius. Everything you'd possibly need to feel at home even while away from home.","","Aurgho","US","Hi my name is Aurgho and I was born and raised in Queens NYC. I enjoy traveling and have stayed at several Airbnb’s around the world. I thought why not give back similar if not better experiences than I had to any of my future guests. Looking forward to being your Host. :)","0.97","0.95","True","0.0","0.0","True","True","Queens","Entire home/apt","6","1.0","2.0","2.0","[""Extra pillows and blankets"", ""TV"", ""Security cameras on property"", ""Keurig coffee machine"", ""Radiant heating"", ""Toaster"", ""Microwave"", ""First aid kit"", ""Single level home"", ""Hangers"", ""Long term stays allowed"", ""Carbon monoxide alarm"", ""Cleaning products"", ""Wifi"", ""Laundromat nearby"", ""Body soap"", ""Shampoo"", ""Dishes and silverware"", ""Private entrance"", ""Air conditioning"", ""Free street parking"", ""Essentials"", ""Hot water"", ""Bathtub"", ""Conditioner"", ""Kitchen"", ""Fire extinguisher"", ""Cooking basics"", ""Dedicated workspace"", ""Hair dryer"", ""Room-darkening shades"", ""Smoke alarm"", ""Children\u2019s books and toys for ages 5-10 years old and 10+ years old"", ""Keypad"", ""Dining table"", ""Iron"", ""Refrigerator"", ""Bed linens"", ""Shower gel"", ""Coffee maker"", ""Shared fenced garden or backyard""]","209.0","2","30","2.0","2.0","30.0","30.0","2.0","30.0","True","16","46","76","351","5","5","5","4.2","4.6","4.6","4.2","4.6","4.2","True","2","2","0","0","5.0","1"
"Cheerful four  bedroom townhouse much much  more!;","Relax with the whole family at this peaceful place to stay.<br /><br /><b>The space</b><br />What makes this townhouse unique is that it has the most beautiful views all around it, and there are like 3 groceries/ supermarkets right around the corner from this townhouse<br /><br /><b>Guest access</b><br />The whole house will be available to the guests including parking on the premises<br /><br /><b>Other things to note</b><br />One thing the guests should know when staying here is that they should drive/walk around the neighborhood to get a good vibe from it","This townhouse has the best views it is right across forest park which is a amazing place to relax","Isaak","US","","1.0","1.0","True","0.0","0.0","True","True","Queens","Entire home/apt","7","3.0","4.0","7.0","[""Hangers"", ""Safe"", ""Extra pillows and blankets"", ""Kitchen"", ""Long term stays allowed"", ""Dedicated workspace"", ""Clothing storage: walk-in closet, closet, and dresser"", ""Air conditioning"", ""Cleaning products"", ""Free parking on premises"", ""Radiant heating"", ""Private hot tub"", ""Shampoo"", ""Smoke alarm"", ""First aid kit"", ""Dove body soap"", ""Essentials"", ""Hot water""]","250.0","1","365","1.0","1.0","365.0","365.0","1.0","365.0","True","30","60","90","365","1","1","0","1.0","1.0","3.0","2.0","3.0","2.0","True","1","1","0","0","0.83","1"
"Clean & Cozy 1 Bedroom Apt. near all in Flushing","Relax in this cozy one bedroom apartment in a private house. It promises a relaxing retreat just few minutes from popular restaurants, shops, cafe, markets and nightlife.   <br />조용하고 깨끗하며 편리한 1 베드 가정집 아파트<br /><br /><b>The space</b><br />With Plenty of sunshine all day long, this lovey apartment is filled with warmth and comfort. You can relax after the Big Apple adventure. <br />The apartment is equipped with everything you need for a perfect stay:<br />* Queen-sized bed<br />* Fully Equipped Kitchen<br />   - All utensils, pots, pans, cups and dishes are NEW.<br />* High-Speed WiFi<br />* Fire TV with Netflix<br />* LED Lighting<br />* Heating and much more........<br /><br />SAFETY<br />We strictly follow Airbnb's cleaning requirements. So please rest assured that you are in good hands. We treat our guests' safety and cleanness as our priorities. And our home is equipped with:<br />* Fire extinguisher <br />* First Aid<br />* Carbon Monoxide<br />* Smoke Alarm<br /><br /><b>Guest a","Mixed with quiet residential neighborhood and vibrant city life in one. We are located several minutes away from Flushing nightlife with bars and restaurants.","Michael","Queens, New York, United States","","","","True","0.0","0.0","True","True","Queens","Entire home/apt","2","1.0","1.0","1.0","[""Extra pillows and blankets"", ""Luggage dropoff allowed"", ""Security cameras on property"", ""Keurig coffee machine"", ""Hot water kettle"", ""Wine glasses"", ""Toaster"", ""Microwave"", ""Central heating"", ""First aid kit"", ""Hangers"", ""Pantene shampoo"", ""Lockbox"", ""Long term stays allowed"", ""Portable fans"", ""Carbon monoxide alarm"", ""Cleaning products"", ""Wifi"", ""Laundromat nearby"", ""Dishes and silverware"", ""Air conditioning"", ""Dove body soap"", ""Essentials"", ""Hot water"", ""Pantene conditioner"", ""Bathtub"", ""Free street parking"", ""Kitchen"", ""Fire extinguisher"", ""Cooking basics"", ""Dedicated workspace"", ""Hair dryer"", ""Stove"", ""Smoke alarm"", ""Dining table"", ""HDTV with Netflix"", ""Freezer"", ""Refrigerator"", ""Bed linens"", ""Shower gel"", ""Coffee maker"", ""Clothing storage: closet and dresser""]","98.0","2","365","2.0","2.0","1125.0","1125.0","2.0","1125.0","True","5","31","61","151","2","2","1","5.0","5.0","5.0","5.0","5.0","5.0","True","1","1","0","0","1.71","4"
"PRIVATE OASIS WITH PATIO IN BROWNSTONE DUPLEX","Kick back and relax in this calm, private, stylish and brand new space with 2 living areas and a private patio!","Bedstuy is in the heart of Brooklyn, beautiful neighborhood lined with brownstones, lots of restaurants, very artsy and full of hip-hop culture!","Celine","","","1.0","0.75","True","0.0","0.0","True","True","Brooklyn","Entire home/apt","5","1.5","2.0","3.0","[""Extra pillows and blankets"", ""Luggage dropoff allowed"", ""Hot water kettle"", ""Wine glasses"", ""Toaster"", ""Microwave"", ""Central heating"", ""Hangers"", ""Lockbox"", ""Portable fans"", ""Carbon monoxide alarm"", ""Washer"", ""Cleaning products"", ""Wifi"", ""Central air conditioning"", ""Body soap"", ""Shampoo"", ""Dryer"", ""TV with Amazon Prime Video, HBO Max, Netflix, Roku"", ""Drying rack for clothing"", ""Dishes and silverware"", ""Stainless steel oven"", ""Essentials"", ""Hot water"", ""Bathtub"", ""Private entrance"", ""Conditioner"", ""Kitchen"", ""Free street parking"", ""Clothing storage"", ""Cooking basics"", ""Hair dryer"", ""Room-darkening shades"", ""Stove"", ""Outdoor furniture"", ""Smoke alarm"", ""Dishwasher"", ""Dining table"", ""Private fenced garden or backyard"", ""Freezer"", ""Refrigerator"", ""Bed linens"", ""Shower gel"", ""Outdoor dining area""]","350.0","2","14","2.0","4.0","14.0","14.0","2.1","14.0","True","2","2","2","40","1","1","1","5.0","5.0","5.0","5.0","5.0","5.0","False","1","1","0","0","1.0","2"
"Private room with Shared bath on Union Square side","Thank you for your interest.<br />Who do you recommend? What kind of room?  Be sure to check the details that follow below:)<br /><br /><b>The space</b><br />--Room--<br />• Sofa bed + Queen bed<br />• Kitchen<br />   -Plates, bowls, cutlery, cutting boards, knives, pots, pans available<br />   -No seasoning<br />• Private room with a lock.<br />• Linens, bath towels, hairdryer available.<br />• Bathrooms are located both in the common hallway.<br />• Please prepare your own shampoo, conditioner, and toothbrush, shower sandals.<br />• Stairs only （Rooms are on the 3rd floor)<br />•Self check-in.<br /><br />If you want to use the sofa bed as a bed for less than two people, please let us know in advance; if you book for three people, we will set up the sofa bed as a bed.<br /><br />If you have any questions, please feel free to contact me:)","","Koichi","US","Hello, everyone!
My name is Koichi from Japan this year.
Although I can't get to meet you in person at check-in, I'd like to be friends with you.
I'd like to take your feedback to make your stay more comfortable.
Please feel free to invite me to dinner if you like.
I just came to New York, so I don't have a lot of recommendations for places to eat.
So let's discover the charm of New York together!
Thank you so much!","0.99","0.98","True","4.0","4.0","True","True","Manhattan","Private room","3","1.0","1.0","2.0","[""Air conditioning"", ""Fire extinguisher"", ""Dedicated workspace"", ""Cooking basics"", ""Carbon monoxide alarm"", ""Lock on bedroom door"", ""Lockbox"", ""Hangers"", ""Heating"", ""Iron"", ""Hair dryer"", ""Smoke alarm"", ""Essentials"", ""Long term stays allowed""]","108.0","3","1125","2.0","30.0","999.0","1125.0","27.9","999.9","True","4","34","64","337","4","4","3","4.5","4.5","5.0","5.0","5.0","4.5","True","11","0","11","0","4.0","2"
"Sunny Bushwick Bedroom with balcony!","Live like a local in this beautifully lit apartment with excellent food and coffee around the corner (Bushwick voted best food in NYC).  An elevator building with gym, rooftop and laundry amenities on site.  Lot's of natural light and a small private balcony to watch the sunset.<br /><br /><b>The space</b><br />Brand New (July 2020) virtual Doorman building. A Queen size bed with a full private bathroom and ample kitchen.<br /><br />Strong reliable business Wi-Fi is available and the L and M subway trains are steps away giving you easy access to the rest of Brooklyn and Manhattan.<br /><br /><b>Other things to note</b><br />Located 5 min walk from the M train and L train. 20 minute Train to Manhattan. 30min drive from JFK Airport.","","Michelle","Roselle Park, New Jersey, United States","","0.95","0.91","True","0.0","0.0","True","True","Brooklyn","Shared room","2","1.0","1.0","1.0","[""Kitchen"", ""Carbon monoxide alarm"", ""TV"", ""Cooking basics"", ""Dedicated workspace"", ""Cleaning products"", ""Refrigerator"", ""Wifi"", ""Heating"", ""Dishes and silverware"", ""Smoke alarm"", ""First aid kit"", ""Air conditioning"", ""Essentials""]","167.0","2","7","2.0","2.0","7.0","7.0","2.0","7.0","True","11","30","49","49","2","2","2","5.0","4.0","5.0","5.0","5.0","4.5","False","1","0","0","1","2.0","7"
"Lovely Tranquil Studio With Free Parking","Kick back and relax in this calm, stylish space. Private entrance in a beautiful home located in a pristine quiet Bronx neighborhood.  It’s within walking distance to  ethnic restaurants, Pelham Park, Jacoby Hospital and public transportation.  It’s near Montefiore hospitals, Orchard Beach, Pelham Bay Park, and Citi Island.  Also, near to   shop stores,  Mall, Fordham University, Botanical Garden, The Bronx Zoo and all major highways to NYC and the tristate areas of New Jersey and Connecticut.<br /><br /><b>Guest access</b><br />Guests have NO access to any part of the house other than the rented space(Studio).<br /><br /><b>Other things to note</b><br />Please refrain from any type of smoking on the premise .There is absolutely NO other visitors or other guest allowed in the rented studio at any time .  There is no LOUD music or any other noise or elicit activities in or around the rented studio.","","Josè","Cobbs Lake Preserve, Pennsylvania, United States","","1.0","1.0","True","2.0","2.0","True","True","Bronx","Private room","2","1.0","1.0","","[""Cooking basics"", ""Security cameras on property"", ""Room-darkening shades"", ""Phillip  gas stove"", ""Fire extinguisher"", ""Lock on bedroom door"", ""Hot water kettle"", ""Smoke alarm"", ""Dishes and silverware"", ""Cleaning products"", ""Extra pillows and blankets"", ""Dedicated workspace"", ""Conditioner"", ""Clothing storage: dresser"", ""Body soap"", ""Hot water"", ""Coffee maker"", ""TV"", ""Keurig coffee machine"", ""Suave shampoo"", ""Toaster"", ""Freezer"", ""Hangers"", ""First aid kit"", ""Hair dryer"", ""Kitchen"", ""Bed linens"", ""Free dryer \u2013 In unit"", ""Microwave"", ""Air conditioning"", ""Mini fridge"", ""Free driveway parking on premises"", ""Long term stays allowed"", ""Carbon monoxide alarm"", ""Free street parking"", ""Private entrance"", ""Baking sheet"", ""Wine glasses"", ""Iron"", ""Heating"", ""Taran oven"", ""Wifi"", ""Essentials""]","187.0","2","365","2.0","2.0","365.0","365.0","2.0","365.0","True","27","57","87","362","3","3","3","4.67","4.67","5.0","5.0","5.0","4.67","False","1","0","1","0","3.0","5"
"The Cem: Sunlit, modern 2br in Bushwick/Ridgewood","The Cem is a new construction gem overlooking the beautiful tree canopy of the cemetery. It’s corner windows ensure a bright day every day. <br /><br />It is perfect for a couple of friends or a family to get access to the best of Brooklyn as well a short subway ride to the bustle of Manhattan. <br /><br />It has all you need to enjoy the city while coming back to a well equipped kitchen, comfortable living room with a large TV and even a gym. One of the rooms has an air mattress temporarily while I get furniture.<br /><br /><b>The space</b><br />There is a well equipped kitchenette, a living room with an expandable dining table and 2 bedrooms. One of the rooms has a queen size air mattress and the other has a full size bed<br /><br />There are two patios/balconies overlooking the beautiful skylines of Manhattan, Brooklyn, and Queens.<br /><br /><b>Guest access</b><br />There is a gym in the basement","It’s close to the hustle and bustle of Bushwick, the best underground clubs of Brooklyn, great taquerias as well as the cute neighborhood of Ridgewood for lazy Sunday brunches.","Adham","Cambridge, Massachusetts, United States","Egyptian/Canadian, Civil Engineering Graduate,High School Prep. Teacher, like to read and watch foreign films.
Currently doing my masters in Transportation at MIT. I'm an outgoing and optimistic person by nature.","1.0","0.33","True","1.0","1.0","True","True","Queens","Entire home/apt","4","1.0","2.0","1.0","[""Extra pillows and blankets"", ""TV"", ""Central heating"", ""Bidet"", ""Hangers"", ""Lockbox"", ""Washer"", ""Cleaning products"", ""Wifi"", ""Body soap"", ""Shampoo"", ""Dishes and silverware"", ""Drying rack for clothing"", ""Air conditioning"", ""Essentials"", ""Bathtub"", ""Conditioner"", ""Safe"", ""Kitchen"", ""Fire extinguisher"", ""Cooking basics"", ""Smoke alarm"", ""Bed linens"", ""Paid dryer \u2013 In building""]","160.0","5","7","5.0","5.0","1125.0","1125.0","5.0","1125.0","True","0","2","32","307","1","1","1","5.0","3.0","5.0","5.0","5.0","5.0","True","1","1","0","0","1.0","7"
"Room 3 - Private small bedroom in shared apartment","Enjoy easy access to everything from this perfectly located home base.<br /><br />No kid allow for the moment.<br /><br /><b>The space</b><br />Guest has access to shared bathroom and can use the microwave in the kitchen.<br /><br /><b>Guest access</b><br />Shared bathroom, can use dinner table and microwave.<br /><br /><b>Other things to note</b><br />Not allow to use the stove, or any kitchenwares. No smoking of any kind, only person in the reservation allow and no party.<br /><br />No kid allow for the moment.","The room is located close to everything, with that in mind there is going to be loud noise. it is on a busy street. <br /><br />laundromat at cross the street.  Train (7 line) and bus (Q72) a block away. Many restaurants, and shopping stores with in two blocks.  Time Square is 35 mim train ride. Queen center Mall, Shea Stadium, Flushing Meadow Park close by.<br /><br />La guardian Airport 13 min away by car and about 20 min on public transportation.  Also, JFK airport is about 30 min away.","Lincie","New York, New York, United States","","1.0","0.95","True","3.0","3.0","True","True","Queens","Private room","2","1.0","1.0","1.0","[""Luggage dropoff allowed"", ""Lock on bedroom door"", ""Radiant heating"", ""Microwave"", ""Hangers"", ""Carbon monoxide alarm"", ""Window AC unit"", ""Cleaning products"", ""Wifi"", ""Laundromat nearby"", ""Body soap"", ""Shampoo"", ""Private entrance"", ""Essentials"", ""Hot water"", ""Bathtub"", ""Conditioner"", ""Fire extinguisher"", ""Hair dryer"", ""Room-darkening shades"", ""Smoke alarm"", ""Dining table"", ""Refrigerator"", ""Bed linens"", ""Clothing storage: closet"", ""Dedicated workspace: desk and office chair""]","45.0","3","7","3.0","3.0","7.0","7.0","3.0","7.0","True","9","39","69","344","2","2","2","4.5","4.5","4.0","5.0","5.0","4.0","False","3","0","3","0","2.0","2"
"UNTITLED at Freeman-Cozy BunkBed Studio 301","Welcome to UNTITLED (Adj.) at 3 Freeman Alley!<br /><br />Charming Studio's located in the heart of Lower East Side of Manhattan.<br /><br />Building entrance located off a historic alley way that has many street art from street artists all around the world.<br /><br />This location is the best place to relax and unwind after exploring and venturing out in the city.<br /><br />@freemanalley3untitled<br /><br /><b>The space</b><br />Stay together.<br />This room comes with double bunk beds, queen size mattresses with a cozy living room area. Sleeps up to four. Perfect for families or a group of friends. <br /><br />Studio is equipped with all necessary amenities needed, shampoo/soap, conditioner, towels, linens, basic tableware, coffee, AC, heat, Bluetooth speaker, Smart TV for Android devices.<br /><br />* Additional housekeeping service and for replenishing is available for scheduling and for a fee.<br /><br />* We are doing light renovations throughout the building (Expect minor to n","","Karen","New York, New York, United States","I’m a New York native that loves to eat & enjoy traveling the world. I would love to host you for your visit. :)","1.0","0.99","True","31.0","31.0","True","True","Manhattan","Entire home/apt","4","1.0","1.0","2.0","[""Hangers"", ""Long term stays allowed"", ""Iron"", ""TV"", ""Carbon monoxide alarm"", ""Fire extinguisher"", ""Elevator"", ""Hair dryer"", ""Wifi"", ""Heating"", ""Shampoo"", ""Smoke alarm"", ""First aid kit"", ""Air conditioning"", ""Essentials""]","237.0","2","28","1.0","2.0","28.0","28.0","2.0","28.0","True","11","38","62","152","1","1","1","3.0","4.0","5.0","1.0","5.0","5.0","False","201","198","3","0","1.0","8"
"UNTITLED at Freeman-Cozy Studio 302","Welcome to UNTITLED (Adj.) at 3 Freeman Alley!<br /><br />Charming Studio's located in the heart of Lower East Side of Manhattan.<br /><br />Building entrance located off a historic alley way that has many street art from street artists all around the world.<br /><br />This location is the best place to relax and unwind after exploring and venturing out in the city.<br /><br />@freemanalley3untitled<br /><br /><b>The space</b><br />Cozy studio that has been newly renovated and smartly furnished including a queen size bed.<br /><br />Studio is equipped with all necessary amenities needed, shampoo/soap, conditioner, towels, linens, basic tableware, coffee, AC, heat, Bluetooth speaker, Smart TV for Android devices.<br /><br />* Additional housekeeping service and for replenishing is available for scheduling and for a fee.<br /><br />* We are doing light renovations throughout the building (Expect minor to no noise resulting from these renovations), please excuse our appearance.<br /><br /","","Karen","New York, New York, United States","I’m a New York native that loves to eat & enjoy traveling the world. I would love to host you for your visit. :)","1.0","0.99","True","31.0","31.0","True","True","Manhattan","Entire home/apt","2","1.0","1.0","1.0","[""Hangers"", ""Long term stays allowed"", ""Iron"", ""TV"", ""Carbon monoxide alarm"", ""Fire extinguisher"", ""Elevator"", ""Hair dryer"", ""Wifi"", ""Heating"", ""Shampoo"", ""Smoke alarm"", ""First aid kit"", ""Air conditioning"", ""Essentials""]","171.0","2","28","1.0","2.0","28.0","28.0","2.0","28.0","True","9","39","69","159","6","6","6","5.0","4.83","5.0","5.0","5.0","4.83","False","201","198","3","0","6.0","8"
"Cozy west village rental in New York City.","Take it easy at this unique and cozy west village gem located on New York city’s iconic Gay street.","","Gregory","New York, New York, United States","","1.0","1.0","True","0.0","0.0","True","True","Manhattan","Entire home/apt","2","1.0","1.0","1.0","[""Air conditioning"", ""TV"", ""Wifi"", ""Smoke alarm"", ""Kitchen"", ""Long term stays allowed""]","251.0","2","365","2.0","2.0","1125.0","1125.0","2.0","1125.0","True","8","38","68","343","7","7","6","4.57","4.57","4.71","5.0","5.0","4.57","True","1","1","0","0","5.83","1"
"UNTITLED at Freeman-Cozy Studio 303","Welcome to UNTITLED (Adj.) at 3 Freeman Alley!<br /><br />Charming Studio's located in the heart of Lower East Side of Manhattan.<br /><br />Building entrance located off a historic alley way that has many street art from street artists all around the world.<br /><br />This location is the best place to relax and unwind after exploring and venturing out in the city.<br /><br />@freemanalley3untitled<br /><br /><b>The space</b><br />Cozy studio that has been newly renovated and smartly furnished including a queen size bed.<br /><br />Studio is equipped with all necessary amenities needed, shampoo/soap, conditioner, towels, linens, basic tableware, coffee, AC, heat, Bluetooth speaker, Smart TV for Android devices.<br /><br />* Additional housekeeping service and for replenishing is available for scheduling and for a fee.<br /><br />* We are doing light renovations throughout the building (Expect minor to no noise resulting from these renovations), please excuse our appearance.<br /><br /","","Karen","New York, New York, United States","I’m a New York native that loves to eat & enjoy traveling the world. I would love to host you for your visit. :)","1.0","0.99","True","31.0","31.0","True","True","Manhattan","Entire home/apt","2","1.0","1.0","1.0","[""Hangers"", ""Long term stays allowed"", ""Iron"", ""TV"", ""Carbon monoxide alarm"", ""Fire extinguisher"", ""Elevator"", ""Hair dryer"", ""Wifi"", ""Heating"", ""Shampoo"", ""Smoke alarm"", ""First aid kit"", ""Air conditioning"", ""Essentials""]","169.0","2","28","1.0","2.0","28.0","28.0","2.0","28.0","True","7","37","67","157","1","1","1","5.0","5.0","5.0","5.0","5.0","5.0","False","201","198","3","0","1.0","8"
"Private bedroom in Brooklyn","Peaceful and central private bedroom in Brooklyn","","Adam","New York, New York, United States","","1.0","1.0","True","0.0","0.0","True","True","Brooklyn","Private room","1","1.0","1.0","","[""Wifi"", ""Kitchen""]","60.0","7","10","7.0","7.0","10.0","10.0","7.0","10.0","True","0","0","0","218","1","1","1","5.0","3.0","5.0","5.0","5.0","5.0","False","1","0","1","0","1.0","2"
"Lovely Studio in Manhattan","Keep it simple at this peaceful and centrally-located studio. A cozy and comfy fifth floor walk up studio, 10 minutes walk to Central Park and close to cafes, restaurant and most important: two blocks away to the subway station.<br /><br /><b>Guest access</b><br />Whole studio.","The best bakery of neighborhood right on the corner! Tip: get your fresh croissant early morning after your walk at Central Park.","Cris","New York, New York, United States","Brazilian, pet lover, Virgo, very clean, friendly, responsible, helpful and organized. Who love to travel and meet different people!","0.77","0.98","True","2.0","2.0","True","True","Manhattan","Entire home/apt","2","1.0","1.0","1.0","[""TV"", ""Hot water kettle"", ""Radiant heating"", ""Wine glasses"", ""Microwave"", ""Long term stays allowed"", ""Carbon monoxide alarm"", ""Cleaning products"", ""Wifi"", ""Laundromat nearby"", ""Body soap"", ""Shampoo"", ""Dishes and silverware"", ""Private entrance"", ""Air conditioning"", ""Essentials"", ""Hot water"", ""Bathtub"", ""Conditioner"", ""Kitchen"", ""Fire extinguisher"", ""Cooking basics"", ""Hair dryer"", ""Stove"", ""Smoke alarm"", ""Dining table"", ""Freezer"", ""Oven"", ""Refrigerator"", ""Bed linens"", ""Coffee maker""]","120.0","1","365","1.0","1.0","365.0","365.0","1.0","365.0","True","0","2","9","9","3","3","3","5.0","5.0","4.67","3.67","4.67","5.0","False","2","2","0","0","3.0","9"
"Lovely and quiet room in 2 bedroom apartment.","Williamsburg 💜Everyone will love this neighborhood! Heart of East williamsburg, minutes to L train and Manhattan<br /><br /><b>The space</b><br />You’ll have a specious furnished room . You will share a bathroom w me , I live here . Kitchen and living room aren’t for guests .<br /><br /><b>Guest access</b><br />Your room and bathroom","Place is close to L train station -10 minutes to Union Sq , Manhatan","Melisa","US","","1.0","0.93","True","1.0","1.0","True","True","Brooklyn","Private room","2","1.0","2.0","2.0","[""Kitchen"", ""Long term stays allowed"", ""TV"", ""Dedicated workspace"", ""Free parking on premises"", ""Wifi"", ""Air conditioning""]","95.0","1","365","1.0","1.0","365.0","365.0","1.0","365.0","True","11","41","68","282","4","4","4","5.0","5.0","4.75","4.5","5.0","5.0","False","1","0","1","0","4.0","2"
"Cozzy Studio Loft in the Heart of Williamsburg","Welcome to this chill, relaxed, high ceiling, convenient space with an amazing location near the water; Domino park and all your needs at your fingertips. Ferry couple blocks away as well as the Bedford L train. Supermarkets, bars, restaurants and specialty shops nearby.","Williamsburg is a hip neighborhood in Brooklyn that draws the young and the fashionable to its chic boutiques, trendy cafes and buzzy restaurants. Street art brightens residential thoroughfares and repurposed factories, while the waterfront provides stunning views of Manhattan and seasonal venues for outdoor concerts and food markets. Dance clubs, happening bars and music halls liven up the nightlife scene.","Josh","Rockville, Maryland, United States","","1.0","0.93","True","0.0","0.0","True","True","Brooklyn","Entire home/apt","3","1.0","1.0","1.0","[""Baking sheet"", ""Hot water kettle"", ""Radiant heating"", ""Wine glasses"", ""Toaster"", ""First aid kit"", ""Hangers"", ""Ethernet connection"", ""Lockbox"", ""Long term stays allowed"", ""Window AC unit"", ""Cleaning products"", ""Wifi"", ""Laundromat nearby"", ""Body soap"", ""Shampoo"", ""Dishes and silverware"", ""Drying rack for clothing"", ""Stainless steel oven"", ""Free street parking"", ""Essentials"", ""Hot water"", ""Conditioner"", ""Kitchen"", ""Stainless steel gas stove"", ""Fire extinguisher"", ""Cooking basics"", ""Hair dryer"", ""Room-darkening shades"", ""Smoke alarm"", ""Dining table"", ""Iron"", ""Freezer"", ""Waterfront"", ""Dedicated workspace: office chair, monitor, and desk"", ""55\"" HDTV with Netflix, Roku"", ""Refrigerator"", ""Bed linens"", ""Shared patio or balcony"", ""Clothing storage: wardrobe and closet"", ""Coffee maker""]","249.0","2","1125","2.0","3.0","1125.0","1125.0","2.0","1125.0","True","3","31","61","61","3","3","3","5.0","5.0","5.0","5.0","5.0","5.0","False","1","1","0","0","3.0","6"
"UNTITLED at Freeman-Cozy Studio 304","Welcome to UNTITLED (Adj.) at 3 Freeman Alley!<br /><br />Charming Studio's located in the heart of Lower East Side of Manhattan.<br />Building entrance located off a historic alley way that has many street art from street artists all around the world.<br /><br />This location is the best place to relax and unwind after exploring and venturing out in the city.<br /><br />@freemanalley3untitled<br /><br /><b>The space</b><br />Cozy studio that has been newly renovated and smartly furnished including a queen size bed.<br /><br />Studio is equipped with all necessary amenities needed, shampoo/soap, conditioner, towels, linens, basic tableware, coffee, AC, heat, Bluetooth speaker, Smart TV for Android devices.<br /><br />* Additional housekeeping service and for replenishing is available for scheduling and for a fee.<br /><br />* We are doing light renovations throughout the building (Expect minor to no noise resulting from these renovations), please excuse our appearance.<br /><br /><b>Ot","","Karen","New York, New York, United States","I’m a New York native that loves to eat & enjoy traveling the world. I would love to host you for your visit. :)","1.0","0.99","True","31.0","31.0","True","True","Manhattan","Entire home/apt","2","1.0","1.0","1.0","[""Hangers"", ""Long term stays allowed"", ""Iron"", ""TV"", ""Carbon monoxide alarm"", ""Fire extinguisher"", ""Elevator"", ""Hair dryer"", ""Wifi"", ""Heating"", ""Shampoo"", ""Smoke alarm"", ""First aid kit"", ""Air conditioning"", ""Essentials""]","171.0","2","28","2.0","2.0","28.0","28.0","2.0","28.0","True","13","43","73","163","2","2","2","4.5","4.5","4.5","4.5","5.0","4.5","False","201","198","3","0","2.0","8"
"UNTITLED at Freeman-Cozy Studio 305","Welcome to UNTITLED (Adj.) at 3 Freeman Alley!<br /><br />Charming Studio's located in the heart of Lower East Side of Manhattan.<br /><br />Building entrance located off a historic alley way that has many street art from street artists all around the world.<br /><br />This location is the best place to relax and unwind after exploring and venturing out in the city.<br /><br />@freemanalley3untitled<br /><br /><b>The space</b><br />Cozy studio that has been newly renovated and smartly furnished including a queen size bed.<br /><br />Studio is equipped with all necessary amenities needed, shampoo/soap, conditioner, towels, linens, basic tableware, coffee, AC, heat, Bluetooth speaker, Smart TV for Android devices.<br /><br />* Additional housekeeping service and for replenishing is available for scheduling and for a fee.<br /><br />* We are doing light renovations throughout the building (Expect minor to no noise resulting from these renovations), please excuse our appearance.<br /><br /","","Karen","New York, New York, United States","I’m a New York native that loves to eat & enjoy traveling the world. I would love to host you for your visit. :)","1.0","0.99","True","31.0","31.0","True","True","Manhattan","Entire home/apt","2","1.0","1.0","1.0","[""Hangers"", ""Long term stays allowed"", ""Iron"", ""TV"", ""Carbon monoxide alarm"", ""Fire extinguisher"", ""Elevator"", ""Hair dryer"", ""Wifi"", ""Heating"", ""Shampoo"", ""Smoke alarm"", ""First aid kit"", ""Air conditioning"", ""Essentials""]","169.0","2","28","1.0","2.0","28.0","28.0","2.0","28.0","True","13","43","73","163","3","3","3","4.67","5.0","5.0","5.0","5.0","4.67","False","201","198","3","0","3.0","8"
"UNTITLED at Freeman-Cozy Studio 306","Welcome to UNTITLED (Adj.) at 3 Freeman Alley!<br /><br />Charming Studio's located in the heart of Lower East Side of Manhattan.<br /><br />Building entrance located off a historic alley way that has many street art from street artists all around the world.<br /><br />This location is the best place to relax and unwind after exploring and venturing out in the city.<br /><br />@freemanalley3untitled<br /><br /><b>The space</b><br />Cozy studio that has been newly renovated and smartly furnished including a queen size bed.<br /><br />Studio is equipped with all necessary amenities needed, shampoo/soap, conditioner, towels, linens, basic tableware, coffee, AC, heat, Bluetooth speaker, Smart TV for Android devices.<br /><br />* Additional housekeeping service and for replenishing is available for scheduling and for a fee.<br /><br />* We are doing light renovations throughout the building (Expect minor to no noise resulting from these renovations), please excuse our appearance.<br /><br /","","Karen","New York, New York, United States","I’m a New York native that loves to eat & enjoy traveling the world. I would love to host you for your visit. :)","1.0","0.99","True","31.0","31.0","True","True","Manhattan","Entire home/apt","2","1.0","1.0","1.0","[""Hangers"", ""Long term stays allowed"", ""Iron"", ""TV"", ""Carbon monoxide alarm"", ""Fire extinguisher"", ""Elevator"", ""Hair dryer"", ""Wifi"", ""Heating"", ""Shampoo"", ""Smoke alarm"", ""First aid kit"", ""Air conditioning"", ""Essentials""]","169.0","2","28","1.0","2.0","28.0","28.0","2.0","28.0","True","16","46","76","166","1","1","1","5.0","5.0","5.0","5.0","5.0","5.0","False","201","198","3","0","1.0","8"
"UNTITLED at Freeman-Cozy Studio 307","Welcome to UNTITLED (Adj.) at 3 Freeman Alley!<br /><br />Charming Studio's located in the heart of Lower East Side of Manhattan.<br /><br />Building entrance located off a historic alley way that has many street art from street artists all around the world.<br /><br />This location is the best place to relax and unwind after exploring and venturing out in the city.<br /><br />@freemanalley3untitled<br /><br /><b>The space</b><br />Cozy studio that has been newly renovated and smartly furnished including a queen size bed.<br /><br />Studio is equipped with all necessary amenities needed, shampoo/soap, conditioner, towels, linens, basic tableware, coffee, AC, heat, Bluetooth speaker, Smart TV for Android devices.<br /><br />* Additional housekeeping service and for replenishing is available for scheduling and for a fee.<br /><br />* We are doing light renovations throughout the building (Expect minor to no noise resulting from these renovations), please excuse our appearance.<br /><br /","","Karen","New York, New York, United States","I’m a New York native that loves to eat & enjoy traveling the world. I would love to host you for your visit. :)","1.0","0.99","True","31.0","31.0","True","True","Manhattan","Entire home/apt","2","1.0","1.0","1.0","[""Hangers"", ""Long term stays allowed"", ""Iron"", ""TV"", ""Carbon monoxide alarm"", ""Fire extinguisher"", ""Elevator"", ""Hair dryer"", ""Wifi"", ""Heating"", ""Shampoo"", ""Smoke alarm"", ""First aid kit"", ""Air conditioning"", ""Essentials""]","172.0","2","28","1.0","2.0","28.0","28.0","2.0","28.0","True","6","36","66","156","2","2","2","5.0","5.0","5.0","5.0","5.0","5.0","False","201","198","3","0","2.0","8"
"UNTITLED at Freeman-Cozy Studio 308","Welcome to UNTITLED (Adj.) at 3 Freeman Alley!<br /><br />Charming Studio's located in the heart of Lower East Side of Manhattan.<br /><br />Building entrance located off a historic alley way that has many street art from street artists all around the world.<br /><br />This location is the best place to relax and unwind after exploring and venturing out in the city.<br />.<br />@freemanalley3untitled<br /><br /><b>The space</b><br />Cozy studio that has been newly renovated and smartly furnished including a queen size bed.<br /><br />Studio is equipped with all necessary amenities needed, shampoo/soap, conditioner, towels, linens, basic tableware, coffee, AC, heat, Bluetooth speaker, Smart TV for Android devices.<br /><br />* Additional housekeeping service and for replenishing is available for scheduling and for a fee.<br /><br />* We are doing light renovations throughout the building (Expect minor to no noise resulting from these renovations), please excuse our appearance.<br /><br ","","Karen","New York, New York, United States","I’m a New York native that loves to eat & enjoy traveling the world. I would love to host you for your visit. :)","1.0","0.99","True","31.0","31.0","True","True","Manhattan","Entire home/apt","2","1.0","1.0","1.0","[""Hangers"", ""Long term stays allowed"", ""Iron"", ""TV"", ""Carbon monoxide alarm"", ""Fire extinguisher"", ""Dedicated workspace"", ""Hair dryer"", ""Cooking basics"", ""Elevator"", ""Wifi"", ""Heating"", ""Shampoo"", ""Smoke alarm"", ""First aid kit"", ""Air conditioning"", ""Essentials""]","204.0","2","28","2.0","2.0","28.0","28.0","2.0","28.0","True","17","47","77","167","1","1","1","5.0","5.0","5.0","5.0","5.0","5.0","False","201","198","3","0","1.0","8"
"UNTITLED at Freeman-Cozy Studio 309","Welcome to UNTITLED (Adj.) at 3 Freeman Alley!<br /><br />Charming Studio's located in the heart of Lower East Side of Manhattan.<br /><br />Building entrance located off a historic alley way that has many street art from street artists all around the world.<br /><br />This location is the best place to relax and unwind after exploring and venturing out in the city.<br /><br />@freemanalley3untitled<br /><br /><b>The space</b><br />Cozy studio that has been newly renovated and smartly furnished including a king size bed.<br /><br />Studio is equipped with all necessary amenities needed, shampoo/soap, conditioner, towels, linens, basic tableware, coffee, AC, heat, Bluetooth speaker, Smart TV for Android devices.<br /><br />* Additional housekeeping service and for replenishing is available for scheduling and for a fee.<br /><br />* We are doing light renovations throughout the building (Expect minor to no noise resulting from these renovations), please excuse our appearance.<br /><br />","","Karen","New York, New York, United States","I’m a New York native that loves to eat & enjoy traveling the world. I would love to host you for your visit. :)","1.0","0.99","True","31.0","31.0","True","True","Manhattan","Entire home/apt","2","1.0","1.0","1.0","[""Hangers"", ""Long term stays allowed"", ""Iron"", ""TV"", ""Carbon monoxide alarm"", ""Fire extinguisher"", ""Elevator"", ""Hair dryer"", ""Wifi"", ""Heating"", ""Shampoo"", ""Smoke alarm"", ""First aid kit"", ""Air conditioning"", ""Essentials""]","205.0","2","28","1.0","2.0","28.0","28.0","2.0","28.0","True","8","38","68","158","3","3","3","5.0","5.0","5.0","5.0","5.0","5.0","False","201","198","3","0","3.0","8"
"UNTITLED at Freemans - Cozy Studio 310","Welcome to UNTITLED (Adj.) at 3 Freeman Alley!<br /><br />Charming Studio located in the heart of Lower East Side of Manhattan.<br /><br />Building entrance located off iconic Freeman Alley displaying ever changing street art from artists from all around the world.<br /><br />This location is the best place to relax and unwind after exploring and venturing out in the city.<br /><br />@freemanalley3untitled<br /><br /><b>The space</b><br />Cozy studio that has been newly renovated and smartly furnished including a king size bed.<br /><br />Studio is equipped with all necessary amenities needed, shampoo/soap, conditioner, towels, linens, basic tableware, coffee, AC, heat, Bluetooth speaker, Smart TV for Android devices.<br /><br />* Additional housekeeping service and for replenishing is available for scheduling and for a fee.<br /><br />* We are doing light renovations throughout the building (Expect minor to no noise resulting from these renovations), please excuse our appearance.<br /","","Karen","New York, New York, United States","I’m a New York native that loves to eat & enjoy traveling the world. I would love to host you for your visit. :)","1.0","0.99","True","31.0","31.0","True","True","Manhattan","Entire home/apt","2","1.0","1.0","1.0","[""Hangers"", ""Long term stays allowed"", ""Iron"", ""TV"", ""Carbon monoxide alarm"", ""Fire extinguisher"", ""Dedicated workspace"", ""Hair dryer"", ""Elevator"", ""Wifi"", ""Heating"", ""Shampoo"", ""Smoke alarm"", ""First aid kit"", ""Air conditioning"", ""Essentials""]","201.0","2","28","2.0","2.0","28.0","28.0","2.0","28.0","True","16","46","76","166","4","4","4","4.75","4.5","5.0","4.5","5.0","4.5","False","201","198","3","0","4.0","8"
"Cozy Private Room With Queen Bed","Welcome to Bedstuy, the heart of Brooklyn! Our space is 10 seconds from the subway that takes you right to 42nd street(Time square) , the apt and rooms are lavished with lots of natural sunlight, a remodeled kitchen, a coffee bar, a comfortable living room area and a designated work area with a desk and printer for your convenience.","The area is smack dab in the center of Brooklyn with many stores, Delis, Restaurants, coffee shops Barber shops, Churches!<br /><br />restaurants available serve:<br /><br />Jamaican food🇯🇲<br />Mexican food🇲🇽<br />Soul food🇺🇲<br />Chinese food🇨🇳<br />Daily Press (Cafe)🥐☕","Brandon","New York, New York, United States","Youth Pastor/Hot sauce enthusiast/ Musician/ Fun guy","0.97","0.96","True","6.0","6.0","True","True","Brooklyn","Private room","2","1.5","1.0","1.0","[""Lockbox"", ""Kitchen"", ""Heating"", ""TV"", ""Carbon monoxide alarm"", ""Security cameras on property"", ""Lock on bedroom door"", ""Hair dryer"", ""Dedicated workspace"", ""Cooking basics"", ""Bed linens"", ""Wifi"", ""Body soap"", ""Shampoo"", ""Smoke alarm"", ""Hot water""]","63.0","1","21","1.0","1.0","1125.0","1125.0","1.0","1125.0","True","12","38","68","68","4","4","3","5.0","4.75","5.0","5.0","4.5","5.0","True","6","0","6","0","3.33","6"
"Comfy Private Room Steps Away From Train Station","Welcome to Bedstuy, the heart of Brooklyn! Our space is 10 seconds from the subway that takes you right to 42nd street(Time square) , the apt and rooms are lavished with lots of natural sunlight, a remodeled kitchen, a comfortable living room area and a designated work area with a desk and printer for your convenience.","The area is smack dab in the center of Brooklyn with many stores, Delis, Restaurants, coffee shops Barber shops, Churches!<br /><br />restaurants available serve:<br /><br />Jamaican food🇯🇲<br />Mexican food🇲🇽<br />Soul food🇺🇲<br />Chinese food🇨🇳<br />Daily Press (Cafe)🥐☕","Brandon","New York, New York, United States","Youth Pastor/Hot sauce enthusiast/ Musician/ Fun guy","0.97","0.96","True","6.0","6.0","True","True","Brooklyn","Private room","2","1.5","1.0","1.0","[""Lockbox"", ""Kitchen"", ""Heating"", ""TV"", ""Carbon monoxide alarm"", ""Security cameras on property"", ""Lock on bedroom door"", ""Hair dryer"", ""Dedicated workspace"", ""Cooking basics"", ""Bed linens"", ""Wifi"", ""Body soap"", ""Shampoo"", ""Smoke alarm"", ""Hot water""]","91.0","1","21","1.0","1.0","1125.0","1125.0","1.0","1125.0","True","25","54","84","84","5","5","4","4.8","4.6","5.0","5.0","4.8","5.0","True","6","0","6","0","4.41","6"
"Charm with a view…","Cozy flat with (in my opinion) the best view of Manhattan. Charming slip on the waterfront, always with a fresh breeze and serenity.","","Christopher","New York, New York, United States","I am 29 years old, and originally from South Carolina, so very relaxed and slow paced. I'm a student in nursing school and have been in the city for 4 years and know the neighborhood very well so could definitely give advice on what to do!","1.0","0.73","True","1.0","1.0","True","True","Brooklyn","Entire home/apt","2","1.0","1.0","1.0","[""First aid kit"", ""Carbon monoxide alarm"", ""Dedicated workspace"", ""Long term stays allowed"", ""Outdoor dining area"", ""Air conditioning"", ""Kitchen"", ""Smoke alarm"", ""Paid parking on premises"", ""Wifi"", ""TV"", ""Fire extinguisher"", ""Washer"", ""Shared pool"", ""BBQ grill""]","160.0","1","365","1.0","1.0","365.0","365.0","1.0","365.0","True","0","0","0","136","3","3","3","5.0","5.0","5.0","5.0","5.0","5.0","False","1","1","0","0","3.0","5"
"Spacious 3BR Apt. in Fresh Meadows","3 Bedroom Apartment w/1 King and 2 Queen size beds that sleep 6.  3 Smart TVs and all BRs are oversized w/closets.  Your  booking ENTIRE 3BR Apt.  NOTE: Does not have cooking stove.  Apartment has coffee maker, toaster oven, microwave, hot water boiler and full size Refrigerator.  All 3 BRs have keyless door locks.  Pvt.  side entrance and plenty of street pkg.  Bus is 1 block away and takes you to Main St. Subway #7 line.  30 minutes to Midtown.  Citi-field/Queens Museum/Kissena Golf Course .","","Daniel","New York, New York, United States","","1.0","1.0","True","0.0","0.0","True","True","Queens","Entire home/apt","6","1.0","3.0","3.0","[""Iron"", ""TV"", ""Security cameras on property"", ""Dedicated workspace"", ""Hair dryer"", ""Bed linens"", ""Wifi"", ""Body soap"", ""Shampoo"", ""Air conditioning"", ""Hot water""]","136.0","1","1","1.0","1.0","1125.0","1125.0","1.0","1125.0","True","22","52","82","82","2","2","2","4.5","5.0","5.0","5.0","5.0","5.0","True","1","1","0","0","2.0","2"
"Heaven on Earth 2 bedrooms apartment, close to JFK","Forget your worries in this spacious and serene space. Nice and spacious 2 bedrooms ranch house with deck with newly renovated bathrooms. Located in Laurelton; one of the best neighborhood in Queens. Free WiFi/free parking/private entrance. Closed to JKF/Mall/Shopping center/LIRR/Public transportation. Three to four stops on the LIRR and you are in Manhattan ( Penn Station/Time Square). Please make yourself at home and make your stay in NY unforgettable.<br /><br /><b>The space</b><br />Two bedrooms including one master bedroom with bathroom attached. Second bedroom with attached patio/deck/balcony. Spacious open space kitchen/bar. Very spacious living room dinning room.<br /><br /><b>Guest access</b><br />Free Street parking available. Public transportation close from the house. Manhattan and Time square is 3-4 stops on the LIRR.","Multi cultural cuisine and restaurants.","Karlyne","US","","1.0","1.0","True","0.0","0.0","True","True","Queens","Entire home/apt","4","2.0","2.0","2.0","[""Cooking basics"", ""Samsung refrigerator"", ""Room-darkening shades"", ""Clothing storage: closet and dresser"", ""Fire extinguisher"", ""Hot water kettle"", ""Smoke alarm"", ""Dishes and silverware"", ""Cleaning products"", ""Extra pillows and blankets"", ""HDTV"", ""Dedicated workspace"", ""Hot water"", ""Free parking on premises"", ""Coffee maker"", ""Samsung stainless steel stove"", ""Laundromat nearby"", ""Samsung stainless steel oven"", ""Indoor fireplace"", ""Lockbox"", ""Toaster"", ""Freezer"", ""Hangers"", ""Private patio or balcony"", ""First aid kit"", ""Host greets you"", ""Hair dryer"", ""Kitchen"", ""Bed linens"", ""Microwave"", ""Dining table"", ""Air conditioning"", ""Long term stays allowed"", ""Radiant heating"", ""Single level home"", ""Carbon monoxide alarm"", ""Free street parking"", ""Bathtub"", ""Private entrance"", ""Dove body soap"", ""Wine glasses"", ""Iron"", ""Wifi"", ""Essentials""]","161.0","2","90","2.0","4.0","90.0","1125.0","2.1","1085.2","True","26","56","86","361","1","1","1","5.0","5.0","5.0","5.0","5.0","5.0","True","1","1","0","0","1.0","1"
"Lovely Private Room In The Heart Of Brooklyn","Welcome to Bedstuy, the heart of Brooklyn! Our space is 10 seconds from the subway that takes you right to 42nd street(Time square) , the apt and rooms are lavished with lots of natural sunlight, a remodeled kitchen, a comfortable living room area and a designated work area with a desk and printer for your convenience.","The area is smack dab in the center of Brooklyn with many stores, Delis, Restaurants, coffee shops Barber shops, Churches!<br /><br />restaurants available serve:<br /><br />Jamaican food🇯🇲<br />Mexican food🇲🇽<br />Soul food🇺🇲<br />Chinese food🇨🇳<br />Daily Press (Cafe)🥐☕","Brandon","New York, New York, United States","Youth Pastor/Hot sauce enthusiast/ Musician/ Fun guy","0.97","0.96","True","6.0","6.0","True","True","Brooklyn","Private room","2","1.5","1.0","1.0","[""Lockbox"", ""Kitchen"", ""Heating"", ""TV"", ""Carbon monoxide alarm"", ""Security cameras on property"", ""Lock on bedroom door"", ""Hair dryer"", ""Dedicated workspace"", ""Cooking basics"", ""Bed linens"", ""Wifi"", ""Body soap"", ""Shampoo"", ""Smoke alarm"", ""Hot water""]","89.0","1","21","1.0","1.0","1125.0","1125.0","1.0","1125.0","True","25","55","85","85","5","5","3","5.0","5.0","5.0","5.0","4.8","5.0","True","6","0","6","0","5.0","6"
"Quiet Private Room in The Lower East Side","Quiet private bedroom located in the Lower East Side. 1 block from multiple train and transport options to go anywhere in the city. Steps from manhattans' must-see restaurants, bars, art galleries, and museums.","","Arthur","AU","","1.0","0.89","True","1.0","1.0","True","True","Manhattan","Private room","1","2.0","1.0","1.0","[""Dishes and silverware"", ""Cleaning products"", ""Air conditioning"", ""Cooking basics"", ""Carbon monoxide alarm"", ""Wifi"", ""Dedicated workspace: office chair and desk"", ""Central heating"", ""Kitchen"", ""Hair dryer"", ""Smoke alarm"", ""Essentials"", ""Long term stays allowed""]","130.0","6","365","2.0","6.0","1125.0","1125.0","5.7","1125.0","True","3","3","3","252","1","1","1","5.0","5.0","5.0","5.0","5.0","5.0","False","6","1","5","0","1.0","4"
"Williamsburg artist room","The apartment is artistically furnished, the room is cozy, with a lot a sunlight. The ambiance is both bohemian and modern. Full of plants, art and 2 lovely cats. We provide our guests with a relaxing yet refreshing experience. Our location is in a hip area close to boutiques, bars and restaurants.","","Paulette","Brooklyn, New York, United States","","0.93","1.0","True","1.0","1.0","True","True","Brooklyn","Private room","2","1.0","1.0","","[""Kitchen"", ""Long term stays allowed"", ""Fire extinguisher"", ""Lock on bedroom door"", ""Wifi"", ""Smoke alarm"", ""Air conditioning"", ""First aid kit""]","81.0","2","30","2.0","2.0","1125.0","1125.0","2.0","1125.0","True","2","22","50","218","2","2","2","5.0","5.0","4.5","5.0","5.0","5.0","True","2","0","2","0","2.0","4"
"Airy Loft & Patio Garden","Huge, unique loft in up and coming Gowanus location. Garden patio access, 5 minute walk to the F/G train, 12 minute walk to Prospect Park and 5 minute walk to the most amazing restaurants in Park Slope. You will be surrounded by one of a kind furniture, 360 degree views of NYC and an abundance of greenery from the garden. Like nothing else in Brooklyn.<br /><br /><b>The space</b><br />Unique, tastefully renovated 1,200 square foot loft with breathtaking 600 square foot outdoor deck. Air-conditioning throughout the space in the summer and well heated in winter!!!<br /><br />Photo and Film Shoots:<br />Small photo or film shoots hourly rate of $100. Larger shoots higher rate.<br />We occasional redecorate so we always recommend doing a walkthrough before booking.<br /><br />Micro-Weddings:<br />Currently booking for small weddings with a max of 50 people total. Only low-key weddings that end by 10/11 pm without loud music.<br />Wedding rental rates upon inquiry. We are available for walk","","Lauren & Matt","New York, New York, United States","Our home is where we get away from the hustle and bustle of the city to our spacious refuge. We love to cook dinners out on the deck surrounded by magical views of the city and greenery from the garden. This place is unlike anything in the city and we're excited to share it with you.","1.0","1.0","True","0.0","0.0","True","True","Brooklyn","Entire home/apt","2","1.0","1.0","","[""Fire extinguisher"", ""Dryer"", ""Smoke alarm"", ""Outdoor shower"", ""Dedicated workspace"", ""Hot water"", ""Free parking on premises"", ""Outdoor dining area"", ""Lockbox"", ""Hangers"", ""First aid kit"", ""Hair dryer"", ""Kitchen"", ""Air conditioning"", ""BBQ grill"", ""Carbon monoxide alarm"", ""Wifi"", ""Shampoo"", ""Iron"", ""Washer"", ""Essentials""]","400.0","2","7","2.0","2.0","7.0","7.0","2.0","7.0","True","5","15","19","19","3","3","3","5.0","4.33","4.67","5.0","5.0","5.0","False","1","1","0","0","3.0","8"
"Urban Chic Riverview Corner Suite","Come experience unmatched luxury and hospitality at Aum. The space was designed by an award winning ex-WeWork interior designer with focus on holistic living which includes memory foam mattress bed, ergonomically designed workspace, Smart TV, high speed internet, fully loaded kitchen, free breakfast, lavish shared bathroom, 2 minutes from subway and steps away from riverside park and Hudson river.<br /><br /><b>The space</b><br />Relax:<br /><br />· Highest Quality Memory foam mattress<br /><br />· Finest cotton linens, plush pillows, and blankets to ensure you sleep like a baby. We also provide complimentary ear plugs to keep out New York City noise<br /><br />Work:<br /><br />· AumWorkspace designed workspace which includes top of the line ergonomic chair, spacious table with storage, naturally elements such as paintings and plants to make the space lively and spark creativity<br /><br />· Ultra-high-speed optical fiber internet<br /><br />Play:<br /><br />· Big Screen Smart TV with ","Vibrant neighborhood, with people having fun in the streets enjoying beautiful weather and surroundings. It has a community feel, you will feel right at home. Walk throughout and hear the sound of birds singing, see the river, while still being in Manhattan! Several grocery stores are close by. 24 hour New York Delis at every corner, variety of neighborhood restaurants and bars, to really have an authentic NY Experience.","Vanessa","Miami, Florida, United States","My husband and I love hosting to meet people from all walks of life. We enjoy traveling, cooking and are passionate entrepreneurs on a journey to start our own business! ","1.0","0.99","True","2.0","2.0","True","True","Manhattan","Private room","2","1.0","1.0","1.0","[""Extra pillows and blankets"", ""Baking sheet"", ""Luggage dropoff allowed"", ""Security cameras on property"", ""Lock on bedroom door"", ""Free parking on premises"", ""Hot water kettle"", ""Wine glasses"", ""Toaster"", ""Microwave"", ""First aid kit"", ""Hangers"", ""Breakfast"", ""Ceiling fan"", ""Lockbox"", ""Carbon monoxide alarm"", ""Long term stays allowed"", ""Cleaning products"", ""Wifi"", ""Paid washer \u2013 In building"", ""Heating"", ""Shampoo"", ""Dryer"", ""Dishes and silverware"", ""Air conditioning"", ""Free street parking"", ""Essentials"", ""Hot water"", ""Conditioner"", ""Kitchen"", ""Fire extinguisher"", ""Cooking basics"", ""Dedicated workspace"", ""Hair dryer"", ""Room-darkening shades"", ""Rice maker"", ""Stove"", ""Smoke alarm"", ""Dining table"", ""Iron"", ""Freezer"", ""Oven"", ""Elevator"", ""Refrigerator"", ""Bed linens"", ""Shower gel"", ""Clothing storage: closet"", ""Coffee maker"", ""50\"" TV with Amazon Prime Video, Netflix, Roku""]","76.0","2","35","2.0","2.0","1125.0","1125.0","2.0","1125.0","True","0","12","12","12","4","4","1","5.0","5.0","5.0","4.75","5.0","4.75","True","6","0","6","0","4.0","5"
"City Charm Cozy Suite","Come experience unmatched luxury and hospitality at Aum. The space was designed by an award winning ex-WeWork interior designer with focus on holistic living which includes memory foam mattress bed, ergonomically designed workspace, Smart TV, high speed internet, fully loaded kitchen, free breakfast, lavish shared bathroom, 2 minutes from subway and steps away from riverside park and Hudson river.<br /><br /><b>The space</b><br />Relax:<br /><br />· Highest Quality Memory foam mattress<br /><br />· Finest cotton linens, plush pillows, and blankets to ensure you sleep like a baby. We also provide complimentary ear plugs to keep out New York City noise<br /><br />Work:<br /><br />· AumWorkspace designed workspace which includes top of the line ergonomic chair, spacious table with storage, naturally elements such as paintings and plants to make the space lively and spark creativity<br /><br />· Ultra-high-speed optical fiber internet<br /><br />Play:<br /><br />· Big Screen Smart TV with ","Vibrant neighborhood, with people having fun in the streets enjoying beautiful weather and surroundings. It has a community feel, you will feel right at home. Walk throughout and hear the sound of birds singing, see the river, while still being in Manhattan! Several grocery stores are close by. 24 hour New York Delis at every corner, variety of neighborhood restaurants and bars, to really have an authentic NY Experience.","Vanessa","Miami, Florida, United States","My husband and I love hosting to meet people from all walks of life. We enjoy traveling, cooking and are passionate entrepreneurs on a journey to start our own business! ","1.0","0.99","True","2.0","2.0","True","True","Manhattan","Private room","2","1.0","1.0","1.0","[""Extra pillows and blankets"", ""Baking sheet"", ""Luggage dropoff allowed"", ""Security cameras on property"", ""Lock on bedroom door"", ""Free parking on premises"", ""Hot water kettle"", ""Radiant heating"", ""Wine glasses"", ""Toaster"", ""Microwave"", ""Central heating"", ""First aid kit"", ""Hangers"", ""Breakfast"", ""40\"" HDTV with Chromecast"", ""Lockbox"", ""Carbon monoxide alarm"", ""Window AC unit"", ""Long term stays allowed"", ""Cleaning products"", ""Wifi"", ""Paid washer \u2013 In building"", ""Shampoo"", ""Dishes and silverware"", ""Stainless steel oven"", ""Free street parking"", ""Essentials"", ""Hot water"", ""Conditioner"", ""Kitchen"", ""Fire extinguisher"", ""Cooking basics"", ""Hair dryer"", ""Room-darkening shades"", ""Rice maker"", ""Stove"", ""Smoke alarm"", ""Dining table"", ""Iron"", ""Freezer"", ""Elevator"", ""Refrigerator"", ""Dedicated workspace: office chair and desk"", ""Bed linens"", ""Paid dryer \u2013 In building"", ""Shower gel"", ""Clothing storage: closet"", ""Coffee maker""]","63.0","2","35","2.0","2.0","1125.0","1125.0","2.0","1125.0","True","1","1","1","1","5","5","2","4.6","4.8","5.0","5.0","4.8","5.0","True","6","0","6","0","4.55","5"
"Manhattan Oasis Master Bedroom Suite","Come experience unmatched luxury and hospitality at Aum. The space was designed by an award winning ex-WeWork interior designer with focus on holistic living which includes memory foam mattress bed, ergonomically designed workspace, Smart TV, high speed internet, fully loaded kitchen, free breakfast, lavish shared bathroom, 2 minutes from subway and steps away from riverside park and Hudson river.<br /><br /><b>The space</b><br />Relax:<br /><br />· Highest Quality Memory foam mattress<br /><br />· Finest cotton linens, plush pillows, and blankets to ensure you sleep like a baby. We also provide complimentary ear plugs to keep out New York City noise<br /><br />Work:<br /><br />· AumWorkspace designed workspace which includes top of the line ergonomic chair, spacious table with storage, naturally elements such as paintings and plants to make the space lively and spark creativity<br /><br />· Ultra-high-speed optical fiber internet<br /><br />Play:<br /><br />· Big Screen Smart TV with ","Vibrant neighborhood, with people having fun in the streets enjoying beautiful weather and surroundings. It has a community feel, you will feel right at home. Walk throughout and hear the sound of birds singing, see the river, while still being in Manhattan! Several grocery stores are close by. 24 hour New York Delis at every corner, variety of neighborhood restaurants and bars, to really have an authentic NY Experience.","Vanessa","Miami, Florida, United States","My husband and I love hosting to meet people from all walks of life. We enjoy traveling, cooking and are passionate entrepreneurs on a journey to start our own business! ","1.0","0.99","True","2.0","2.0","True","True","Manhattan","Private room","2","1.0","1.0","1.0","[""Extra pillows and blankets"", ""Baking sheet"", ""Luggage dropoff allowed"", ""Stainless steel electric stove"", ""Security cameras on property"", ""Lock on bedroom door"", ""Free parking on premises"", ""Hot water kettle"", ""Radiant heating"", ""Wine glasses"", ""Toaster"", ""Microwave"", ""Central heating"", ""First aid kit"", ""Hangers"", ""Breakfast"", ""Ceiling fan"", ""Lockbox"", ""Carbon monoxide alarm"", ""Window AC unit"", ""Long term stays allowed"", ""Cleaning products"", ""Wifi"", ""Paid washer \u2013 In building"", ""Shampoo"", ""Dishes and silverware"", ""Stainless steel oven"", ""Free street parking"", ""Essentials"", ""Hot water"", ""Conditioner"", ""Kitchen"", ""Fire extinguisher"", ""Cooking basics"", ""Hair dryer"", ""Room-darkening shades"", ""Rice maker"", ""Smoke alarm"", ""Dining table"", ""Iron"", ""Freezer"", ""Elevator"", ""Refrigerator"", ""Bed linens"", ""Paid dryer \u2013 In building"", ""Shower gel"", ""Clothing storage: closet"", ""43\"" HDTV with Chromecast"", ""Coffee maker"", ""Dedicated workspace: desk and office chair""]","76.0","2","35","2.0","2.0","1125.0","1125.0","2.0","1125.0","True","2","2","2","2","6","6","4","5.0","5.0","5.0","5.0","5.0","5.0","True","6","0","6","0","5.45","5"
"Spacious Zen Queen Suite","Come experience unmatched luxury and hospitality at Aum. The space was designed by an award winning ex-WeWork interior designer with focus on holistic living which includes memory foam mattress bed, ergonomically designed workspace, Smart TV, high speed internet, fully loaded kitchen, free breakfast, lavish shared bathroom, 2 minutes from subway and steps away from riverside park and Hudson river.<br /><br /><b>The space</b><br />Relax:<br /><br />· Highest Quality Memory foam mattress<br /><br />· Finest cotton linens, plush pillows, and blankets to ensure you sleep like a baby. We also provide complimentary ear plugs to keep out New York City noise<br /><br />Work:<br /><br />· AumWorkspace designed workspace which includes top of the line ergonomic chair, spacious table with storage, naturally elements such as paintings and plants to make the space lively and spark creativity<br /><br />· Ultra-high-speed optical fiber internet<br /><br />Play:<br /><br />· Big Screen Smart TV with ","Vibrant neighborhood, with people having fun in the streets enjoying beautiful weather and surroundings. It has a community feel, you will feel right at home. Walk throughout and hear the sound of birds singing, see the river, while still being in Manhattan! Several grocery stores are close by. 24 hour New York Delis at every corner, variety of neighborhood restaurants and bars, to really have an authentic NY Experience.","Vanessa","Miami, Florida, United States","My husband and I love hosting to meet people from all walks of life. We enjoy traveling, cooking and are passionate entrepreneurs on a journey to start our own business! ","1.0","0.99","True","2.0","2.0","True","True","Manhattan","Private room","2","1.0","1.0","1.0","[""Extra pillows and blankets"", ""Baking sheet"", ""Luggage dropoff allowed"", ""TV"", ""Security cameras on property"", ""Lock on bedroom door"", ""Free parking on premises"", ""Hot water kettle"", ""Wine glasses"", ""Toaster"", ""Microwave"", ""First aid kit"", ""Hangers"", ""Breakfast"", ""Ceiling fan"", ""Lockbox"", ""Carbon monoxide alarm"", ""Long term stays allowed"", ""Washer"", ""Cleaning products"", ""Wifi"", ""Heating"", ""Shampoo"", ""Dryer"", ""Dishes and silverware"", ""Air conditioning"", ""Free street parking"", ""Essentials"", ""Hot water"", ""Conditioner"", ""Kitchen"", ""Fire extinguisher"", ""Clothing storage"", ""Cooking basics"", ""Dedicated workspace"", ""Hair dryer"", ""Room-darkening shades"", ""Rice maker"", ""Stove"", ""Smoke alarm"", ""Dining table"", ""Iron"", ""Freezer"", ""Oven"", ""Elevator"", ""Refrigerator"", ""Bed linens"", ""Shower gel"", ""Coffee maker""]","69.0","2","35","2.0","2.0","1125.0","1125.0","2.0","1125.0","True","3","19","19","19","10","10","7","4.6","4.9","4.4","4.6","4.4","4.6","True","6","0","6","0","8.57","5"
"1-Bdr Penthouse With Pool & City View Balcony","Kick back and relax in this calm, stylish space. Floating above the NYC skyline with endless 360-degree views.Over 50,000 square feet of resort-style amenities—and the energy in the air means the best of both worlds. Inclusive of Caesarstone quartz countertops and stainless steel appliances that seamlessly compliment any decor style. Completel<br /> with spacious bathrooms, ample closets, in-unit washer/dryers, dishwashers, and comfort features such as smart locks with remote keyless entry.","","Dorwane","Brooklyn, New York, United States","","1.0","1.0","True","3.0","3.0","True","True","Brooklyn","Entire home/apt","4","1.0","1.0","1.0","[""Extra pillows and blankets"", ""BBQ grill"", ""Private pool"", ""TV"", ""Bikes"", ""Indoor fireplace"", ""Private patio or balcony"", ""Private sauna"", ""Microwave"", ""Central heating"", ""Private hot tub"", ""Shared gym"", ""Hangers"", ""Long term stays allowed"", ""Carbon monoxide alarm"", ""Washer"", ""Cleaning products"", ""Fire pit"", ""Wifi"", ""Laundromat nearby"", ""Paid parking on premises"", ""Shampoo"", ""Dishes and silverware"", ""Drying rack for clothing"", ""Game console"", ""Dove body soap"", ""Air conditioning"", ""Essentials"", ""Hot water"", ""Bathtub"", ""Stainless steel oven"", ""Conditioner"", ""Kitchen"", ""Free street parking"", ""Cooking basics"", ""Dedicated workspace"", ""Room-darkening shades"", ""Stove"", ""Outdoor furniture"", ""Smoke alarm"", ""Clothing storage: walk-in closet and closet"", ""Dishwasher"", ""Iron"", ""Freezer"", ""Elevator"", ""Pool table"", ""Refrigerator"", ""Bed linens"", ""Host greets you"", ""Free dryer \u2013 In unit"", ""Ping pong table"", ""EV charger"", ""Outdoor dining area""]","336.0","1","365","1.0","1.0","1125.0","1125.0","1.0","1125.0","True","6","36","66","341","2","2","2","4.5","4.5","4.5","5.0","5.0","4.5","True","1","1","0","0","2.0","6"
"Private Room near Central Park in Upper East","Please read the WHOLE listing*<br /><br />A shared apartment with both shared and private rooms is located in one of the most central and desirable neighborhoods in the Upper East. You will be within walking distance to Central Park, Hudson River Park, Lincoln Center, Port Authority Bus Terminal, Javits Center, Rockefeller Center, and Penn Station. Surrounded by many restaurants, 24-hour mini markets, and pharmacies, bars, pubs. You’ll love my place because of the location!<br /><br /><b>The space</b><br />THE APARTMENT<br />-On the first floor of a walk-up building. No elevator. <br />-The apartment consists of 2 rooms and a shared kitchen and bathroom. The private room has 1 bunk bed (double bed below and single above). The shared room has 2 bunk beds. The apartment accommodates up to 6 guests at the same time.  But the number of guests accommodated varies each day.","I have been lived in this neighborhood over the years. I love its convenience and safety. When I chose a place to live, safety and convenience are always my priorities. In this neighborhood even if you walk on the street at midnight you don't have to be scared. Public transportation runs 24/7.","Stay And Smile","New York, New York, United States","Stay & Smile is a company that was founded in 2019, and the company’s main goal is to provide short term stylish accommodations to our guest(s).
We have many options to choose from such as; shared rooms, private rooms or rental of the entire property.","0.99","0.99","True","18.0","18.0","True","True","Manhattan","Private room","3","1.0","1.0","2.0","[""Kitchen"", ""Long term stays allowed"", ""TV"", ""Cooking basics"", ""Hair dryer"", ""Wifi"", ""Heating"", ""Smoke alarm"", ""Air conditioning"", ""Essentials""]","97.0","1","1125","1.0","1.0","1125.0","1125.0","1.0","1125.0","True","16","46","76","345","2","2","2","5.0","4.0","5.0","5.0","5.0","5.0","True","16","6","4","6","2.0","2"
"Cute flat close to Penn Station","This wonderful apartment is located in a prime location in New York!!<br /> <br />Between 5th Ave and Broadway Avenue crossing with 34th Street, right in the heart of Midtown Manhattan, just a block away from the Empire State Building, and at a 5 minute walk from Times Square, you will live an unforgettable experience at the center of the Big Apple where you will find: departments stores like Macy’s, the Madison Square Garden, Penn Station, stores and restaurants that are open 24/7, bars, Banks...","","Isabel","US","","1.0","1.0","True","4.0","4.0","True","True","Manhattan","Entire home/apt","4","1.0","","2.0","[""TV"", ""Long term stays allowed"", ""Washer"", ""Wifi"", ""Heating"", ""Body soap"", ""Shampoo"", ""Dryer"", ""Air conditioning"", ""Essentials"", ""Hot water"", ""Kitchen"", ""Fire extinguisher"", ""Cooking basics"", ""Dedicated workspace"", ""Hair dryer"", ""Stove"", ""Iron"", ""Elevator"", ""Refrigerator"", ""Coffee maker""]","221.0","1","31","1.0","5.0","1.0","31.0","3.6","29.2","True","4","20","33","307","3","3","1","4.33","5.0","4.33","4.67","5.0","4.67","True","3","3","0","0","3.0","6"
"A Beautiful New York Getaway","Whether you're here to enjoy a night in the city skylights, or taking in the <br />daytime scenery, welcome to New York! We hope you love your stay in our home. We hope you enjoy all the local attractions in Queens and throughout the city! From the peaceful city parks, to the lovely bars and restaurants, there are endless activities to do here in NYC! We are 7-10 minutes away from JFK Airport, and have access to the MTA Mass transit less than a block away! Be sure to check out our Attraction Guide!<br /><br /><b>The space</b><br />We love hosting our guests and making sure everything is perfect so you have a memorable stay in NYC. Our entire place is available to you, along with all the goodies we offer! Our open-concept, midcentury modern layout is perfect for everyone to gather together. The living room includes the TV with access to local news, sports, entertainment, comedy, etc. We've included reading materials, puzzles, and toys for kids as well! The warm and cozy bedroom consists","Beautiful place of worship right across the street, and two other places of worship nearby. Friendly neighborhood. Two corner delis a block away.","Darshani","US","","1.0","1.0","True","0.0","0.0","True","True","Queens","Entire home/apt","2","1.0","1.0","","[""Cooking basics"", ""Breakfast"", ""Security cameras on property"", ""Wifi \u2013 32 Mbps"", ""Portable fans"", ""Room-darkening shades"", ""Children\u2019s books and toys for ages 0-2 years old and 2-5 years old"", ""Fire extinguisher"", ""Hot water kettle"", ""Smoke alarm"", ""Shower gel"", ""Dishes and silverware"", ""Cleaning products"", ""Extra pillows and blankets"", ""Dedicated workspace: desk, table, and office chair"", ""Frigidaire refrigerator"", ""Frigidaire stainless steel oven"", ""Hot water"", ""Laundromat nearby"", ""Clothing storage: closet"", ""Rice maker"", ""Veilment Korean Coconut Bar body soap"", ""Freezer"", ""Hangers"", ""Host greets you"", ""Children\u2019s dinnerware"", ""Hair dryer"", ""Kitchen"", ""48\"" TV with Roku"", ""Bed linens"", ""Microwave"", ""Dining table"", ""Radiant heating"", ""Carbon monoxide alarm"", ""Free street parking"", ""Bathtub"", ""Board games"", ""Free driveway parking on premises \u2013 1 space"", ""Private entrance"", ""Baking sheet"", ""Wine glasses"", ""Frigidaire stainless steel gas stove"", ""Iron"", ""Luggage dropoff allowed"", ""Elastine Korean Conditioner conditioner"", ""Elastine Korean Shampoo shampoo"", ""Essentials""]","189.0","1","20","1.0","1.0","20.0","20.0","1.0","20.0","True","21","51","81","81","3","3","3","5.0","5.0","5.0","5.0","4.67","4.67","True","1","1","0","0","3.0","2"
"Lovely 1 Bedroom Loft/Apartment in Brooklyn","Unique loft located in central Williamsburg, Brooklyn! One stop away from Manhattan, easy access to the L and J,M Trains, Ferry near by! Located in the heart of Williamsburg, one block away from Bedford Ave. Two blocks away from Domino Park - a must see! Easy access to Williamsburg Bridge. Very spacious, window lined wall-Extremely close to a plethora of shops, bars, restaurants. Though we are super close to everything, our block is surprisingly quiet.","Williamsburg is another iconic Brooklyn neighborhood that is a wonderful place to visit. The neighbourhood  is famous for its hipster culture, diverse nightlife, and contemporary art scene. With a spillover from Manhattan, it is an influential hub for fashion, music, and artist culture.","Destiny","New York, New York, United States","I live in New York. I have for 4 years now! Williamsburg is my favourite neighbourhood because there is SO much to do, you basically never need to leave- but it's super easy to access the city too. I'm into food, drink, art, fashion- so let me know if you have any questions! I love my home so much- it definitely will have a much more cozy, authentic vibe than any hotel around here. And ALOT more space. ","1.0","1.0","True","0.0","0.0","True","True","Brooklyn","Entire home/apt","3","1.0","1.0","1.0","[""TV"", ""Hot water kettle"", ""Clothing storage: dresser"", ""Radiant heating"", ""Wine glasses"", ""Microwave"", ""Lockbox"", ""Ceiling fan"", ""Carbon monoxide alarm"", ""Cleaning products"", ""Wifi"", ""Paid washer \u2013 In building"", ""Board games"", ""Laundromat nearby"", ""Shampoo"", ""Dishes and silverware"", ""Air conditioning"", ""Essentials"", ""Hot water"", ""Bathtub"", ""Conditioner"", ""Kitchen"", ""Stainless steel gas stove"", ""Cooking basics"", ""Hair dryer"", ""Bluetooth sound system"", ""Smoke alarm"", ""Dishwasher"", ""Dining table"", ""Waterfront"", ""Freezer"", ""Dedicated workspace: table, office chair, and desk"", ""Oven"", ""Refrigerator"", ""Pour-over coffee"", ""Bed linens"", ""Paid dryer \u2013 In building"", ""Shower gel"", ""Coffee maker""]","250.0","3","14","3.0","3.0","1125.0","1125.0","3.0","1125.0","True","6","8","38","38","4","4","3","4.5","4.0","4.5","4.75","5.0","4.0","True","1","1","0","0","3.75","6"
"Creative & inclusive apt in the heart of Manhattan","The apartment is fully furnished and equipped. You don't have to worry about WiFi, heater, electricity, AC, laundry, etc. It is also located between Hells Kitchen and Columbus Circle (So much to do!!)<br /><br />Very popular area close to Central Park and Hudson River. More than 10 cuisines in the area & plenty of bars. (woot woot!)<br /><br />It's close to the A,C,E train as well as the 1 train, and B,D train and N,Q,R,W train. <br />The apartment is on the first floor (walk-up).<br /><br /><b>Guest access</b><br />We'll have to meet up at the location so you can get the keys!","","Rana","LB","","1.0","0.8","True","0.0","0.0","True","True","Manhattan","Entire home/apt","2","1.0","1.0","1.0","[""Kitchen"", ""Carbon monoxide alarm"", ""Washer"", ""Dedicated workspace"", ""Free parking on premises"", ""Wifi"", ""Smoke alarm"", ""Air conditioning""]","250.0","15","15","15.0","15.0","1125.0","1125.0","15.0","1125.0","True","11","18","18","266","1","1","1","5.0","5.0","5.0","5.0","5.0","5.0","True","2","2","0","0","1.0","2"
"Cozy 2 BDR in lovely Astoria -15 mins to Manhattan","You will love this home with all the amenities you need in the fun and safe neighborhood of Astoria!<br /><br />The subway is just a 8 minute walk through our beautiful neighborhood of historic homes, friendly neighbors, tree lined streets, international markets and the diversity of Steinway and Ditmars’ exceptional cuisine and night life. Once on the N/W subway line, it’s a quick 5 stops into Manhattan. Staying here affords you the luxury of open space and security while you explore the Big Apple!","Astoria was recently named by TimeOut ""The 50 coolest neighbourhoods in the world"".<br /><br />Convenient Access to Airports<br />- 10 minutes to LGA<br />- 25 minutes to JFK<br />- 40 minutes to Newark<br /><br />Close Proximity to Event Locations<br />- 10 minutes to Randall's Island for music festivals and events<br />-15 minutes to Flushing Meadow for US Open<br /><br />Fast Commute into Manhattan Attractions<br />- 25 minutes to Central Park<br />- 30 minutes to Times Square<br />- 36 minutes to Union Square<br /><br />Local Astoria Attraction at your door<br />- Steps to SingleCut Brewery, Bohemian Beer Garden, Steinway & Sons Piano Factory, Astoria Sound Factory, Kaufman Astoria Movie Studios, Museum of the Moving Image, Astoria Park","Laura","Queens, New York, United States","I am a technology consultant based in NYC.  ","1.0","1.0","True","1.0","1.0","True","True","Queens","Entire home/apt","6","1.0","2.0","5.0","[""Extra pillows and blankets"", ""Baking sheet"", ""Luggage dropoff allowed"", ""TV"", ""Security cameras on property"", ""Keurig coffee machine"", ""Hot water kettle"", ""Wine glasses"", ""Microwave"", ""Central heating"", ""First aid kit"", ""Hangers"", ""Long term stays allowed"", ""Carbon monoxide alarm"", ""Cleaning products"", ""Wifi"", ""Board games"", ""Laundromat nearby"", ""Body soap"", ""Shampoo"", ""Dishes and silverware"", ""Air conditioning"", ""Stainless steel oven"", ""Essentials"", ""Hot water"", ""Free street parking"", ""Conditioner"", ""Kitchen"", ""Clothing storage"", ""Cooking basics"", ""Dedicated workspace"", ""Hair dryer"", ""Room-darkening shades"", ""Stove"", ""Smoke alarm"", ""Keypad"", ""Dining table"", ""Iron"", ""Freezer"", ""Refrigerator"", ""Bed linens"", ""Shower gel"", ""Cleaning before checkout"", ""Coffee maker""]","308.0","3","60","3.0","3.0","1125.0","1125.0","3.0","1125.0","True","0","16","46","321","2","2","2","5.0","5.0","5.0","5.0","5.0","5.0","False","1","1","0","0","2.0","3"
"Private Queen Room Near TIMES SQ & Central Park","A design inspired boutique hotel in Midtown New York City, we comfortable rooms and suites, with modern amenities and services including complimentary Wi-Fi in the guest rooms with the option to connect 3 devices, complimentary Wi-Fi in the lobby and public spaces, a full-service concierge, a fitness center, business center, and pet-friendly rooms (with a fee). Complimentary Coffee and Tea in the lobby each morning from 7:00AM - 10:00AM.<br /><br /><b>The space</b><br />The stylish guest-room measures approximately 177 square feet with one Queen bed, 32"" LG flat panel LCD TV and a marble and slate bathroom with a shower or tub option. <br />In-Room Amenities​:<br />Separate work space in select rooms<br />High-speed wireless Internet (available)<br />Queen bed with luxurious Belgian linens and down comforters<br />Lodgenet™ interactive on demand movies (available)<br />Boutique Ecorite bath amenities <br />Hairdryer<br />Room service (available during restaurant hours)<br />Air conditi","located on 55th Street between Fifth and Sixth Avenues in midtown Manhattan, within walking distance of many of New York City’s most important business addresses, the finest Fifth Avenue shopping, Central Park, Broadway Theatres, and Times Square.<br /><br />​The  Hotel is a fashionable Midtown Manhattan retreat dedicated to the experience of our guests. Whether selecting our best available rate, a special discounted offer or unique package experience, enjoy instant savings when you choose to book direct with our hotel. With no facilities fee and additional savings provided to our loyal guests, we want to make your stay as convenient and stress-free as possible.<br /> <br />Tucked away just off 5th Avenue in a quiet neighborhood setting, our intimate boutique hotel feels worlds apart from urban clamor and distractions, yet is near iconic landmarks that include Carnegie Hall, Central Park, Rockefeller Center and more.","Blake","New York, New York, United States","I was born and raised in Manhattan, where I raised my children! For me,  its New York or Nowhere! ","1.0","1.0","True","62.0","62.0","True","True","Manhattan","Private room","2","1.0","","1.0","[""Extra pillows and blankets"", ""Lock on bedroom door"", ""Pack \u2019n play/Travel crib"", ""Hangers"", ""Carbon monoxide alarm"", ""Wifi"", ""Heating"", ""Private entrance"", ""Air conditioning"", ""Essentials"", ""Hot water"", ""Safe"", ""Hair dryer"", ""Room-darkening shades"", ""Crib"", ""Smoke alarm"", ""Boutique Ecorite bath amenities   conditioner"", ""Iron"", ""Elevator"", ""Dedicated workspace: office chair and desk"", ""Bed linens"", ""Shower gel"", ""Boutique Ecorite bath amenities   shampoo"", ""32\"" HDTV"", ""Gym"", ""Paid parking garage off premises""]","315.0","1","27","1.0","1.0","1125.0","1125.0","1.0","1125.0","True","6","23","46","96","2","2","2","4.0","3.5","4.5","4.5","4.5","3.5","True","62","0","62","0","2.0","2"
"3 Bedroom Apartment | Front & Wall Street","3 bedrooms with queen beds mean plenty of room for kids, friends, work, school, home-cooked meals around the dining table, and more. Enjoy a space to call home, big enough to fit your busy lifestyle.<br /><br /><b>The space</b><br />Come home to a dynamic space perfectly positioned in the heart of the Financial District. Located at the lower tip of Manhattan, FiDi constantly buzzes with energy. This is the neighborhood for explorers, dealmakers, and pioneers. Excitement for the future can be found here with the NYSE, One World Trade Center, and the revitalized South Street Seaport, along with reminders from the past with museums dedicated to the 9/11 Memorial, the American Indian, and Jewish Heritage - all just a few blocks away.<br /><br />You've never stayed in a space so vibrant, so multi-faceted, so adventurous. Tackle the world while you're here, or just take it all in. Either way, this is your place to call home for as long as you stay.<br /><br /><b>Guest access</b><br />Do thin","","Front & Wall","New York, New York, United States","Come home to a dynamic space perfectly positioned in the heart of the Financial District. Located at the lower tip of Manhattan, FiDi constantly buzzes with energy. This is the neighborhood for explorers, dealmakers, and pioneers. Excitement for the future can be found here with the NYSE, One World Trade Center, and the revitalized South Street Seaport, along with reminders from the past with museums dedicated to the 9/11 Memorial, the American Indian, and Jewish Heritage - all just a few blocks away.

You've never stayed in a space so vibrant, so multi-faceted, so adventurous. Tackle the world while you're here, or just take it all in. Either way, this is your place to call home for as long as you stay.","0.91","0.99","True","1.0","1.0","True","True","Manhattan","Entire home/apt","6","1.0","3.0","3.0","[""Cooking basics"", ""Shared gym in building"", ""Outdoor furniture"", ""Free washer \u2013 In building"", ""Room-darkening shades"", ""Pool table"", ""Fire extinguisher"", ""Smoke alarm"", ""Shower gel"", ""Dishes and silverware"", ""Cleaning products"", ""Extra pillows and blankets"", ""Ping pong table"", ""Conditioner"", ""Body soap"", ""Hot water"", ""Ceiling fan"", ""TV"", ""Refrigerator"", ""Free dryer \u2013 In building"", ""Outdoor dining area"", ""Elevator"", ""Freezer"", ""Hangers"", ""First aid kit"", ""Hair dryer"", ""Kitchen"", ""Bed linens"", ""Microwave"", ""Dining table"", ""Air conditioning"", ""Long term stays allowed"", ""Safe"", ""BBQ grill"", ""Clothing storage: wardrobe"", ""Carbon monoxide alarm"", ""Oven"", ""Bluetooth sound system"", ""Stove"", ""Shampoo"", ""Wine glasses"", ""Baking sheet"", ""Iron"", ""Heating"", ""Luggage dropoff allowed"", ""Wifi"", ""Essentials""]","516.0","1","1125","1.0","2.0","999.0","999.0","1.0","999.0","True","13","42","72","332","2","2","2","5.0","4.5","5.0","5.0","5.0","4.5","True","9","9","0","0","2.0","2"
"4 Bedroom Gourmet Apt | Front & Wall Street","Why travel apart when you can have a home away from home together. 4 queen bedrooms equal space for everyone and the privacy when you need it. On top of it all, the full kitchen can easily handle your morning hustle of get everyone fed, full, and out the door. Welcome home.<br /><br /><b>The space</b><br />Come home to a dynamic space perfectly positioned in the heart of the Financial District. Located at the lower tip of Manhattan, FiDi constantly buzzes with energy. This is the neighborhood for explorers, dealmakers, and pioneers. Excitement for the future can be found here with the NYSE, One World Trade Center, and the revitalized South Street Seaport, along with reminders from the past with museums dedicated to the 9/11 Memorial, the American Indian, and Jewish Heritage - all just a few blocks away.<br /><br />You've never stayed in a space so vibrant, so multi-faceted, so adventurous. Tackle the world while you're here, or just take it all in. Either way, this is your place to cal","","Front & Wall","New York, New York, United States","Come home to a dynamic space perfectly positioned in the heart of the Financial District. Located at the lower tip of Manhattan, FiDi constantly buzzes with energy. This is the neighborhood for explorers, dealmakers, and pioneers. Excitement for the future can be found here with the NYSE, One World Trade Center, and the revitalized South Street Seaport, along with reminders from the past with museums dedicated to the 9/11 Memorial, the American Indian, and Jewish Heritage - all just a few blocks away.

You've never stayed in a space so vibrant, so multi-faceted, so adventurous. Tackle the world while you're here, or just take it all in. Either way, this is your place to call home for as long as you stay.","0.91","0.99","True","1.0","1.0","True","True","Manhattan","Entire home/apt","8","1.5","4.0","4.0","[""Cooking basics"", ""Shared gym in building"", ""Outdoor furniture"", ""Free washer \u2013 In building"", ""Room-darkening shades"", ""Pool table"", ""Fire extinguisher"", ""Smoke alarm"", ""Shower gel"", ""Dishes and silverware"", ""Cleaning products"", ""Extra pillows and blankets"", ""55\"" TV with Apple TV"", ""Ping pong table"", ""Conditioner"", ""Body soap"", ""Hot water"", ""Refrigerator"", ""Free dryer \u2013 In building"", ""Outdoor dining area"", ""Elevator"", ""Freezer"", ""Hangers"", ""First aid kit"", ""Hair dryer"", ""Kitchen"", ""Bed linens"", ""Microwave"", ""Dining table"", ""Air conditioning"", ""Long term stays allowed"", ""Safe"", ""BBQ grill"", ""Clothing storage: wardrobe"", ""Carbon monoxide alarm"", ""Oven"", ""Bluetooth sound system"", ""Electric stove"", ""Shampoo"", ""Wine glasses"", ""Iron"", ""Heating"", ""Luggage dropoff allowed"", ""Wifi"", ""Essentials""]","794.0","1","1125","1.0","2.0","999.0","999.0","1.2","999.0","True","9","39","69","342","7","7","6","4.86","4.43","5.0","5.0","4.86","4.71","True","9","9","0","0","6.36","2"
"Studio Murphy Apt | Front & Wall Street WhyHotel","A queen bed tucked away gives you space to stretch out and all the essentials for a little in-room happy hour.<br /><br /><b>The space</b><br />Come home to a dynamic space perfectly positioned in the heart of the Financial District. Located at the lower tip of Manhattan, FiDi constantly buzzes with energy. This is the neighborhood for explorers, dealmakers, and pioneers. Excitement for the future can be found here with the NYSE, One World Trade Center, and the revitalized South Street Seaport, along with reminders from the past with museums dedicated to the 9/11 Memorial, the American Indian, and Jewish Heritage - all just a few blocks away.<br /><br />You've never stayed in a space so vibrant, so multi-faceted, so adventurous. Tackle the world while you're here, or just take it all in. Either way, this is your place to call home for as long as you stay.<br /><br /><b>Guest access</b><br />Do things the way you always do, even while on the road. The morning and the evening routines ar","","Front & Wall","New York, New York, United States","Come home to a dynamic space perfectly positioned in the heart of the Financial District. Located at the lower tip of Manhattan, FiDi constantly buzzes with energy. This is the neighborhood for explorers, dealmakers, and pioneers. Excitement for the future can be found here with the NYSE, One World Trade Center, and the revitalized South Street Seaport, along with reminders from the past with museums dedicated to the 9/11 Memorial, the American Indian, and Jewish Heritage - all just a few blocks away.

You've never stayed in a space so vibrant, so multi-faceted, so adventurous. Tackle the world while you're here, or just take it all in. Either way, this is your place to call home for as long as you stay.","0.91","0.99","True","1.0","1.0","True","True","Manhattan","Entire home/apt","2","1.0","","1.0","[""Cooking basics"", ""Shared gym in building"", ""Outdoor furniture"", ""Free washer \u2013 In building"", ""Room-darkening shades"", ""Pool table"", ""Fire extinguisher"", ""Smoke alarm"", ""Shower gel"", ""Induction stove"", ""Dishes and silverware"", ""Cleaning products"", ""Extra pillows and blankets"", ""55\"" TV with Apple TV"", ""Ping pong table"", ""Dedicated workspace"", ""Conditioner"", ""Body soap"", ""Hot water"", ""Refrigerator"", ""Free dryer \u2013 In building"", ""Outdoor dining area"", ""Elevator"", ""Freezer"", ""Hangers"", ""First aid kit"", ""Hair dryer"", ""Bed linens"", ""Microwave"", ""Long term stays allowed"", ""Air conditioning"", ""Safe"", ""BBQ grill"", ""Carbon monoxide alarm"", ""Bluetooth sound system"", ""Shampoo"", ""Wine glasses"", ""Clothing storage"", ""Iron"", ""Heating"", ""Luggage dropoff allowed"", ""Wifi"", ""Essentials""]","244.0","1","1125","1.0","2.0","999.0","999.0","1.0","999.0","True","26","56","86","361","3","3","3","4.67","5.0","5.0","5.0","5.0","5.0","True","9","9","0","0","3.0","2"
"1 private bedroom In Williamsburg Brooklyn","Beautiful 3 bedroom apartment in Williamsburg, I love plants and have a lot of them.<br /><br /><b>The space</b><br />Guests can feel free to be in the kitchen to work.","There are plenty of places to eat around the apartment. If you need any ideas just ask. We have a grocery store a block away as well as the Graham L train stop.<br /><br />If you’re into skateboarding there are 3 skateparks in the area as well as a track incase you’d like to get some exercise.","Sheldon","US","","1.0","0.89","True","0.0","0.0","True","True","Brooklyn","Private room","1","1.0","1.0","1.0","[""Luggage dropoff allowed"", ""TV"", ""Lock on bedroom door"", ""Radiant heating"", ""Microwave"", ""Hangers"", ""Ethernet connection"", ""Long term stays allowed"", ""Carbon monoxide alarm"", ""Cleaning products"", ""Wifi"", ""Laundromat nearby"", ""Body soap"", ""Dishes and silverware"", ""Shampoo"", ""Air conditioning"", ""Stainless steel oven"", ""Essentials"", ""Hot water"", ""Conditioner"", ""Kitchen"", ""Cooking basics"", ""Dedicated workspace: desk"", ""Room-darkening shades"", ""Rice maker"", ""Gas stove"", ""Smoke alarm"", ""Dining table"", ""Waterfront"", ""Freezer"", ""Refrigerator""]","71.0","1","365","1.0","1.0","365.0","365.0","1.0","365.0","True","5","35","65","340","4","4","3","4.75","4.75","4.5","4.75","4.75","4.75","False","2","0","2","0","4.0","1"
"GREENPOINT♥️LONG STAYS✅20MINS LGA✅PRIVACY✅WIFI✅","Lovely, sun-filled, clean, 1 bedroom apartment in the heart of Greenpoint, Brooklyn. <br /><br />Get the hustle and bustle of NYC life, then retreat back to this peaceful space where you can unwind and relax on the patio. Centrally located, this space is feet away from amazing restaurants, bars, parks, and public transportation (G and L subway as well as the water ferry).  Walk half a mile and you will find yourself in the well-known, trendy Williamsburg, riverfront, concert venues, and more!<br /><br /><b>The space</b><br />Cozy apartment that has everything you need. The apartment is located behind the main house, providing guests with an extra sense of privacy and quietness in the middle of a bustling city. Guests have access to the backyard and patio area. Please be respectful and keep noise levels down as other tenants also have access to backyard and patio.<br /><br /><b>Guest access</b><br />Guest have access to the apartment unit as well as the backyard and patio. Backyard and ","The apartment is located directly next to an excellent hair salon and flower shop. Right across the street is the beautifully renovated public library. Just down the block in either direction you’ll find coffee shops, restaurants, bars, and convenience stores. Nearby parks are an excellent choice to stroll through during any season. The waterfront nearby provides stunning views of Manhattan. Greenpoint is also directly next Williamsburg, and can be easily walked to from the apartment. Jump on the L train for a quick 5 min ride into the city!<br /><br />Transportation: the G subway is just 3 blocks away, while the L subway is only half a mile from the apartment. Bus stops are also 2 blocks away. LaGuardia airport is 7 miles, JFK is 16 miles.","Ali","Washington, District of Columbia, United States","","1.0","0.89","True","0.0","0.0","True","True","Brooklyn","Entire home/apt","2","1.0","1.0","2.0","[""Extra pillows and blankets"", ""Baking sheet"", ""TV"", ""Hot water kettle"", ""Toaster"", ""Central heating"", ""Hangers"", ""Ethernet connection"", ""Lockbox"", ""Long term stays allowed"", ""Carbon monoxide alarm"", ""Cleaning products"", ""Wifi"", ""Laundromat nearby"", ""Body soap"", ""Shampoo"", ""Dishes and silverware"", ""Drying rack for clothing"", ""Air conditioning"", ""Free street parking"", ""Essentials"", ""Hot water"", ""Conditioner"", ""Kitchen"", ""Fire extinguisher"", ""Cooking basics"", ""Room-darkening shades"", ""Gas stove"", ""Smoke alarm"", ""Dining table"", ""Iron"", ""Freezer"", ""Oven"", ""Paid parking off premises"", ""Refrigerator"", ""Shared patio or balcony"", ""Bed linens"", ""Shower gel"", ""Clothing storage: closet"", ""Coffee maker"", ""Shared fenced garden or backyard""]","158.0","1","1125","1.0","1.0","1125.0","1125.0","1.0","1125.0","True","1","30","60","123","1","1","1","5.0","5.0","5.0","5.0","5.0","5.0","False","1","1","0","0","1.0","3"
"Sunny private room near C park &Colombia univ","my name is Max I’m MD , easy person my general attitude is to treat people as I like to be treated, I would love to offer you a pleasant stay at an immaculate super quiet and spacious place which located in Upper West side Manhattan , safe , beautiful neighborhood , many restaurants bars and stores, subway 3 minutes walking to line 1,2,3b&c, Central Park 2 minutes walking, Colombia university 5 minutes walking , location is known for bustling shopping are humble abode offers you comfortable stay<br /><br /><b>The space</b><br />It’s spacious apartment offers renovated room and kitchen with AC , and heating 2 shared bathrooms washing machine and dryer, high hygiene room abundance with natural light, the place is spacious so you will feel you have your own suite , my place with 3 easy stair flights ,me or my computer host will always be there to help you if needed I offer my guest early drop off luggage for free<br /><br /><b>Guest access</b><br />All guest have there own key to access t","Quiet cozy neighborhood close to grocery restaurants and pharmacies Central Park one block (2minutes walking )<br />Few minutes to different subway station 1,2,3 ,b and c which takes you to midtown downtown within 15 minutes soho and every where in the city","Max","New York, New York, United States","Dr Max","1.0","1.0","True","2.0","2.0","True","True","Manhattan","Private room","2","2.0","1.0","1.0","[""Extra pillows and blankets"", ""Luggage dropoff allowed"", ""Bikes"", ""Security cameras on property"", ""Lock on bedroom door"", ""Hot water kettle"", ""Wine glasses"", ""Toaster"", ""Microwave"", ""Central heating"", ""Hangers"", ""Free washer \u2013 In unit"", ""Long term stays allowed"", ""Window AC unit"", ""Dedicated workspace: table"", ""Cleaning products"", ""Wifi"", ""Laundromat nearby"", ""Body soap"", ""Shampoo"", ""Dishes and silverware"", ""Free street parking"", ""Essentials"", ""Hot water"", ""Conditioner"", ""Kitchen"", ""Fire extinguisher"", ""Clothing storage"", ""Cooking basics"", ""Hair dryer"", ""Stove"", ""Smoke alarm"", ""Dishwasher"", ""Dining table"", ""Iron"", ""Freezer"", ""Oven"", ""Refrigerator"", ""Bed linens"", ""Trash compactor"", ""Shower gel"", ""Free dryer \u2013 In unit"", ""Paid parking garage off premises""]","97.0","1","365","1.0","1.0","1125.0","1125.0","1.0","1125.0","True","5","35","65","65","7","7","7","4.43","4.43","4.43","5.0","4.43","4.43","True","2","0","2","0","7.0","2"
"Cozy Lux Couch surfing experience in Harlem","There is nothing like spending the holidays in the Big Apple! Enjoy a stylish experience at this centrally-located place.Why  not save some money to enjoy what NYC has to offer and stay here? THIS IS A COUCH SURFING experience for solo travelers or backpackers spending time in NYC. Couch surfing/shared space for those looking for a safe and clean place to sleep while enjoying the city. The apartment is walking distance to St. Nick Park, The Apollo Theater, and Harlem Nights for some live music.<br /><br /><b>The space</b><br />Guest will be staying in the living room { sofa bed)  with full access to the kitchen and bathroom. A room divider will be provided for privacy. I will also be here in my bedroom on certain days as I am working from home. I am so fully vaccinated.<br /><br /><b>Guest access</b><br />Guest can access the kitchen and bathroom. I WILL ALSO BE IN MY SEPARATE BEDROOM!<br /><br /><b>Other things to note</b><br />There’s a coffee maker stock with Starbucks coffee for th","The Apollo theater, Central Park, shopping, Harlem nights for some live music","Luke","New York, New York, United States","Hi my name Luke . I love to travel the world and my goal is to touch every continent. I am a very sociable person and very clean as well. ","0.96","1.0","True","0.0","0.0","True","True","Manhattan","Shared room","1","1.0","1.0","1.0","[""Hangers"", ""Kitchen"", ""Iron"", ""TV"", ""Carbon monoxide alarm"", ""Dedicated workspace"", ""Cooking basics"", ""Cleaning products"", ""Wifi"", ""Dishes and silverware"", ""Portable heater"", ""Smoke alarm"", ""Air conditioning"", ""Essentials"", ""Hot water""]","45.0","3","10","3.0","3.0","1125.0","1125.0","3.0","1125.0","True","2","5","20","288","4","4","4","5.0","5.0","5.0","5.0","4.75","5.0","True","1","0","0","1","4.0","7"
"Spacious Bedroom with Private Bathroom","Enjoy a stylish experience located.The apartment is located in a part of Midwood, with coffee shop,restaurants and grocery stores for 5 minutes. With the subway a short 2 minutes walk. It takes 8 minutes to Brooklyn College by walking. <br />The room is private and spacious. Queen size bed, desk, wifi and etc. Three large windows,airy and bright, private bathroom.Shared kitchen and living room with other quests,.The kitchen is outfitted with a refrigerator,cooktop,oven,microwave.","","Sezer","Brooklyn, New York, United States","","","","True","0.0","0.0","True","True","Brooklyn","Private room","2","1.0","1.0","1.0","[""Extra pillows and blankets"", ""Security cameras on property"", ""Lock on bedroom door"", ""Mosquito net"", ""Microwave"", ""Central heating"", ""Hangers"", ""Long term stays allowed"", ""Cleaning products"", ""Wifi"", ""Body soap"", ""Shampoo"", ""Dishes and silverware"", ""Essentials"", ""Hot water"", ""Conditioner"", ""Kitchen"", ""Cooking basics"", ""Dedicated workspace"", ""Hair dryer"", ""Room-darkening shades"", ""Stove"", ""Smoke alarm"", ""Dining table"", ""Iron"", ""Oven"", ""Refrigerator"", ""Bed linens"", ""Shower gel"", ""Clothing storage: closet"", ""Outdoor shower""]","69.0","1","365","1.0","1.0","365.0","365.0","1.0","365.0","True","15","45","75","350","2","2","2","5.0","5.0","5.0","5.0","4.0","4.0","True","1","0","1","0","2.0","1"
"Brighton Beach Studio With Private Entrance","A tastefully decorated private studio in the heart of Brighton Beach among hundreds of places to explore/eat. The apartment has its own brand new bathroom equipped with a multi-jet shower head. Complementary K-Cups will be provided to be used with the Keurig. Guests will also have the ability to log into their streaming services on a 4K Smart TV with FAST & FREE Wi-Fi.<br /><br />UPDATE:<br />Double Sanitized/Cleaned for COVID-19<br />$200 missing key fee<br />Checkout is strictly 11:00 am ($200 late fee)","","Bruno","Merrick, New York, United States","Hey I’m Bruno! I’m a college student and business owner who loves to socialize and have a good laugh. ","0.98","0.98","True","4.0","4.0","True","True","Brooklyn","Entire home/apt","2","1.0","1.0","","[""Cooking basics"", ""Security cameras on property"", ""Room-darkening shades"", ""Fire extinguisher"", ""Hot water kettle"", ""Smoke alarm"", ""Shower gel"", ""Dishes and silverware"", ""Cleaning products"", ""Dedicated workspace"", ""Conditioner"", ""Clothing storage: dresser"", ""Body soap"", ""Hot water"", ""Coffee maker"", ""Laundromat nearby"", ""TV"", ""Keurig coffee machine"", ""Refrigerator"", ""Lockbox"", ""Shared garden or backyard"", ""Freezer"", ""Private patio or balcony"", ""First aid kit"", ""Hair dryer"", ""Kitchen"", ""Bed linens"", ""Microwave"", ""Long term stays allowed"", ""Air conditioning"", ""Radiant heating"", ""Single level home"", ""Carbon monoxide alarm"", ""Free street parking"", ""Oven"", ""Private entrance"", ""Shampoo"", ""Iron"", ""Paid parking lot off premises"", ""Wifi"", ""Essentials"", ""Stainless steel gas stove""]","104.0","1","365","1.0","1.0","365.0","365.0","1.0","365.0","True","17","47","77","352","3","3","3","4.67","5.0","5.0","5.0","5.0","4.0","True","3","3","0","0","3.0","7"
"Stylish 2 Floor Brooklyn Duplex - 3 Bedroom 2 Bath","Enjoy your stay at our Brooklyn Duplex Apartment.<br /><br />This is a 2 Floor, 3 Bedroom, 2 Full Bath apartment located in Bushwick, NY and a 20 min train ride to downtown Manhattan.<br /><br />The apartment sleeps up to 9 with two of the bedrooms having Queen beds, one of the bedrooms having 2 Full sized beds, and a pull out couch/bed.<br /><br />The apartment has a fully functional kitchen (stove, microwave, coffee maker, toaster), and laundry machine in the basement.<br /><br />$150 cleaning fee applied at the end of your stay.","","Aleksandr","Charlotte, North Carolina, United States","","1.0","1.0","True","1.0","1.0","True","True","Brooklyn","Entire home/apt","8","2.0","3.0","5.0","[""Kitchen"", ""Long term stays allowed"", ""Carbon monoxide alarm"", ""TV"", ""Washer"", ""Wifi"", ""Smoke alarm"", ""Air conditioning""]","351.0","2","30","2.0","2.0","1125.0","1125.0","2.0","1125.0","True","12","42","72","162","1","1","1","5.0","5.0","5.0","5.0","5.0","5.0","False","2","1","1","0","1.0","4"
"Beautiful & Cozy Room in Brooklyn! Near subway!","Amazing and comfortable space in Brooklyn, same street as subway. We are just around the corner from deli's, coffee shops and markets. The house is in a new building with amazing furniture. The room has a smart tv and wifi.","","Maria","New York, New York, United States","","1.0","1.0","True","0.0","0.0","True","True","Brooklyn","Private room","2","1.0","1.0","1.0","[""Hangers"", ""Keypad"", ""Kitchen"", ""Carbon monoxide alarm"", ""TV"", ""Cooking basics"", ""Security cameras on property"", ""Lock on bedroom door"", ""Wifi"", ""Laundromat nearby"", ""Heating"", ""Dishes and silverware"", ""Smoke alarm"", ""Air conditioning"", ""Essentials"", ""Hot water""]","81.0","1","10","1.0","1.0","1125.0","1125.0","1.0","1125.0","True","24","54","84","359","1","1","1","5.0","4.0","5.0","5.0","5.0","5.0","True","12","0","12","0","1.0","2"
"Clean, quiet, safe bedroom by Central Park","Furnished hardwood floor room with brand new furniture’s: bed with linens, desk, closet, air conditioning and window blinds. Kitchen will have everything you will need (or just ask) – gas stove, coffee and espresso machine, toaster, microwave (no dishwasher sorry).<br />Bathroom has a window and a washing machine.<br />Building with renovated lobby, elevator.<br />Subways C, D and 1, 2, 3 few minutes away.<br />Neighborhood: by Central Park, Wholefoods supermarket, Starbucks Coffee, many restaurants, banks nearby.","The Upper West Side is home to Lincoln Center, home to performing arts institutions like the Metropolitan Opera and the New York City Ballet. Amid the majestic buildings of Central Park West, the American Museum of Natural History presents a collection ranging from dinosaurs to life in space. On weekends, families come out of their beautiful typical red sandstone houses (brownstones) located in quiet little streets to go for brunch or buy bagels.","Henry","New York, New York, United States","Hi - my name is Henry, i'm born in Europe, easy to live with and looking forward to meeting you. Don't hesitate if you have any question about my place or the city!","1.0","0.98","True","0.0","0.0","True","True","Manhattan","Private room","1","1.0","1.0","1.0","[""Extra pillows and blankets"", ""Luggage dropoff allowed"", ""Lock on bedroom door"", ""Hot water kettle"", ""Mosquito net"", ""Wine glasses"", ""Toaster"", ""Microwave"", ""Hangers"", ""Long term stays allowed"", ""Portable fans"", ""Carbon monoxide alarm"", ""Washer"", ""Cleaning products"", ""Wifi"", ""Heating"", ""Body soap"", ""Shampoo"", ""Drying rack for clothing"", ""Dishes and silverware"", ""Air conditioning"", ""Essentials"", ""Hot water"", ""Bathtub"", ""Safe"", ""Kitchen"", ""Clothing storage"", ""Cooking basics"", ""Dedicated workspace"", ""Hair dryer"", ""Room-darkening shades"", ""Stove"", ""Smoke alarm"", ""Keypad"", ""Dining table"", ""Iron"", ""Freezer"", ""Oven"", ""Elevator"", ""Refrigerator"", ""Bed linens"", ""Coffee maker""]","74.0","3","100","3.0","5.0","60.0","1125.0","3.6","868.7","True","0","5","35","75","3","3","3","5.0","5.0","5.0","5.0","5.0","5.0","True","3","0","3","0","3.0","2"
"Cozy Room to Stay in Brooklyn NYC Experience!","Take it easy at this unique and tranquil getaway. Brand new, renovated and cozy apartment in Brooklyn close to Prospect Park! This is a stylish & calm space. Short walk from the subway station. It's the perfect destination for vacationers who wants to enjoy themselves and have friendly service, spacious and comfortable accommodations. For those who wants a great NYC experience!<br /><br /><b>The space</b><br />It's a pleasure to share our space with so many diference cultures! You guys are very welcome here :)<br /><br /><b>Guest access</b><br />Private room, Kitchen & Shared bathroom.","","Carol","New York, New York, United States","","1.0","0.99","True","0.0","0.0","True","True","Brooklyn","Private room","2","1.0","1.0","1.0","[""Carbon monoxide alarm"", ""TV"", ""Security cameras on property"", ""Lock on bedroom door"", ""Hair dryer"", ""Wifi"", ""Central heating"", ""Air conditioning"", ""Smoke alarm"", ""Essentials""]","65.0","1","10","1.0","1.0","10.0","10.0","1.0","10.0","True","18","48","78","168","3","3","3","5.0","5.0","5.0","5.0","5.0","5.0","True","11","0","11","0","3.0","2"
"1 bedroom apartment with great views","Kick back and relax in this calm, stylish space.<br />Located in a quiet and great neighborhood. <br /><br />Close to the water, great views, trails, shopping centers, movie theater and great food, bars and restaurants within minutes! <br /><br />Easy access to busses to the mall and express bus to Manhattan.<br /><br />This apartment sits on second floor, giving you lots of windows, great views and light from every angle of the apartment.<br /><br />This apartment just listed a few days ago!!<br />Come and check it out!!<br /><br /><b>Other things to note</b><br />Plenty of parking on the street","Great neighborhood close to the water","Erika","New York, New York, United States","","","","True","0.0","0.0","True","True","Staten Island","Entire home/apt","2","1.0","1.0","1.0","[""Cooking basics"", ""Security cameras on property"", ""Room-darkening shades"", ""Fire extinguisher"", ""Smoke alarm"", ""Smart lock"", ""Dishes and silverware"", ""Cleaning products"", ""Private fenced garden or backyard"", ""Hot water"", ""Stainless steel oven"", ""Ceiling fan"", ""Free parking on premises"", ""Coffee maker"", ""Laundromat nearby"", ""TV"", ""Clothing storage: closet"", ""Gas stove"", ""Refrigerator"", ""Toaster"", ""Freezer"", ""Hangers"", ""First aid kit"", ""Kitchen"", ""Microwave"", ""Bed linens"", ""Dining table"", ""Air conditioning"", ""Long term stays allowed"", ""Radiant heating"", ""Carbon monoxide alarm"", ""Free street parking"", ""Bathtub"", ""Dedicated workspace: table"", ""Private entrance"", ""Wine glasses"", ""Wifi"", ""Essentials""]","98.0","1","160","1.0","1.0","160.0","160.0","1.0","160.0","True","14","41","71","340","3","3","3","5.0","5.0","5.0","5.0","5.0","4.67","False","1","1","0","0","3.0","4"
"Greenpoint 1br with private entrance","Greenpoint is convenient for exploring all parts of Manhattan, Brooklyn and Northern Queens.  It is able to hold a Brooklyn neighborhood character with many small shops and provide calm in the hustle and bustle that is New York City.<br /><br />My space is quiet and minimal.  The bedroom faces away from the street and is super quiet.   I am three and a half blocks from the G train and the L at Bedford Avenue is a twenty minute walk past shops, restaurants, bars and through McCarren Park.","Greenpoint is a super walkable neighborhood with many restaurants and shops.  It is easily accessible by the G and L trains, so you are easily connected to the city.  When I grew up in Greenpoint it was a working class neighborhood with a lot of Irish and Polish and Latino residents.  The demography keeps changing and there are more places to go out at night to have a meal or a drink.","James","New York, New York, United States","","1.0","0.92","True","0.0","0.0","True","True","Brooklyn","Entire home/apt","4","1.0","1.0","2.0","[""Extra pillows and blankets"", ""Game console: Nintendo Wii"", ""Wine glasses"", ""Toaster"", ""Microwave"", ""First aid kit"", ""Hangers"", ""Breakfast"", ""Ceiling fan"", ""Fast wifi \u2013 65 Mbps"", ""Carbon monoxide alarm"", ""Lockbox"", ""Long term stays allowed"", ""Cleaning products"", ""Laundromat nearby"", ""Heating"", ""Dishes and silverware"", ""Private entrance"", ""Air conditioning"", ""Free street parking"", ""Essentials"", ""Hot water"", ""Bathtub"", ""Kitchen"", ""Fire extinguisher"", ""Cooking basics"", ""Hair dryer"", ""Room-darkening shades"", ""Gas stove"", ""Smoke alarm"", ""39\"" HDTV"", ""Iron"", ""Freezer"", ""Oven"", ""Refrigerator"", ""Bed linens"", ""Coffee maker"", ""Clothing storage: closet and dresser""]","139.0","2","35","1.0","2.0","1125.0","1125.0","1.6","1125.0","True","7","37","67","67","2","2","2","5.0","5.0","5.0","5.0","5.0","5.0","False","1","1","0","0","2.0","5"
"*Large Private Room Perfect For Travelers in NYC*","Take it easy at this unique and tranquil getaway. Brand new, renovated and cozy apartment in Brooklyn close to Prospect Park! This is a stylish & calm space. Short walk from the subway station. It's the perfect destination for vacationers who wants to enjoy themselves and have friendly service, spacious and comfortable accommodations. For those who wants a great NYC experience!<br /><br /><b>The space</b><br />It's a pleasure to share our space with so many diference cultures! You guys are very welcome here :)<br /><br /><b>Guest access</b><br />Private room, Kitchen & Shared bathroom.","","Carol","New York, New York, United States","","1.0","0.99","True","0.0","0.0","True","True","Brooklyn","Private room","2","1.0","1.0","1.0","[""Carbon monoxide alarm"", ""TV"", ""Security cameras on property"", ""Lock on bedroom door"", ""Hair dryer"", ""Wifi"", ""Heating"", ""Smoke alarm"", ""Air conditioning"", ""Essentials""]","65.0","1","10","1.0","1.0","10.0","10.0","1.0","10.0","True","14","44","74","164","1","1","1","5.0","5.0","5.0","5.0","5.0","5.0","True","11","0","11","0","1.0","2"
"Cozy basement room","This unique cozy room is conveniently located in the heart of Williamsburg and one stop away from manhattan. The space is filled with art, and plants. With good wifi, and such a nice feel it’s perfect for many different types of guests. From exploring the city, to a business trip, or just a getaway, the apartment is a great choice for your stay","Williamsburg is a very vibrant neighborhood with many bars and restaurants, and some event spaces nearby","Gilbert","New York, New York, United States","","1.0","1.0","True","0.0","0.0","True","True","Brooklyn","Private room","2","1.0","1.0","","[""Hangers"", ""Lockbox"", ""Kitchen"", ""Long term stays allowed"", ""Carbon monoxide alarm"", ""TV"", ""Cooking basics"", ""Dedicated workspace"", ""Hair dryer"", ""Wifi"", ""Dishes and silverware"", ""Private entrance"", ""Heating"", ""Shampoo"", ""Host greets you"", ""Smoke alarm"", ""First aid kit"", ""Air conditioning"", ""Essentials""]","70.0","1","28","1.0","1.0","1125.0","1125.0","1.0","1125.0","True","2","32","62","329","2","2","2","5.0","5.0","5.0","5.0","5.0","5.0","True","4","0","4","0","2.0","6"
"Modern room in Williamsburg","This unique cozy place is conveniently located near the heart of Williamsburg, as well as just one train stop away from manhattan, you will have a private room to yourself with shared common areas. The common areas are filled with art and plants. Our place is perfect for many types of different guests, whether it’s exploring the city, a business trip, or just a nice getaway, the apartment is a great choice.<br /><br /><b>The space</b><br />The space is your private room, and common areas, there will be other Airbnb guests in the apartment. Each room has its on unique style, all very cozy, there is nice art throughout the apartment. It can sometimes get noisy due to the location however we provide earplugs<br /><br /><b>Guest access</b><br />Uber, walking, biking, or driving are all great options for getting around whether it’s just Williamsburg or throughout the entire city<br /><br /><b>Other things to note</b><br />Please make sure to latch the backyard door if ever using the backyar","","Gilbert","New York, New York, United States","","1.0","1.0","True","0.0","0.0","True","True","Brooklyn","Private room","2","1.0","1.0","1.0","[""Luggage dropoff allowed"", ""TV"", ""Lock on bedroom door"", ""Wine glasses"", ""Microwave"", ""First aid kit"", ""Hangers"", ""Lockbox"", ""Long term stays allowed"", ""Carbon monoxide alarm"", ""Wifi"", ""Heating"", ""Body soap"", ""Shampoo"", ""Dishes and silverware"", ""Private entrance"", ""Air conditioning"", ""Free street parking"", ""Essentials"", ""Hot water"", ""Bathtub"", ""Host greets you"", ""Conditioner"", ""Kitchen"", ""Cooking basics"", ""Dedicated workspace"", ""Hair dryer"", ""Gas stove"", ""Smoke alarm"", ""Dining table"", ""Private fenced garden or backyard"", ""Freezer"", ""Oven"", ""Refrigerator"", ""Clothing storage: closet""]","70.0","1","28","1.0","1.0","1125.0","1125.0","1.0","1125.0","True","7","37","60","335","2","2","2","4.5","5.0","3.5","5.0","5.0","4.0","True","4","0","4","0","2.0","6"
"Spacious room near C park & C university","my name is Max I’m MD , I would love to offer you a pleasant stay at an immaculate super quiet and spacious place which located in Upper West side Manhattan , safe , beautiful neighborhood , many restaurants bars and stores, subway 3 minutes walking to line 1,b&c, Central Park 2 minutes walking, Colombia university 5 minutes walking , location is known for bustling shopping are humble abode offers you comfortable stay in lively city<br /><br /><b>The space</b><br />It’s spacious apartment offers renovated room and kitchen with AC , and heating 2 shared bathrooms washing machine and dryer, high hygiene room abundance with natural light, the place is spacious so you will feel you have your own suite , my place with 3 easy stair flights ,me or my computer host will always be there to help you if needed I offer my guest early drop off luggage for free <br />It’s private room with 2 sharing bathrooms , kitchen , laundry &living room you can use whatever you want and having keys to access ap","Quiet cozy neighborhood close to grocery restaurants and pharmacies Central Park one block (2minutes walking )<br />Few minutes to different subway station 1,2,3 ,b and c which takes you to midtown downtown within 15 minutes soho and every where in the city  , Safe area , full of stores and all facilities available, Central Park and subway 2 minutes away","Max","New York, New York, United States","Dr Max","1.0","1.0","True","2.0","2.0","True","True","Manhattan","Private room","2","2.0","1.0","1.0","[""Extra pillows and blankets"", ""Luggage dropoff allowed"", ""Bikes"", ""Security cameras on property"", ""Lock on bedroom door"", ""Hot water kettle"", ""Wine glasses"", ""Toaster"", ""Microwave"", ""Central heating"", ""Hangers"", ""Long term stays allowed"", ""Carbon monoxide alarm"", ""Washer"", ""Cleaning products"", ""Wifi"", ""Laundromat nearby"", ""Body soap"", ""Shampoo"", ""Dishes and silverware"", ""Air conditioning"", ""Free dryer"", ""Essentials"", ""Hot water"", ""Free street parking"", ""Conditioner"", ""Safe"", ""Kitchen"", ""Fire extinguisher"", ""Cooking basics"", ""Hair dryer"", ""Stove"", ""Smoke alarm"", ""Dishwasher"", ""Dining table"", ""Iron"", ""Freezer"", ""Oven"", ""Refrigerator"", ""Bed linens"", ""Trash compactor"", ""Shower gel"", ""Clothing storage: closet"", ""Paid parking garage off premises""]","94.0","1","365","1.0","1.0","1125.0","1125.0","1.0","1125.0","True","12","42","72","72","4","4","4","4.0","3.5","4.5","5.0","4.75","4.25","True","2","0","2","0","4.0","2"
"Loft Studio close to Empire State Building","This wonderful apartment is located on a prime location in New York!!<br /> Between 5th Ave and Broadway Avenue crossing with 34th Street, right in the heart of Midtown Manhattan, just a block away from the Empire State Building, and at a 5-minute walk from Times Square, you will live an unforgettable experience at the center of the Big Apple where you will find: departments stores like Macy’s, the Madison Square Garden, Penn Station, stores and restaurants that are open 24/7, bars, Banks..<br /><br /><b>The space</b><br />This spacious, fully equipped loft studio sleeps 3 people and 1 child, with a double size bed and a sofa bed.<br /><br /><b>Guest access</b><br />* WI-FI is provided.<br />* Kitchenware, dining ware, utensils are provided.<br />* Bed Linens and bath towels are provided.<br />* The window-mounted air conditioning is installed from May-Oct. (It may differ depending on the weather condition)<br />* The heat is controlled by a boiler regulated by the city in the winter m","","Roger","Barcelona, Catalonia, Spain","We are 2 friends from Barcelona who are on vacation in Thailand and we will stay some days in Bangkok for visiting the city before going to Chiang Mai to continue our holidays..... We are 30 something years old who loves travelling.","1.0","1.0","True","1.0","1.0","True","True","Manhattan","Entire home/apt","3","1.0","","3.0","[""Hangers"", ""Long term stays allowed"", ""Iron"", ""TV"", ""Cooking basics"", ""Washer"", ""Elevator"", ""Hair dryer"", ""Wifi"", ""Heating"", ""Shampoo"", ""Dryer"", ""Air conditioning"", ""Essentials""]","185.0","6","31","1.0","6.0","1.0","1125.0","3.4","923.5","True","5","31","61","328","2","2","1","5.0","5.0","5.0","5.0","5.0","5.0","True","3","3","0","0","1.67","7"
"Luxury Centrally - Located  1 Bedroom Apartment","Enjoy a stylish experience at this centrally-located Luxury apartment with Spacious living room and comfortable bedroom. Perfect for family's. Walking distance to time square, Hells Kitchen, Javits Center,  Hudson Yards and more<br /><br /><b>The space</b><br />Cozy, confortable, lovely and stylish.. The apartment is been design just for you :)<br /><br /><b>Guest access</b><br />Guest have only access to the apartment. <br /><br />No gym, no rooftop and no parking in the premises<br /><br /><b>Other things to note</b><br />- System installed in my Aparment that detects loud noises or overcrowded aparment. ( it won’t affect your privacy) this is only to avoid renters  that are looking to do party’s ) <br /><br />-Please always turn off the AC or Heater when you leave the Aparment for the day.","","Carlos","New York, New York, United States","","0.94","1.0","True","1.0","1.0","True","True","Manhattan","Entire home/apt","4","1.0","1.0","3.0","[""Cooking basics"", ""Room-darkening shades"", ""Hot water kettle"", ""Smoke alarm"", ""Shower gel"", ""Dishwasher"", ""Dishes and silverware"", ""Cleaning products"", ""Conditioner"", ""Body soap"", ""Hot water"", ""Coffee maker"", ""Refrigerator"", ""Toaster"", ""Elevator"", ""HDTV with Netflix"", ""Freezer"", ""Hangers"", ""Hair dryer"", ""Kitchen"", ""Bed linens"", ""Microwave"", ""Long term stays allowed"", ""Dryer \u2013\u00a0In unit"", ""Air conditioning"", ""Safe"", ""Carbon monoxide alarm"", ""Bathtub"", ""Oven"", ""Wifi"", ""Shampoo"", ""Stove"", ""Wine glasses"", ""Iron"", ""Central heating"", ""Washer"", ""Essentials""]","361.0","3","40","1.0","3.0","1125.0","1125.0","3.0","1125.0","True","4","24","24","25","1","1","1","5.0","5.0","5.0","5.0","5.0","5.0","True","1","1","0","0","1.0","6"
"East Village Boutique Chic","Extra-large private full 1BR pied-a-terre in the heart of NYC's hippest district. HDTV, fully equipped galley kitchen, dishwasher, filtered water and large refrigerator. Separate dining area w/ wood farmer's table. Spacious living room has 2 queen sleeper sofas. Family friendly, can sleep 2-6 guests upon request. Washer-dryer on premises. Central to everything: 5-star restaurants, subways, 24-hour grocery, multiple landmark parks, Highline, museums, Citibike, Soho, bookstores. See you soon!","We are located at the hub of downtown where Union Square converges with the East Village, Greenwich Village and Gramercy Park. <br /><br />Enjoy the numerous world-class restaurants to satisfy every palate, including five star French, Indian, Chinese and Italian dining, plus many more. (Both Shake Shack and Artichoke pizza are around the corner!)<br /><br />We are a short stroll to the downtown arts neighborhoods, whether the Bowery and its New Museum, the Chelsea gallery district or the Meatpacking district’s Whitney Museum of contemporary art. If you prefer cycling, a Citibike rental kiosk is one block away. <br /><br />Book lovers will enjoy a one block walk to the famous Strand bookstore. We are steps from several great movie theaters too. For late-night foodies, Veselka restaurant is open 24-hours, but we are also ½ block from a 24-hour gourmet grocer and a close walk to Trader Joe’s, Whole Foods and Eataly. A 24-hour pharmacy is two blocks from the apartment. (*We have a standard","Ophira","New York, New York, United States","I'm a writer, designer and the founder of an entrepreneurial media company in NYC and a downtown New Yorker for 25 years. I travel frequently and love to share my space, helping others feel warmly welcomed and creatively inspired in the middle of this incredible city.","1.0","1.0","True","0.0","0.0","True","True","Manhattan","Entire home/apt","4","1.0","1.0","","[""Extra pillows and blankets"", ""Baking sheet"", ""Hot water kettle"", ""Wine glasses"", ""Microwave"", ""First aid kit"", ""Hangers"", ""Ethernet connection"", ""Lockbox"", ""Long term stays allowed"", ""Carbon monoxide alarm"", ""Window AC unit"", ""Clothing storage: dresser and closet"", ""Cleaning products"", ""Wifi"", ""Paid washer \u2013 In building"", ""Laundromat nearby"", ""Body soap"", ""Shampoo"", ""Dishes and silverware"", ""Essentials"", ""Hot water"", ""Bathtub"", ""Conditioner"", ""Safe"", ""Kitchen"", ""Fire extinguisher"", ""Cooking basics"", ""Hair dryer"", ""Stove"", ""Portable air conditioning"", ""Smoke alarm"", ""Dishwasher"", ""Dining table"", ""Paid dryer"", ""Iron"", ""Freezer"", ""Oven"", ""HDTV"", ""Refrigerator"", ""Bed linens"", ""Shower gel"", ""Dedicated workspace: table and desk"", ""Coffee maker""]","365.0","3","45","3.0","3.0","1125.0","1125.0","3.0","1125.0","True","3","28","58","58","2","2","2","5.0","5.0","5.0","5.0","5.0","5.0","False","1","1","0","0","2.0","7"
"Luxury Double Queen Studio | Mott Haven Manhattan","A Statement in the Sky<br />This is not just a new building, it’s a new standard.<br />Staying at The Arches allows an experience of luxury in addition to convenience and relaxation. <br />Guests have access to a range of amenity spaces including the Fitness Center, Business Center and Lounge. Suites offer a sleeping area, kitchenette, as well as work desk.<br /><br /><b>The space</b><br />Mott Haven living - The best of both worlds<br />Featuring brand new suites, offering floor to ceiling windows, high end finishes, hardwood flooring and more! From a smooth check-in experience to a suite of top comfort & design.<br />Apartment Features Include:<br /><br />•	Sleeping Area with quality linens<br />•	Kitchenette with Microwave and Refrigerator<br />•	Floor to ceiling windows<br />•	Hardwood Floors<br />•	Spa-like showers<br /><br />Building Amenities Include:<br /><br />•	Business Center <br />•	Lounge<br />•	Fitness Center featuring state of the art equipment <br />•	Yoga Studio Space<","Imagine staying in a vibrant neighborhood filled with dining, nightlife, and cultural attractions.<br />Yes, that’s right, all-in-one; this can be your new address for vacation, work, and play. By day, enjoy coffee shops, bookstores, cafes, retail, and more. In the evening, Bruckner Blvd. comes alive with restaurants and bars. No other borough brings together such a unique combination of cultural attractions, parks, sports, music, and history. Additionally, no other neighborhood puts it all together like Mott Haven. A thriving, walkable, cultural neighborhood that’s the best of the area with one of the easiest commutes into Manhattan.","Global Luxury Suites","Hawthorne, New Jersey, United States","","","","True","404.0","404.0","True","True","Bronx","Entire home/apt","4","1.0","1.0","2.0","[""Extra pillows and blankets"", ""TV"", ""Keurig coffee machine"", ""Wine glasses"", ""Toaster"", ""Microwave"", ""Central heating"", ""Single level home"", ""Hangers"", ""Long term stays allowed"", ""Carbon monoxide alarm"", ""Mini fridge"", ""Cleaning products"", ""Wifi"", ""Paid parking garage on premises"", ""Body soap"", ""Shampoo"", ""Dishes and silverware"", ""Air conditioning"", ""Essentials"", ""Hot water"", ""Conditioner"", ""Fire extinguisher"", ""Dedicated workspace: desk"", ""Hair dryer"", ""Smoke alarm"", ""Iron"", ""Elevator"", ""Outlet covers"", ""Bed linens"", ""Shower gel"", ""Smart lock"", ""Gym"", ""Coffee maker"", ""Clothing storage: closet and dresser""]","297.0","5","1125","2.0","5.0","1125.0","1125.0","4.1","1125.0","True","28","58","88","363","1","1","1","1.0","5.0","5.0","5.0","3.0","3.0","True","59","57","2","0","1.0","6"
"Comfortable Room same St Subway station! Brooklyn!","Amazing and comfortable space in Brooklyn, same street as subway. We are just around the corner from deli's, coffee shops and markets. The house is in a new building with amazing furniture. The room has a smart tv and wifi.","","Maria","New York, New York, United States","","1.0","1.0","True","0.0","0.0","True","True","Brooklyn","Private room","2","1.0","1.0","1.0","[""Hangers"", ""Keypad"", ""Kitchen"", ""Carbon monoxide alarm"", ""TV"", ""Fire extinguisher"", ""Security cameras on property"", ""Lock on bedroom door"", ""Cooking basics"", ""Wifi"", ""Laundromat nearby"", ""Heating"", ""Dishes and silverware"", ""Smoke alarm"", ""First aid kit"", ""Air conditioning"", ""Essentials"", ""Hot water""]","63.0","1","10","1.0","1.0","1125.0","1125.0","1.0","1125.0","True","28","58","88","178","5","5","4","4.4","4.2","5.0","5.0","4.8","4.6","True","12","0","12","0","5.0","2"
"Cozy bed in BX","Includes one bedroom, bathroom, and combined kitchen-living room (kitchlive) <br /><br />Close to (2 & 5 train , BX12 sbs, m60) <br /><br />Located near (Bronx Zoo , Fordham University , Bronx Park)<br /><br /><b>Guest access</b><br />Front room (kitchen and den )","","Drake","Bronx, New York, United States","Cool guy . ","","","True","0.0","0.0","True","True","Bronx","Private room","2","1.0","1.0","","[""Kitchen"", ""Long term stays allowed"", ""Carbon monoxide alarm"", ""TV"", ""Security cameras on property"", ""Paid parking on premises"", ""Host greets you"", ""Smoke alarm"", ""Air conditioning""]","55.0","1","365","1.0","1.0","1125.0","1125.0","1.0","1125.0","True","14","44","74","349","3","3","3","5.0","5.0","5.0","5.0","5.0","5.0","True","1","0","1","0","3.0","1"
"Beautiful room+private bath! Brooklyn! Near Train!","The house is renovated and it's being newly furnished. <br /><br />The room is spacious with a true queen size bed, an amazing mattress and we want you to enjoy the most out of it. There is a good size closet, a fan as well as a full size mirror/closet and it's own smart T.V. <br /><br />There is a full attached private bathroom for guests staying in this room, a shared kitchen and living room.","","Maria","New York, New York, United States","","1.0","1.0","True","0.0","0.0","True","True","Brooklyn","Private room","2","1.0","1.0","1.0","[""Hangers"", ""Keypad"", ""Kitchen"", ""Iron"", ""TV"", ""Carbon monoxide alarm"", ""Security cameras on property"", ""Fire extinguisher"", ""Hair dryer"", ""Lock on bedroom door"", ""Cooking basics"", ""Wifi"", ""Laundromat nearby"", ""Heating"", ""Dishes and silverware"", ""Smoke alarm"", ""First aid kit"", ""Air conditioning"", ""Essentials"", ""Hot water""]","74.0","1","10","1.0","1.0","1125.0","1125.0","1.0","1125.0","True","25","55","85","360","3","3","3","4.0","2.67","4.67","5.0","4.67","4.67","True","12","0","12","0","3.0","2"
"Spacious & Comfortable room! Brooklyn! Near train!","Amazing and comfortable space in Brooklyn, same street as subway. We are just around the corner from deli's, coffee shops and markets. The house is in a new building with amazing furniture. The room has a smart tv and wifi.","","Maria","New York, New York, United States","","1.0","1.0","True","0.0","0.0","True","True","Brooklyn","Private room","2","2.0","1.0","1.0","[""Keypad"", ""Microwave"", ""Carbon monoxide alarm"", ""TV"", ""Fire extinguisher"", ""Security cameras on property"", ""Lock on bedroom door"", ""Hair dryer"", ""Mini fridge"", ""Wifi"", ""Heating"", ""Smoke alarm"", ""First aid kit"", ""Air conditioning"", ""Essentials"", ""Hot water""]","74.0","1","10","1.0","1.0","1125.0","1125.0","1.0","1125.0","True","20","50","80","355","4","4","3","4.5","4.25","4.75","4.75","4.75","5.0","True","12","0","12","0","3.64","2"
"Cozy Room in Amazing Location!Near Train! Brooklyn","Amazing and comfortable space in Brooklyn, same street as subway. We are just around the corner from deli's, coffee shops and markets. The house is in a new building with amazing furniture. The room has a smart tv and wifi.<br />Edit","","Maria","New York, New York, United States","","1.0","1.0","True","0.0","0.0","True","True","Brooklyn","Private room","2","2.0","1.0","1.0","[""Keypad"", ""Microwave"", ""Carbon monoxide alarm"", ""TV"", ""Fire extinguisher"", ""Security cameras on property"", ""Lock on bedroom door"", ""Hair dryer"", ""Mini fridge"", ""Wifi"", ""Heating"", ""Smoke alarm"", ""First aid kit"", ""Air conditioning"", ""Essentials"", ""Hot water""]","71.0","1","10","1.0","1.0","1125.0","1125.0","1.0","1125.0","True","28","58","88","363","1","1","1","4.0","5.0","3.0","3.0","4.0","4.0","True","12","0","12","0","1.0","2"
"Very Comfortable Room in Brooklyn! Near metro!","Located in the heart of Brooklyn's burgeoning district of Bushwick, the apartment offers a beautiful finish in a prime location. Near major subway lines, local shops and amazing coffee shops.","","Maria","New York, New York, United States","","1.0","1.0","True","0.0","0.0","True","True","Brooklyn","Private room","2","2.0","1.0","1.0","[""Keypad"", ""Microwave"", ""Carbon monoxide alarm"", ""TV"", ""Fire extinguisher"", ""Security cameras on property"", ""Lock on bedroom door"", ""Hair dryer"", ""Mini fridge"", ""Refrigerator"", ""Wifi"", ""Heating"", ""Smoke alarm"", ""First aid kit"", ""Air conditioning"", ""Essentials"", ""Hot water""]","71.0","1","10","1.0","1.0","1125.0","1125.0","1.0","1125.0","True","28","58","88","363","2","2","2","4.5","4.5","5.0","4.5","5.0","4.5","True","12","0","12","0","2.0","2"
"Best Room in Queens! 5m Manhattan/Near Subway!","Located only 5-10 minutes away from Manhattan, walking distance from the Subway station, supermarkets and restaurants. The apartment is perfect for people looking to explore the city and get some nice rest at our spacious and comfy room! The room has a great bed + Smart Tv + Wifi + AC! Another plus is that we are less than 10m driving to LGA airport!","","Maria","New York, New York, United States","","1.0","1.0","True","0.0","0.0","True","True","Queens","Private room","2","1.0","1.0","1.0","[""Hangers"", ""Keypad"", ""Iron"", ""TV"", ""Carbon monoxide alarm"", ""Security cameras on property"", ""Lock on bedroom door"", ""Hair dryer"", ""Wifi"", ""Heating"", ""Smoke alarm"", ""Air conditioning"", ""Essentials""]","73.0","1","10","1.0","1.0","10.0","10.0","1.0","10.0","True","19","49","79","169","3","3","3","5.0","5.0","5.0","5.0","5.0","4.67","True","12","0","12","0","3.0","2"
"Great Room in Queens! 5m to Manhattan/Near Subway!","Located only 5-10 minutes away from Manhattan, walking distance from the Subway station, supermarkets and restaurants. The apartment is perfect for people looking to explore the city and get some nice rest at our spacious and comfy room! The room has a great bed + Smart Tv + Wifi + AC! Another plus is that we are less than 10m driving to LGA airport!","","Maria","New York, New York, United States","","1.0","1.0","True","0.0","0.0","True","True","Queens","Private room","2","1.0","1.0","1.0","[""Hangers"", ""Keypad"", ""Carbon monoxide alarm"", ""TV"", ""Security cameras on property"", ""Lock on bedroom door"", ""Hair dryer"", ""Wifi"", ""Heating"", ""Smoke alarm"", ""Air conditioning"", ""Essentials""]","66.0","1","10","1.0","1.0","10.0","10.0","1.0","10.0","True","15","45","75","165","8","8","8","5.0","4.88","5.0","5.0","4.75","4.63","True","12","0","12","0","8.0","2"
"Super cozy room in Queens!5m Manhattan/near train!","Located only 5-10 minutes away from Manhattan, walking distance from the Subway station, supermarkets and restaurants. The apartment is perfect for people looking to explore the city and get some nice rest at our spacious and comfy room! The room has a great bed + Smart Tv + Wifi + AC! Another plus is that we are less than 10m driving to LGA airport!","","Maria","New York, New York, United States","","1.0","1.0","True","0.0","0.0","True","True","Queens","Private room","2","1.0","1.0","1.0","[""Keypad"", ""Carbon monoxide alarm"", ""TV"", ""Security cameras on property"", ""Lock on bedroom door"", ""Hair dryer"", ""Wifi"", ""Heating"", ""Smoke alarm"", ""Air conditioning"", ""Essentials""]","69.0","1","10","1.0","1.0","10.0","10.0","1.0","10.0","True","20","50","80","170","4","4","4","5.0","5.0","5.0","5.0","4.75","5.0","True","12","0","12","0","4.0","2"
"The Vera-Lovely 2 Bedroom 2nd floor unit Queens NY","Beautiful  two bedroom second floor apartment  in Richmond hill Queens where you can relax and  enjoy  with family and friends. It is easy access to New York scenic views . 2 minutes walk to  MTA  A train and Buses . shopping, restaurant's,  laundry  and a  ten minutes walk to  Resort World Casino.  To access NYC airport  its only 10 minutes  from JFK  Airport and 20 minutes from  LaGuardia  Airport .","Lively multi-cultural neighborhood, walking distance  Liberty avenue, restaurants, Bars, shopping, bus, train to Manhattan, and Brooklyn . Close to all major Highways and the LIRR (long Island Railroad ).  Walking distance to Resort world casino and many more experience.","Sattie","Queens, New York, United States","","1.0","1.0","True","0.0","0.0","True","True","Queens","Entire home/apt","4","1.0","2.0","2.0","[""Cooking basics"", ""Security cameras on property"", ""Room-darkening shades"", ""Clothing storage: closet and dresser"", ""Fire extinguisher"", ""Hot water kettle"", ""Smoke alarm"", ""Shower gel"", ""Dishes and silverware"", ""Cleaning products"", ""Extra pillows and blankets"", ""Window AC unit"", ""Conditioner"", ""Body soap"", ""Hot water"", ""Coffee maker"", ""Laundromat nearby"", ""TV"", ""Keurig coffee machine"", ""Refrigerator"", ""Toaster"", ""Freezer"", ""Keypad"", ""Hangers"", ""First aid kit"", ""Hair dryer"", ""Kitchen"", ""Bed linens"", ""Microwave"", ""Dining table"", ""Long term stays allowed"", ""Radiant heating"", ""Carbon monoxide alarm"", ""Free street parking"", ""Bathtub"", ""Oven"", ""Stove"", ""Shampoo"", ""Wine glasses"", ""Private entrance"", ""Iron"", ""Wifi"", ""Essentials""]","300.0","2","30","2.0","2.0","30.0","30.0","2.0","30.0","True","24","53","83","358","2","2","2","5.0","5.0","5.0","5.0","5.0","5.0","True","1","1","0","0","2.0","2"
"Luxury Mid-Century Designer Apartment in Midtown","CONGRATULATIONS, YOU FOUND IT<br />We are happy to welcome you in our stylish luxury apartment in the center of Manhattan. It’s a unique space which offers 4 beds/2 baths with high standard renovation and details oriented design. <br />Mid-century inspired, quiet, discrete and cozy. It’s a perfect match for your stay.<br />Just a few steps from fifth and Madison ave, home of luxury shopping, the area has the best of New York to offer: Michelin star restaurants, Clubs, Venues, Exclusive Brands and much more.<br /><br /><b>The space</b><br />LIVING ROOM: 3 seats Italian designer couch, 2 single Lux harm chairs, Gigantic Comfy Puff, cable TV, AC, Heat, Wi-Fi, rounded dining table, 2 big coffee tables.<br /><br />KITCHEN: fully equipped with gas fire, washer & dryer, wine glasses, coffee cups, silverware, American coffee machine, espresso coffee machine, french press, microwave, plates, baking tools, all kind of cooking equipment and everything needed, AC.<br /><br />MASTER BEDROOM: queen ","Midtown East is home to classic buildings, upscale dining and exclusive hotels. It can claim two of the city's most iconic structures in the CHRYSLER Building and the GRAND CENTRAL TERMINAL, which is still a transport hub for both trains coming into and out of the city and several subway lines. The UNITED NATIONS Headquarters takes up a large chunk of the neighborhood's southeast corner so many countries have consulates here.<br /><br />Overall, this is a peaceful and safe neighborhood. It's got all the conveniences you'll need like grocery stores and pharmacies, and some excellent restaurants and bars, but it's not as vibrant as many other neighborhoods in the city – and that's perfectly okay with many of its older, established residents. It all adds up to being ranked as one of the most livable neighborhoods in New York.<br /><br />When the UN is in session the streets can become snarled with traffic from diplomatic missions, so be forewarned. But the flipside is that if you are work","Janis","Middletown, Delaware, United States","","0.95","1.0","True","0.0","0.0","True","True","Manhattan","Entire home/apt","8","2.0","4.0","4.0","[""natural brand shampoo"", ""Extra pillows and blankets"", ""N/A refrigerator"", ""TV"", ""Indoor fireplace"", ""Hot water kettle"", ""Wine glasses"", ""Toaster"", ""Microwave"", ""Central heating"", ""First aid kit"", ""Hangers"", ""Lockbox"", ""Long term stays allowed"", ""Carbon monoxide alarm"", ""Washer"", ""Clothing storage: dresser and closet"", ""Cleaning products"", ""Wifi"", ""Dishes and silverware"", ""natural brand conditioner"", ""natural brand body soap"", ""Air conditioning"", ""Essentials"", ""Hot water"", ""Free street parking"", ""Kitchen"", ""Fire extinguisher"", ""Cooking basics"", ""Dedicated workspace"", ""Hair dryer"", ""Room-darkening shades"", ""N/A gas stove"", ""Smoke alarm"", ""Dishwasher"", ""Dining table"", ""Iron"", ""Freezer"", ""N/A oven"", ""Bed linens"", ""Shower gel"", ""Free dryer \u2013 In unit"", ""Coffee maker""]","814.0","30","90","30.0","30.0","90.0","90.0","30.0","90.0","True","4","27","42","42","5","5","5","5.0","5.0","4.8","5.0","5.0","5.0","True","1","1","0","0","5.0","2"
"Lovely Two-Bedroom Apartment in Brooklyn, NY","Two bedroom apartment in prime Brooklyn, New York City location/Sheepshead Bay area. A walking distance to Brighton and Coney Island beaches and boardwalks. Manhattan beach is close with few minutes bus ride. Subway/Metro is in a walking distance. 30 minutes Subway/Metro ride to Manhattan. Bus service right on the block. Very short distance to tree-lined Ocean Parkway with designated bike lanes. Close to Coney Island Hospital and MTA Coney Island Train Yard and Shop. Variety of food options.","Prime Brooklyn location. Close to all shopping. Close to Brighton, Coney Island, and Manhattan Beaches. Short distance to the train (Subway/Metro) and bus service. Walking distance to Coney Island Hospital and MTA Coney Island Train yard and shop. Variety of food option are all around.","Ihab","Brooklyn, New York, United States","I welcome people from all walks and all backgrounds to enjoy the stay in my home in the most vibrant city and in mainly the famous town of Brooklyn. The location is a walking distance to Brighton and Coney Island Beaches and boardwalks. The location is very close to the F-Train station so you can travel anywhere in the city. Manhattan is only 35 minutes train ride. The location is half a block away from Ocean Parkway, which is a tree-lined street with designated lanes for bikes. Coney Island hospital is 2 blocks away. All types of cuisines are just a walking distance. ","1.0","0.93","True","2.0","2.0","True","True","Brooklyn","Entire home/apt","8","1.0","2.0","4.0","[""Samsung refrigerator"", ""Security cameras on property"", ""Room-darkening shades"", ""55\"" HDTV"", ""Fire extinguisher"", ""Smoke alarm"", ""Dishes and silverware"", ""Extra pillows and blankets"", ""Mosquito net"", ""Samsung oven"", ""Body soap"", ""Hot water"", ""Ceiling fan"", ""Coffee maker"", ""Laundromat nearby"", ""Clothing storage: closet"", ""Gas stove"", ""Lockbox"", ""Freezer"", ""Hangers"", ""Drying rack for clothing"", ""Kitchen"", ""Bed linens"", ""Microwave"", ""Dining table"", ""Air conditioning"", ""Carbon monoxide alarm"", ""Free street parking"", ""Bathtub"", ""Private entrance"", ""Shampoo"", ""Iron"", ""Central heating"", ""Wifi"", ""Essentials""]","159.0","2","15","2.0","2.0","1125.0","1125.0","2.0","1125.0","True","14","16","46","321","5","5","5","3.4","3.2","4.8","4.4","4.8","3.6","True","2","2","0","0","5.0","4"
"2BrHme.Office.Wifi. Deck.ChildFnly.Pkng.JFK9min.","Have fun with the whole family at this stylish place.<br /><br /><b>The space</b><br />Modern open layout. Earthly tones accommodates a relaxed environment. Smoking not allowed.  Feed my fishes once a day. Thank you<br /><br /><b>Guest access</b><br />Guests are allowed and have access to entire house including outdoor backyard deck with grill and outdoor furniture. Smoking is allowed outside on the deck. No smoking in front of the house. No lounging in front of the house.  Basement space is available upon request prior to booking. Failure to do so will result in zero access to basement space. No exceptions. No smoking in basement space.  Basement capacity 10 to 15 individuals not including known guests. Additional charges will apply in the range of $100 to $150 dollars per night for basement space.<br /><br /><b>Other things to note</b><br />Corner store at the end of block (110ave159street). Sells snacks, drinks (alcoholic/nonalcoholic), the best sandwiches #baconeggandcheeseonaroll<","Close to JFK (10 min drive)<br />Close to LIRR (5 min drive)<br />Shopping areas: Jamaica ave (5 min drive)<br />Close to subway (5 minute drive) <br />NYC bus 5 minute walk.","Kern","Queens, New York, United States","Its me","1.0","0.88","True","0.0","0.0","True","True","Queens","Entire home/apt","5","1.5","2.0","2.0","[""Cooking basics"", ""Outdoor furniture"", ""Room-darkening shades"", ""Fire extinguisher"", ""Smoke alarm"", ""Dishwasher"", ""Dishes and silverware"", ""Cleaning products"", ""Dedicated workspace"", ""Window AC unit"", ""GE gas stove"", ""Children\u2019s books and toys for ages 2-5 years old"", ""Cable TV"", ""GE refrigerator"", ""Private fenced garden or backyard"", ""65\"" HDTV with Netflix, Amazon Prime Video, HBO Max, Apple TV, standard cable"", ""Indoor fireplace"", ""Lockbox"", ""Clothing storage: dresser and closet"", ""Hangers"", ""First aid kit"", ""Bose Bluetooth sound system"", ""Kitchen"", ""Microwave"", ""Free dryer \u2013 In unit"", ""Dining table"", ""Safe"", ""BBQ grill"", ""Free driveway parking on premises"", ""Barbecue utensils"", ""Carbon monoxide alarm"", ""Bathtub"", ""Wifi"", ""GE stainless steel oven"", ""Wine glasses"", ""Iron"", ""Central heating"", ""Washer"", ""Essentials""]","225.0","2","21","2.0","2.0","1125.0","1125.0","2.0","1125.0","True","20","50","80","355","3","3","3","5.0","5.0","5.0","5.0","5.0","5.0","True","1","1","0","0","3.0","8"
"Nice 1 room nice to lay ur head","Keep it simple at this peaceful and centrally-located place.It’s a nice bedroom where you can lay your head and sleep cozy","","Vanessa","New York, New York, United States","","0.18","0.18","True","1.0","1.0","True","True","Brooklyn","Private room","1","1.0","1.0","","[""Air conditioning"", ""Security cameras on property"", ""Carbon monoxide alarm"", ""Lockbox"", ""Lock on bedroom door"", ""TV"", ""Wifi""]","83.0","1","2","1.0","1.0","2.0","2.0","1.0","2.0","True","28","58","88","363","1","1","1","1.0","1.0","1.0","1.0","1.0","1.0","False","1","0","1","0","1.0","1"
"Whole Lovely 2 bedrooms  apartment in the back .","Take a break and unwind at this peaceful oasis. Have your privacy and cozy place<br /><br /><b>The space</b><br />Have the whole lovely 2 bedrooms apartment, Very private and lovely big 2 bedrooms apartment","Close by the Broadway junction train station. <br />Also less than 5 minutes drives from the highway. 10 to 12 minutes drive to the Barclay center. <br />Near the “C, A, and J subway station. And the LIR.","Michelle","US","","1.0","1.0","True","1.0","1.0","True","True","Brooklyn","Entire home/apt","3","1.0","2.0","2.0","[""Extra pillows and blankets"", ""Luggage dropoff allowed"", ""Security cameras on property"", ""Radiant heating"", ""Microwave"", ""Hangers"", ""Ethernet connection"", ""Carbon monoxide alarm"", ""Window AC unit"", ""Dedicated workspace: table"", ""Mini fridge"", ""Cleaning products"", ""Wifi"", ""Laundromat nearby"", ""50\"" HDTV"", ""Body soap"", ""Shampoo"", ""Dishes and silverware"", ""Free street parking"", ""Essentials"", ""Hot water"", ""Bathtub"", ""Conditioner"", ""Safe"", ""Kitchen"", ""Fire extinguisher"", ""Clothing storage"", ""Cooking basics"", ""Rice maker"", ""Game console: PS3 and PS4"", ""Children\u2019s books and toys"", ""Smoke alarm"", ""Iron"", ""Bed linens"", ""Coffee maker""]","98.0","3","20","3.0","3.0","1125.0","1125.0","3.0","1125.0","True","8","38","68","343","2","2","2","4.5","4.5","4.5","4.5","4.5","4.5","True","1","1","0","0","2.0","2"
"Private Room and Bathroom in hip part of Bushwick","Welcome to my Brooklyn room located between Bushwick and Bed-stuy! It is a 2 minute walk to the J/M line at Flushing Ave and the walks to Bushwick/Williamsburg are really nice as well! I will be gone away traveling during the winter so I am opening my room up while my roommate is there to help you out. This room is very unique because it has a whole wall-side open with windows along with a private bathroom inside the room. Please don't hesitate to ask questions!<br /><br /><b>Other things to note</b><br />The apartment unit is on the top floor of a third story walk up (it really isn't too bad) and is set in the quieter end of the neighborhood so you don't really hear most things at night. This apt is super convenient because it's right off the block from the way subway station--making it easier to go into the city or go grab something to eat! I can recommend great places around the area to explore to since i'll be a message away! The apartment will include basic amenities for guests an","","Jessica","BETHEL, Washington, United States","","1.0","1.0","True","0.0","0.0","True","True","Brooklyn","Private room","2","1.0","1.0","","[""Luggage dropoff allowed"", ""TV"", ""Hot water kettle"", ""Private patio or balcony"", ""Microwave"", ""Central heating"", ""Hangers"", ""Long term stays allowed"", ""Carbon monoxide alarm"", ""Cleaning products"", ""Wifi"", ""Central air conditioning"", ""Body soap"", ""Shampoo"", ""Dishes and silverware"", ""Host greets you"", ""Dedicated workspace: table, office chair, monitor, and desk"", ""Free street parking"", ""Essentials"", ""Hot water"", ""Bathtub"", ""Conditioner"", ""Kitchen"", ""Hair dryer"", ""Smoke alarm"", ""Iron"", ""Freezer"", ""Refrigerator"", ""Bed linens""]","55.0","1","365","1.0","1.0","365.0","365.0","1.0","365.0","True","0","5","5","5","2","2","2","5.0","5.0","5.0","5.0","5.0","5.0","True","1","0","1","0","2.0","2"
"Luxury Apartment with BEST VIEWS And Rooftop Deck","Bright, luxe, open air apt w/ plush 10' Chaise Couch & Ottoman. New hardwood & white tile floors. New 60"" 4K flatscreen TV w/ Netflix, Amazon, & YouTube on TV remote for immediate access. Central heat & a/c throughout the apt.<br />All new with state of the art appliances, and private laundry in the apt. Extremely clean as a ""no shoe"" policy apt. In the coolest part of NYC, with the best restaurants and bars- from high end, to boutique & craft , mixed w/ the local legends. Killer rooftop pano views!","","Lisa","Oceanside, New York, United States","Hi there! Im Lisa, a single mom working in the fashion industry with a very lucky kid who has an endless amount of culture right outside her doorstep. 
I love our East Village apt and I love hosting AirBnB guests. As a native New Yorker with a gem of an apartment, I love to showcase our luxury apt with breathtaking views in what is hands down the very best part of NYC. The East Village is a vibrant and free spirited neighborhood with the highest quality restaurants with beautiful and creative outdoor seating, newly refurbished parks, a beautiful waterfront with walk and bike paths, a plethora of cool bars and dance spots, live music, outdoor films, ice skating, and block parties. And the weather never impedes on our magical experiences. Rain or shine, it never slows us down. I have such pride in our neighborhood and want the world to see all that it has to offer. 
","","","True","0.0","0.0","True","True","Manhattan","Entire home/apt","4","1.0","1.0","2.0","[""Hangers"", ""Kitchen"", ""Iron"", ""TV"", ""Fire extinguisher"", ""Washer"", ""Outdoor dining area"", ""Hair dryer"", ""Wifi"", ""Host greets you"", ""Children\u2019s books and toys"", ""Shampoo"", ""Dryer"", ""Smoke alarm"", ""First aid kit"", ""Air conditioning"", ""Essentials"", ""Hot water""]","150.0","1","10","1.0","1.0","10.0","10.0","1.0","10.0","True","2","23","46","136","1","1","1","5.0","5.0","5.0","5.0","5.0","5.0","False","1","1","0","0","1.0","3"
"Pulaski House - Private Bed Stuy Studio","Private studio in a renovated 1899's townhouse in the vibrant neighborhood of Bed-Stuy!<br /><br /><b>The space</b><br />This recently renovated and fully furnished studio has its own private entrance and bathroom. The studio is its own separated unit on the ground floor of a beautiful brick townhouse from 1899.  <br /><br />*Note*: while the studio is a private space & is closed off to the larger unit, because it is attached you'll likely hear occasional noise from the other unit. While it's generally not an issue, I'd prefer to be as transparent as possible to avoid any disappointment. <br /><br />**Please respect the house rules**:  No guests, no smoking<br /><br />The space is cozy and perfect for an individual or couple visiting NYC for work or pleasure. I enjoy design and have styled the room with art and furniture that makes the space functional and relaxing. It evolves so guests may notice slight differences from the listing photos as I continue to improve the space :) <br /><b","There’s so much nightlife, coffee, and restaurants nearby that makes spending time in Bed Stuy and Bushwick a joy. Coffee at Brooklyn Whiskers, Pizza at Santa Panza, dancing at Bossa Nova and Mood Ring, Thai at Mao Mao, live music at Market Hotel….","Anthony","United States","I'm fortunate to have had many opportunities to see the world and meet some of the people in it. Thanks for opening up your home in your city! ","1.0","1.0","True","0.0","0.0","True","True","Brooklyn","Entire home/apt","2","1.0","","","[""Luggage dropoff allowed"", ""Security cameras on property"", ""Free parking on premises"", ""Clothing storage: dresser"", ""Fast wifi \u2013 202 Mbps"", ""Nespresso machine"", ""Central heating"", ""First aid kit"", ""Carbon monoxide alarm"", ""Cleaning products"", ""Central air conditioning"", ""Laundromat nearby"", ""Shampoo"", ""Private entrance"", ""Free street parking"", ""Essentials"", ""Hot water"", ""Conditioner"", ""Fire extinguisher"", ""Hair dryer"", ""Room-darkening shades"", ""Bathing Culture body soap"", ""Smoke alarm"", ""Keypad"", ""Dedicated workspace: office chair and desk"", ""Bed linens"", ""Coffee maker"", ""Paid parking garage off premises""]","161.0","4","21","4.0","4.0","21.0","21.0","4.0","21.0","True","4","19","21","21","4","4","3","5.0","5.0","5.0","5.0","4.75","4.75","False","1","1","0","0","3.75","6"
"ENJOY THE 420 ENVIRONMENT  WITH RELAXING PERKS","A place where you can relax, snack, and feel free in a space where your at home the 420 style. lots of stuff in the vending machine that you won't have to leave at all. 😃 New promotion - book 6 nights total within the month( does not need to be booked consecutively) and get one night free!!!😃","lots of grocery stores. a mall 10 minutes away called bay plaza mall and lots of restaurant's to eat at.","420spa","US","","1.0","0.91","True","2.0","2.0","True","True","Bronx","Entire home/apt","2","1.0","","1.0","[""Security cameras on property"", ""Portable fans"", ""Ethernet connection"", ""Room-darkening shades"", ""Fire extinguisher"", ""Smoke alarm"", ""Dishes and silverware"", ""Cleaning products"", ""Extra pillows and blankets"", ""Conditioner"", ""Babysitter recommendations"", ""Body soap"", ""Hot water"", ""Free parking on premises"", ""Laundromat nearby"", ""Clothing storage: closet"", ""Lockbox"", ""Freezer"", ""First aid kit"", ""Kitchen"", ""Bed linens"", ""Microwave"", ""Mini fridge"", ""HDTV with Amazon Prime Video, Apple TV, Netflix"", ""Portable heater"", ""Radiant heating"", ""Cleaning before checkout"", ""Carbon monoxide alarm"", ""Free street parking"", ""Dedicated workspace: table"", ""Private entrance"", ""Shampoo"", ""Wine glasses"", ""Game console: PS3"", ""Wifi"", ""Essentials""]","100.0","2","7","2.0","2.0","7.0","7.0","2.0","7.0","True","20","20","20","20","4","4","4","4.5","5.0","4.75","4.75","4.25","4.25","False","2","2","0","0","4.0","2"
"Lovely private studio at prime location.","Keep it simple at this peaceful and centrally-located place. <br />It’s super close to Lincoln Center, Central Park and Steps away from Hudson River. <br /><br />I often perform our of town and I prepared my studio with all care for you. <br /><br />This is a fully furnished private studio, with gym, laundry, outdoor space within the building and free street parking.<br /><br />I made to offer all the essentials, such as: coffee maker, Wi-Fi, TV, AC, full kitchen and bathroom utensils. <br />It can comfortably fit two people. <br /><br />Enjoy!","","Fernando","New York, New York, United States","Hi there,

I’m a musician based in New York, passionate about art, culture and surely music. 

When I’m out of town, I make my studio available for you all. So, you’ll have it all for youuu.

Ask me and I’ll recommend some cool things in New York to check out. 

:)
","","","True","0.0","0.0","True","True","Manhattan","Entire home/apt","2","1.0","1.0","1.0","[""Extra pillows and blankets"", ""Keurig coffee machine"", ""Shared gym in building"", ""Microwave"", ""Central heating"", ""First aid kit"", ""Single level home"", ""Hangers"", ""Ethernet connection"", ""Long term stays allowed"", ""Mini fridge"", ""Cleaning products"", ""Wifi"", ""Paid washer \u2013 In building"", ""Laundromat nearby"", ""Body soap"", ""Shampoo"", ""Dishes and silverware"", ""Air conditioning"", ""Free street parking"", ""Essentials"", ""Hot water"", ""Bathtub"", ""Conditioner"", ""Kitchen"", ""Cooking basics"", ""Hair dryer"", ""Room-darkening shades"", ""Stove"", ""Smoke alarm"", ""Iron"", ""Elevator"", ""Paid dryer \u2013 In building"", ""Trash compactor"", ""Coffee maker"", ""Outdoor dining area"", ""Dedicated workspace: desk and office chair""]","180.0","2","28","2.0","2.0","1125.0","1125.0","2.0","1125.0","True","8","28","41","280","1","1","1","5.0","5.0","5.0","5.0","5.0","5.0","True","1","1","0","0","1.0","2"
"Backyard Studio Apartment in Brooklyn","Make some memories at this unique and family-friendly place. This is a studio apartment located in a peaceful and secluded backyard<br /><br /><b>The space</b><br />This is a cozy and creative studio apartment in my backyard where friendly travelers are hosted from all over the world","","Anna","US","","0.98","1.0","True","0.0","0.0","True","True","Brooklyn","Entire home/apt","2","1.0","1.0","2.0","[""Cooking basics"", ""Smoke alarm"", ""Shower gel"", ""HDTV with Roku, Netflix"", ""Cleaning products"", ""Dishes and silverware"", ""Window AC unit"", ""Hot water"", ""Coffee maker"", ""Laundromat nearby"", ""Keurig coffee machine"", ""Clothing storage: closet"", ""Gas stove"", ""Refrigerator"", ""Hangers"", ""Hair dryer"", ""Kitchen"", ""Microwave"", ""Bed linens"", ""Long term stays allowed"", ""Free street parking"", ""Iron"", ""Central heating"", ""Wifi"", ""Essentials""]","67.0","1","365","1.0","1.0","365.0","365.0","1.0","365.0","True","1","9","15","239","7","7","6","5.0","4.86","4.71","4.86","4.71","5.0","True","1","1","0","0","7.0","1"
"Spacious 2 Bedroom Apartment in Glendale, Queens","Please read all house rules before booking<br /><br />This home offers spacious and comfortable living with lots of natural light. There's also a formal dining area and a well-stocked kitchen for most cooking needs.<br /><br />2 bedroom apartment in a 2 family house - sleeps 6<br />2 Queen beds<br />1 sofa bed and 1 futon in the living area<br /><br />We're located in one of the safest residential neighborhoods in Queens, NY (Glendale)<br /><br />1 short block from the bus stop connects you to the train station for Manhattan<br /><br /><b>The space</b><br />The living room offers a 65 inch TV equipped with Google Chromecast. The laundry area is the only shared space in the building located in the basement.","Situated in Glendale, Queens, it's one of the safest neighborhoods in Queens, NY. We are close enough to everything you love about NYC without the hustle and bustle intensity of the inner city. Just a 25 min drive to manhattan (without traffic).<br /><br />There is a nice little park down the block for kids to play (Pinocchio Playground)<br /><br />(5 min walk) Finback Brewery - Our local brewery and a local favorite. Whether you're a sipper or a gulper, they got a brew for you (4.7 stars on google). They have a big open seating area for beer tasting<br /><br />(9 min walk) Zum Stammtisch - Authentic German beer hall restaurant with a Bavarian vibe & frosty lagers delivered by waitresses in Alpine costume. (4.7 stars, 1458 reviews on google)<br /><br />(10 min walk) The Shops at Atlas Park - an open-air shopping center featuring<br />-Cooper Beer Garden<br />-Regal Cinema Movie Theatre<br />-Starbucks<br />-Auntie Ann’s<br />-California Pizza Kitchen<br />-Chili's<br />-Hokkaido Baked ","Bruce","Brooklyn, New York, United States","","1.0","0.96","True","2.0","2.0","True","True","Queens","Entire home/apt","6","1.0","2.0","4.0","[""Security cameras on property"", ""Keurig coffee machine"", ""Hot water kettle"", ""Wine glasses"", ""Toaster"", ""Microwave"", ""Central heating"", ""First aid kit"", ""Single level home"", ""Hangers"", ""Stainless steel refrigerator"", ""Long term stays allowed"", ""Carbon monoxide alarm"", ""High chair"", ""Cleaning products"", ""Wifi"", ""Shampoo"", ""Dishes and silverware"", ""Air conditioning"", ""Free street parking"", ""Essentials"", ""Hot water"", ""Bathtub"", ""Conditioner"", ""Kitchen"", ""Free washer \u2013 In building"", ""Fire extinguisher"", ""Cooking basics"", ""Dedicated workspace"", ""Hair dryer"", ""Rice maker"", ""Crib"", ""Gas stove"", ""Smoke alarm"", ""Keypad"", ""Dishwasher"", ""Dining table"", ""Iron"", ""Oven"", ""Changing table"", ""Bed linens"", ""Shower gel"", ""HDTV with Chromecast"", ""Free dryer \u2013 In building"", ""Cleaning before checkout"", ""Coffee maker"", ""Clothing storage: closet and dresser""]","201.0","3","30","3.0","3.0","30.0","30.0","3.0","30.0","True","8","38","68","158","2","2","2","5.0","5.0","5.0","5.0","5.0","4.5","False","4","4","0","0","2.0","7"
"1BR apartment near the Ocean","Welcome to our cozy home! While you stay with us, you're welcome to use our entire home. We have a cute apartment with 1 bedroom and 1 bathroom.<br /><br /><b>The space</b><br />•Maximum Guests: 4<br />•Check In: 3 PM<br />•Check Out: 11 AM<br /><br />KITCHEN AND COOKING:<br />- Fully equipped kitchen (stove, oven, microwave, french press<br />- Condiments, salt, pepper<br />- Utensils<br /><br />COMFORT:<br />- 1 queen size bed<br />- Sofa bed<br />- Pillows, blankets, bed linen are included<br />- Soft fluffy towels for each<br />- Toilet amenities","","Egor","Krasnoyarsk, Krasnoyarsk Krai, Russia","","1.0","0.7","True","0.0","0.0","True","True","Brooklyn","Entire home/apt","4","1.0","1.0","1.0","[""Air conditioning"", ""Hair dryer"", ""Cooking basics"", ""Carbon monoxide alarm"", ""TV"", ""Elevator"", ""Wifi"", ""Iron"", ""Heating"", ""Kitchen"", ""Dryer"", ""Washer"", ""Smoke alarm"", ""Essentials"", ""Long term stays allowed""]","175.0","5","1125","5.0","5.0","1125.0","1125.0","5.0","1125.0","True","17","47","77","167","4","4","3","4.0","4.0","4.0","4.5","4.75","4.0","False","2","2","0","0","3.75","7"
"Quiet, Quaint, and Convenient","Relax with the whole family at this peaceful place to stay.","","Yvonne","Queens, New York, United States","","","","True","0.0","0.0","True","True","Queens","Entire home/apt","5","1.0","1.0","3.0","[""Cooking basics"", ""Security cameras on property"", ""Outdoor furniture"", ""Fire extinguisher"", ""Hot water kettle"", ""Smoke alarm"", ""Dishes and silverware"", ""Cleaning products"", ""Extra pillows and blankets"", ""Dedicated workspace"", ""Conditioner"", ""Private fenced garden or backyard"", ""Body soap"", ""Hot water"", ""Free parking on premises"", ""Laundromat nearby"", ""TV"", ""Refrigerator"", ""Outdoor dining area"", ""Lockbox"", ""Toaster"", ""Clothing storage: dresser and closet"", ""Hangers"", ""Hair dryer"", ""Kitchen"", ""Bed linens"", ""Microwave"", ""Long term stays allowed"", ""Air conditioning"", ""Portable heater"", ""BBQ grill"", ""Carbon monoxide alarm"", ""Free street parking"", ""Oven"", ""Stove"", ""Shampoo"", ""Wine glasses"", ""Iron"", ""Central heating"", ""Wifi"", ""Essentials""]","160.0","2","1125","2.0","2.0","1125.0","1125.0","2.0","1125.0","True","17","47","77","352","3","3","3","5.0","4.67","5.0","5.0","5.0","5.0","False","2","2","0","0","3.0","3"
"Entire 3 bedroom Duplex in Richmondhill, Queens!","Spacious 3 Bedroom, 3 Bathroom duplex, that provides an Illuminating Atmosphere Throughout.. Rooms come Equipped with Skylights, Balconies, Internet, and Play Station 5 for your Gaming Pleasure! <br /><br />We aim to provide you with a home away from home feeling, and WON’T ACCEPT anything less!<br /><br /><b>The space</b><br />1. Once entering the duplex you're greeted by a state of the art kitchen.<br />2. Too the right is the spacious living / dining area, with elegant raised ceilings,  <br />     which  compliment one of three balconies in this Awesome apartment.<br />3. Each room offers it's own motif'. <br />     * Business Room<br />     *Couples Getaway<br />     * Nature Lovers<br /><br /><b>Guest access</b><br />Parking can be difficult certain times of the day. <br />Minutes from JFK and Laguardia airports<br />M.T.A. buses and trains blocks away<br />Restaurant on the corner<br />24 hour store / gas station / Lounge  all one block away","Quiet close nit community. Easily accessible to various Queens attractions","Romeo","New York, New York, United States","Come stay at one of D&R’s house/apartments and enjoy the convenience of being able to call our place a home away from home! Be ready to enjoy all the benefits a house/apartment may provide or even enjoy a duplex with multiple balconies. Every guest that books more than 4 days will be offered a special rate and gift please inquire before booking. ","1.0","0.66","True","4.0","4.0","True","True","Queens","Entire home/apt","4","3.0","3.0","","[""Clothing storage: closet and dresser"", ""Fire extinguisher"", ""Smoke alarm"", ""Shower gel"", ""Dishes and silverware"", ""Cleaning products"", ""Dedicated workspace"", ""Body soap"", ""Hot water"", ""TV"", ""Hangers"", ""First aid kit"", ""Kitchen"", ""Bed linens"", ""Long term stays allowed"", ""Air conditioning"", ""Radiant heating"", ""Carbon monoxide alarm"", ""Bathtub"", ""Shampoo"", ""Iron"", ""Wifi"", ""Essentials""]","286.0","1","365","1.0","1.0","365.0","365.0","1.0","365.0","True","18","47","77","352","1","1","1","5.0","5.0","5.0","5.0","5.0","5.0","False","5","2","3","0","1.0","5"
"Elegant Midtown-Classic Apartment in Manhattan","A FANTASTIC LOCATION!<br />A completely renovated elegant midtown apartment. Stylish furniture, fully equipped, central location. <br />Near the most important shopping venues in Madison and Fifth ave, Saint Patrick's landmark and Grand Central. <br />The area is upscale, elegant and exclusive. You can enjoy top chef restaurants and refined bars and lounges.<br /><br /><b>The space</b><br />LIVING ROOM: two seats Italian designer couch,  one Lux harm chairs, Gigantic Comfy Puff, cable TV, AC, Heat, Wi-Fi, rounded dining table, 2 big coffee tables.<br /><br />KITCHEN: fully equipped with gas fire, washer & dryer, wine glasses, coffee cups, silverware, American coffee machine, espresso coffee machine, french press, microwave, plates, baking tools, all kind of cooking equipment and everything needed, AC.<br /><br />MASTER BEDROOM: queen size bed, cable TV with speakers, 2 big windows with lot of lights, AC. <br /><br />BATHROOM: WC and big shower. Our welcome package includes shampoo, sho","Midtown East is home to classic buildings, upscale dining and exclusive hotels. It can claim two of the city's most iconic structures in the CHRYSLER Building and the GRAND CENTRAL TERMINAL, which is still a transport hub for both trains coming into and out of the city and several subway lines. The UNITED NATIONS Headquarters takes up a large chunk of the neighborhood's southeast corner so many countries have consulates here.<br /><br />Overall, this is a peaceful and safe neighborhood. It's got all the conveniences you'll need like grocery stores and pharmacies, and some excellent restaurants and bars, but it's not as vibrant as many other neighborhoods in the city – and that's perfectly okay with many of its older, established residents. It all adds up to being ranked as one of the most livable neighborhoods in New York.<br /><br />When the UN is in session the streets can become snarled with traffic from diplomatic missions, so be forewarned. But the flipside is that if you are work","Anna","New York, New York, United States","Born in Russia, lived 10 years in New York City. Globe Trotter, I love to travel and I work in hotel business.","1.0","1.0","True","0.0","0.0","True","True","Manhattan","Entire home/apt","8","1.0","4.0","4.0","[""natural brand shampoo"", ""Extra pillows and blankets"", ""Indoor fireplace"", ""Free parking on premises"", ""Radiant heating"", ""Microwave"", ""samsung gas stove"", ""Central heating"", ""First aid kit"", ""Hangers"", ""Lockbox"", ""Long term stays allowed"", ""Carbon monoxide alarm"", ""Washer"", ""Wifi"", ""Dishes and silverware"", ""Private entrance"", ""Air conditioning"", ""Essentials"", ""Hot water"", ""Kitchen"", ""Cable TV"", ""Fire extinguisher"", ""Cooking basics"", ""Hair dryer"", ""Room-darkening shades"", ""samsung oven"", ""TV with standard cable"", ""Smoke alarm"", ""samsung refrigerator"", ""Dishwasher"", ""Iron"", ""Bed linens"", ""Free dryer \u2013 In unit"", ""Coffee maker"", ""Dedicated workspace: desk, office chair, and table""]","526.0","30","90","30.0","30.0","90.0","90.0","30.0","90.0","True","10","40","70","345","1","1","1","5.0","5.0","5.0","5.0","5.0","5.0","True","1","1","0","0","1.0","2"
"Lovely studio rental unit in Midtown New York City","Beautiful studio apartment located in Midtown West. Steps from Times Square, Broadway, Hudson Yards and tons of bars and restaurants. One block to Hudson River Park and around the corner from Target. Quiet building and the perfect retreat after a busy NYC day. Spacious and clean unit with modern finishes and equally gorgeous views. <br /><br />Free WiFi, AppleTV (Netflix, Amazon, Hulu, etc.), Sonos speaker with Bluetooth connectivity, fully equipped kitchen including a dishwasher and Nespresso machine.","Hell’s Kitchen is a place to do it up. There’s cuisine from around the globe: Argentinean empanadas, Japanese ramen, Druze bourekas, Thai street food. There’s all kinds of nightlife: jazz haunts, LGBTQ+ clubs, dive bars, rooftop lounges. Theater and dance thrive a stone’s throw from Broadway. The High Line’s northern entrance is at the rail yards on this neighborhood’s southern tip. And by the glorious Hudson River Park, there’s the Intrepid Sea, Air & Space Museum and the Circle Line Sightseeing Cruises departure point, so you can tour a ship or set sail on one.","Taha","New York, New York, United States","hedge fund analyst and music enthusiast. avid traveler with a passion for food, people and adventure. ","1.0","1.0","True","0.0","0.0","True","True","Manhattan","Entire home/apt","2","1.0","","","[""Extra pillows and blankets"", ""TV"", ""Sonos Bluetooth sound system"", ""Hot water kettle"", ""Wine glasses"", ""Nespresso machine"", ""Microwave"", ""Central heating"", ""First aid kit"", ""Hangers"", ""Ethernet connection"", ""Long term stays allowed"", ""Stainless steel stove"", ""Wifi"", ""Paid washer \u2013 In building"", ""Body soap"", ""Dishes and silverware"", ""Air conditioning"", ""Stainless steel oven"", ""Essentials"", ""Hot water"", ""Bathtub"", ""Safe"", ""Kitchen"", ""Cooking basics"", ""Hair dryer"", ""Room-darkening shades"", ""Smoke alarm"", ""Dishwasher"", ""Dining table"", ""Iron"", ""Elevator"", ""Refrigerator"", ""Bed linens"", ""Paid dryer \u2013 In building"", ""Shower gel"", ""Clothing storage: closet"", ""Coffee maker"", ""Paid parking garage off premises""]","206.0","5","365","5.0","5.0","1125.0","1125.0","5.0","1125.0","True","9","39","69","297","1","1","1","5.0","5.0","5.0","5.0","5.0","5.0","False","1","1","0","0","1.0","6"
"Lovely studio w/ free parking on premises","Clean and comfortable quiet area.  My space available to couples and business travelers.<br /><br /><b>The space</b><br />Kick back and relax in this calm, stylish space. You will have the studio to yourself<br /><br /><b>Guest access</b><br />When you arrive I will drop keys off to you and advise of parking space.  During your stay I will be near by, you can call/text if need be.<br /><br /><b>Other things to note</b><br />Lost Key fee - $100","Near Jamaica train station, bus station, and 10 min from airport.","Lynn","US","","1.0","1.0","True","0.0","0.0","True","True","Queens","Entire home/apt","2","1.0","1.0","","[""Extra pillows and blankets"", ""TV"", ""Security cameras on property"", ""Free parking on premises"", ""Microwave"", ""First aid kit"", ""Hangers"", ""Carbon monoxide alarm"", ""Washer"", ""Cleaning products"", ""Wifi"", ""Heating"", ""Shampoo"", ""Air conditioning"", ""Dove body soap"", ""Essentials"", ""Bathtub"", ""Conditioner"", ""Safe"", ""Kitchen"", ""Fire extinguisher"", ""Dedicated workspace"", ""Hair dryer"", ""Room-darkening shades"", ""Stove"", ""Bluetooth sound system"", ""Smoke alarm"", ""Dishwasher"", ""Iron"", ""Elevator"", ""Refrigerator"", ""Bed linens"", ""Free dryer \u2013 In unit""]","160.0","3","14","3.0","3.0","1125.0","1125.0","3.0","1125.0","True","21","51","81","356","2","2","2","5.0","5.0","5.0","5.0","5.0","5.0","True","1","1","0","0","2.0","2"
"S & M Cozy Abode (Not Shared)","~~First floor walk up apartment~~<br /><br />Borderline East New York & Howard Beach. 1 Queen bedroom, 1 bathroom unit fully furnished with brand new amenities including tea/ coffee maker, iron/ iron board, microwave, stove, refrigerator, can opener, toaster oven, blender, and WIFI enabled. 7-10 mins-JFK airport, 15-20 mins-LGA airport. MTA bus walking distance, City Train 5 mins away. Belt parkway and other highways near to property. Supermarket, food mall, laundry and cleaners mins away.<br /><br /><b>The space</b><br />~~Do note that ENTIRE APARTMENT will be for guests and NOT SHARED with anyone~~<br />This unit is basically like your HOME away from HOME- Cozy & Warm<br />Monthly stays are allowed!!!<br /><br /><b>Guest access</b><br />~~Free street parking available<br />~~Uber or public transportation available<br /><br /><b>Other things to note</b><br />Smoke and CO detectors sensitive; be mindful of any excess smoke during stay in order to prevent triggering alarm. <br />Host re","Between Brooklyn and Queens lies this gem in the beautiful New York City<br />- the city of diversity and dynamism also known as one of the most vibrant places in the world. ;-)<br />Nearby is “Gateway Shopping Mall” which has just about everything you may need during your stay. There’s a gym a few mins away. One of the most popular diners in Brooklyn “Lindenwood” where you can eat your heart out, is right around the corner. There’s a food strip with many restaurants on cross bay boulevard in “Howard Beach, Queens”, 4 mins away from your stay!","Nicole","Brooklyn, New York, United States","","1.0","0.83","True","0.0","0.0","True","True","Brooklyn","Entire home/apt","4","1.0","1.0","1.0","[""Cooking basics"", ""Security cameras on property"", ""Room-darkening shades"", ""Hot water kettle"", ""Smoke alarm"", ""Dishes and silverware"", ""Cleaning products"", ""Extra pillows and blankets"", ""Dedicated workspace"", ""Pour-over coffee"", ""Hot water"", ""Free parking on premises"", ""Coffee maker"", ""Laundromat nearby"", ""TV"", ""Gas stove"", ""Refrigerator"", ""Lockbox"", ""Toaster"", ""Clothing storage: dresser and closet"", ""Freezer"", ""Hangers"", ""First aid kit"", ""Hair dryer"", ""Kitchen"", ""Bed linens"", ""Microwave"", ""Long term stays allowed"", ""Air conditioning"", ""Carbon monoxide alarm"", ""Free street parking"", ""Bathtub"", ""Oven"", ""Private entrance"", ""Dove body soap"", ""Iron"", ""Central heating"", ""Wifi"", ""Essentials""]","132.0","2","365","2.0","2.0","1125.0","1125.0","2.0","1125.0","True","30","60","90","90","2","2","2","5.0","5.0","5.0","5.0","5.0","5.0","True","1","1","0","0","2.0","2"
"Chic, Gorgeous Brand New One Bedroom Apartment","Located near downtown Williamsburg, Brooklyn, explore all that New York has to offer. Enjoy easy access to Manhattan with the L train conveniently located a couple of blocks away.","Williamsburg is a hip neighborhood in Brooklyn that draws the young and the fashionable to its chic boutiques, trendy cafes and buzzy restaurants. Street art brightens residential thoroughfares and repurposed factories, while the waterfront provides stunning views of Manhattan and seasonal venues for outdoor concerts and food markets. Dance clubs, happening bars and music halls liven up the nightlife scene.","Mark","Brooklyn, New York, United States","","1.0","1.0","True","0.0","0.0","True","True","Brooklyn","Entire home/apt","2","1.0","1.0","1.0","[""Baking sheet"", ""BBQ grill"", ""TV"", ""Hot water kettle"", ""Shared gym in building"", ""Wine glasses"", ""Barbecue utensils"", ""Toaster"", ""Central heating"", ""Hangers"", ""Lockbox"", ""Long term stays allowed"", ""Portable fans"", ""Carbon monoxide alarm"", ""Cleaning products"", ""Wifi"", ""Laundromat nearby"", ""Body soap"", ""Shampoo"", ""Dishes and silverware"", ""Game console: PS4"", ""Air conditioning"", ""Stainless steel oven"", ""Essentials"", ""Hot water"", ""Bathtub"", ""Free street parking"", ""Conditioner"", ""Kitchen"", ""Cooking basics"", ""Dedicated workspace"", ""Hair dryer"", ""Room-darkening shades"", ""Rice maker"", ""Stove"", ""Outdoor furniture"", ""Smoke alarm"", ""Dishwasher"", ""Iron"", ""Freezer"", ""Elevator"", ""Refrigerator"", ""Shared patio or balcony"", ""Bed linens"", ""Shower gel""]","212.0","2","28","2.0","2.0","28.0","28.0","2.0","28.0","True","2","28","45","135","2","2","2","5.0","5.0","5.0","5.0","5.0","4.5","True","1","1","0","0","2.0","8"
"Pet Friendly Modern Studio with Balcony","Welcome to Mott Haven! Mott Haven is one of the hottest neighborhoods in The South Bronx. This studio apartment is in a new building. <br />It features the following amenities:<br />- Elevator<br />- Balcony<br />- Laundry Room (public amenity)<br />- Roof Top (public amenity)<br />- Nespresso Coffee Machine<br /><br />This modern studio is a quick 15 min walk to Manhattan, a quick 7 min walk to the 6 train and close to tons of some the best restaurants and bars in the South Bronx.<br /><br /><b>The space</b><br />This apartment is a modern building with an elevator, roof deck, balcony and laundry room. It is located close to restaurants, bars, public transportation and mins away from Yankee Stadium.<br /><br /><b>Guest access</b><br />Guest have access to the studio apartment, a balcony off of the apartment and shared building amenities including a laundry room and roof top.","The South Bronx has been termed a ""walker's paradise,"" enabling residents to saunter in virtually any direction to locate a new favorite eatery or fine dining spot among the 182 restaurants, bars and coffee shops that pepper the district. Trendy shops and restaurants line Mott Haven's Bruckner Blvd., the Bronx Zoo is situated nearby and the vaunted home of the legendary, pinstriped Bronx Bombers, Yankee Stadium, stands a subway stop away.","Donna","US","","1.0","1.0","True","0.0","0.0","True","True","Bronx","Entire home/apt","4","1.0","","2.0","[""Extra pillows and blankets"", ""Baking sheet"", ""Luggage dropoff allowed"", ""Stainless steel electric stove"", ""Security cameras on property"", ""65\"" HDTV with Amazon Prime Video, Apple TV, HBO Max, Netflix, premium cable"", ""Private patio or balcony"", ""Wine glasses"", ""Nespresso machine"", ""Microwave"", ""Central heating"", ""Hangers"", ""Ethernet connection"", ""Long term stays allowed"", ""Carbon monoxide alarm"", ""Paid parking garage off premises"", ""Cleaning products"", ""Wifi"", ""Paid washer \u2013 In building"", ""Central air conditioning"", ""Laundromat nearby"", ""Body soap"", ""Shampoo"", ""Dishes and silverware"", ""Private entrance"", ""Free street parking"", ""Essentials"", ""Hot water"", ""Bathtub"", ""LG refrigerator"", ""Conditioner"", ""Kitchen"", ""Cooking basics"", ""Dedicated workspace"", ""Hair dryer"", ""Room-darkening shades"", ""Outdoor furniture"", ""Smoke alarm"", ""Keypad"", ""LG stainless steel oven"", ""Iron"", ""Freezer"", ""Elevator"", ""Bed linens"", ""Paid dryer \u2013 In building"", ""Shower gel"", ""Coffee maker"", ""Outdoor dining area"", ""Clothing storage: closet and dresser""]","110.0","2","1125","2.0","2.0","1125.0","1125.0","2.0","1125.0","True","4","33","63","133","3","3","3","4.67","4.33","5.0","5.0","4.33","5.0","True","1","1","0","0","3.0","2"
"Bright 2-Bed Brooklyn Loft - Cool, Cute & Comfy!","This super bright loft apartment is your perfect home in Brooklyn for exploring all the best of what NYC has to offer.<br /><br />Two HUGE bedrooms, amazing natural light, a fully stocked kitchen, plenty of room to chill out, plus a disco ball that catches the sunset.<br /><br />* there is some flexibility with dates - feel free to message and we can make your trip work!","2 blocks from the G train - 20 mins to Union Square. Close to Pratt, Fort Greene Park, the Barclays centre & the very best Brooklyn strolls.","Katie","Brooklyn, New York, United States","Hi there! I am an Australian living in New York, and I love to travel myself.

I'm always looking to swap cafe, pub or hike recommendations! ","1.0","0.8","True","0.0","0.0","True","True","Brooklyn","Entire home/apt","5","1.0","2.0","3.0","[""Lockbox"", ""Kitchen"", ""Long term stays allowed"", ""TV"", ""Washer"", ""Dedicated workspace"", ""Wifi"", ""Smoke alarm"", ""Air conditioning""]","300.0","2","365","2.0","2.0","365.0","365.0","2.0","365.0","True","4","10","10","29","1","1","1","5.0","5.0","5.0","5.0","5.0","5.0","False","1","1","0","0","1.0","5"
"Lovely Waterside Private Room in Manhattan","This special place is close to everything, making it easy to plan your visit. <br />This is a  peaceful bay waterside apartment. A two-minute walk to take a boat to Liberty Island. Walk for five minutes to Wall Street. subway and restaurants are all convenient.","What's nearby <br /><br />Walk out of the door of my apartment, and you can see the New York harbor and the Statue of Liberty.  <br /><br />2 mins walk to by a boat to Liberty Statue Island.  <br /><br />In front my building, you can easily Enjoy the sunset.  fishing.  Picnic on the grass.  <br /><br />Walk in five minutes to the 911 Museum and the World Trade Center.  Trinity Church.  Wall Street.  Indian Museum.<br /><br />Drink<br /><br />- 5 minute walk to Antica Ristorante (tableside preparations of classic Italian dishes) - 8 minute walk to The Dead Rabbit (Redbreast 12, neat, at this iconic Irish bar) - 10 minute subway to everywhere.","Kate","New York, New York, United States","Artist","1.0","0.68","True","0.0","0.0","True","True","Manhattan","Private room","1","1.0","1.0","1.0","[""Cooking basics"", ""Shared gym in building"", ""no shampoo"", ""Paid dryer \u2013 In building"", ""Ethernet connection"", ""Lock on bedroom door"", ""Hot water kettle"", ""Smoke alarm"", ""Shower gel"", ""Dishwasher"", ""Dishes and silverware"", ""Cleaning products"", ""Extra pillows and blankets"", ""Luggage dropoff allowed"", ""no body soap"", ""Hot water"", ""Coffee maker"", ""no stainless steel oven"", ""Rice maker"", ""Elevator"", ""no conditioner"", ""Freezer"", ""Hangers"", ""Kitchen"", ""Bed linens"", ""Long term stays allowed"", ""Air conditioning"", ""Safe"", ""Lake access"", ""Clothing storage: wardrobe"", ""Carbon monoxide alarm"", ""Bathtub"", ""Dedicated workspace: table"", ""Paid parking on premises"", ""Paid parking off premises"", ""Wifi"", ""Stove"", ""Wine glasses"", ""Private entrance"", ""Central heating"", ""Washer"", ""Essentials"", ""no refrigerator""]","110.0","2","1125","2.0","2.0","1125.0","1125.0","2.0","1125.0","True","4","34","64","64","3","3","3","5.0","5.0","5.0","5.0","5.0","5.0","False","1","0","1","0","3.0","6"
"New Single or Couple Sthylish Room, Near Manhattan","Keep it simple at this peaceful and centrally-located place.","","Vinicius","New York, New York, United States","Hello!  
My name is Vinicius. Friends often call me Vinny and I know that soon, that's how you'll call me!
  
I'm Brazilian, born in a small city in Minas Gerais and believe me, that already gives you an excellent reference about me: Brazilian is receptive by nature! If you are looking for a cozy place, you just found it!

 I believe that life should be lived at the fullest with the opportunities, knowledge and funny! And so, here I am! 
I have an MBA in Project Management and I graduated in Logistics , and now I'm looking to learn English language.

 If you choose to spend a few days here with me, you will be very well located: close to many bars and restaurants and the subway is four minutes walking from my house And in 15 minutes you reach Manhattan.

They say that I am communicative, pleasant and extremely helpful Well ... that's what they say! Lol ... But I make myself available for the challenge! Choosing NY as your destination, in my house  you will find  a cozy place to rest after the marathon of tours and schedules that this city offers.  After an entire day of your feet being squeezed in your shoes, finding a fluffy towel and a good shower, accompanied by an organized house and a scented bed will make you experience unforgettable  and will definitely help to restore your energy back for the next day!  And if you're not too tired, we can talk, exchange information and interesting suggestions about the city or any random conversation!
 
Come,  feel  home! I'm waiting for you!

Vinny","0.95","0.99","True","4.0","4.0","True","True","Queens","Private room","2","1.0","1.0","1.0","[""Extra pillows and blankets"", ""Luggage dropoff allowed"", ""Microwave"", ""Hangers"", ""Breakfast"", ""Long term stays allowed"", ""Wifi"", ""Paid parking on premises"", ""Heating"", ""Dishes and silverware"", ""Shampoo"", ""Dryer"", ""Host greets you"", ""Free street parking"", ""Essentials"", ""Hot water"", ""Cooking basics"", ""Hair dryer"", ""Stove"", ""Iron"", ""Oven"", ""Refrigerator"", ""Bed linens"", ""Cleaning before checkout"", ""Coffee maker""]","75.0","2","90","2.0","2.0","1125.0","1125.0","2.0","1125.0","True","14","44","74","164","2","2","2","5.0","4.5","5.0","4.5","5.0","5.0","True","4","0","4","0","2.0","7"
"Private Studio in Bushwick close to L train","Interested in a comfortable studio apartment in the middle of Bushwick. This apartment is perfectly located by the L-train near Wilson providing anyone with just about easy access to the city, That is only a 25 min train ride to manhattan the most tourist city in the world.","","Zuleyka","Brooklyn, New York, United States","Zuleyka Carrión. Dominicana me spaciousness los negocios, el trato con las personas, la cultura de cada país, empresarial,cada día con nuevas metas. Me gusta ayudar a los demás ","0.94","1.0","True","12.0","12.0","True","True","Brooklyn","Private room","4","1.0","1.0","","[""TV"", ""Indoor fireplace"", ""Lock on bedroom door"", ""Wine glasses"", ""Microwave"", ""First aid kit"", ""Hangers"", ""Long term stays allowed"", ""Carbon monoxide alarm"", ""Mini fridge"", ""Wifi"", ""Laundromat nearby"", ""Heating"", ""Shampoo"", ""Dishes and silverware"", ""Air conditioning"", ""Free street parking"", ""Essentials"", ""Kitchen"", ""Fire extinguisher"", ""Cooking basics"", ""Dedicated workspace"", ""Hair dryer"", ""Room-darkening shades"", ""Smoke alarm"", ""Keypad"", ""Dining table"", ""Freezer"", ""Electric stove"", ""Bed linens"", ""Coffee maker""]","149.0","1","30","1.0","1.0","1125.0","1125.0","1.0","1125.0","True","7","7","24","299","3","3","3","5.0","4.67","5.0","5.0","4.67","4.67","True","9","3","6","0","3.0","5"
"2 room studio in Bushwick","Interested in a comfortable studio apartment that fits 6 people in the middle of Bushwick. This apartment is perfectly located by the L-train near Wilson providing anyone with just about easy access to the city, That is only a 25 min train ride to manhattan the most tourist city in the world.","","Zuleyka","Brooklyn, New York, United States","Zuleyka Carrión. Dominicana me spaciousness los negocios, el trato con las personas, la cultura de cada país, empresarial,cada día con nuevas metas. Me gusta ayudar a los demás ","0.94","1.0","True","12.0","12.0","True","True","Brooklyn","Entire home/apt","4","1.0","2.0","2.0","[""Hangers"", ""Keypad"", ""Kitchen"", ""Long term stays allowed"", ""Carbon monoxide alarm"", ""TV"", ""Fire extinguisher"", ""Indoor fireplace"", ""Dedicated workspace"", ""Hair dryer"", ""Cooking basics"", ""Free parking on premises"", ""Wifi"", ""Private entrance"", ""Heating"", ""Shampoo"", ""Smoke alarm"", ""First aid kit"", ""Air conditioning"", ""Essentials""]","249.0","1","30","1.0","1.0","1125.0","1125.0","1.0","1125.0","True","3","3","3","66","2","2","2","3.0","5.0","3.0","3.5","4.5","3.0","True","9","3","6","0","2.0","5"
"beautiful private full size bed / shared bath","Beautiful, clean private room/shared bath / Humidifier, and ""42"" inch T.V, AC.  open kitchen and living room and LED lights. With brand new appliances including a microwave, Keurig coffee maker, tea pot, toaster, new pans,  new dish ware, and eating utensils. Close to all transportations; including Q84 to Jamaica center and 10 minutes to JFK and 25 minutes to LaGuardia airport. And also no smoking and vaping, no loud music! Street parking available. We also have sprinkler in the house. Welcome","","Marie","US","","1.0","0.93","True","0.0","0.0","True","True","Queens","Private room","2","1.0","1.0","","[""Cooking basics"", ""Security cameras on property"", ""Outdoor furniture"", ""Room-darkening shades"", ""Lock on bedroom door"", ""Fire extinguisher"", ""Hot water kettle"", ""Smoke alarm"", ""Dishwasher"", ""Dishes and silverware"", ""Cleaning products"", ""Extra pillows and blankets"", ""42\"" TV"", ""Dedicated workspace"", ""Private fenced garden or backyard"", ""Hot water"", ""Coffee maker"", ""Laundromat nearby"", ""Keurig coffee machine"", ""Gas stove"", ""Frigidaire  refrigerator"", ""Outdoor dining area"", ""Toaster"", ""Clothing storage: dresser and closet"", ""Freezer"", ""Hangers"", ""Hair dryer"", ""Kitchen"", ""Bed linens"", ""Microwave"", ""Dining table"", ""Air conditioning"", ""Long term stays allowed"", ""Safe"", ""Radiant heating"", ""whirlpool  oven"", ""Barbecue utensils"", ""BBQ grill"", ""Free street parking"", ""Bathtub"", ""Private entrance"", ""Wine glasses"", ""Iron"", ""Wifi"", ""Essentials""]","91.0","1","365","1.0","1.0","365.0","365.0","1.0","365.0","True","29","59","89","364","1","1","1","5.0","4.0","4.0","4.0","4.0","4.0","True","3","0","3","0","1.0","2"
"beautiful private full size bed / shared bath","Beautiful, clean private room/shared bath / Humidifier, and ""42"" inch T.V, AC. open kitchen and living room and LED lights. With brand new appliances including a microwave, Keurig coffee maker, tea pot, toaster, new pans, new dish ware, and eating utensils. Close to all transportations; including Q84 to Jamaica center and 10 minutes to JFK and 25 minutes to LaGuardia airport. And also no smoking and vaping, no loud music! Street parking available. We also have sprinkler in the house. Welcome","","Marie","US","","1.0","0.93","True","0.0","0.0","True","True","Queens","Private room","2","1.0","1.0","1.0","[""Air conditioning"", ""Dedicated workspace"", ""BBQ grill"", ""Security cameras on property"", ""Lock on bedroom door"", ""Outdoor furniture"", ""Wifi"", ""Iron"", ""Fire extinguisher"", ""TV"", ""Hair dryer"", ""Smoke alarm"", ""Kitchen"", ""Long term stays allowed""]","80.0","1","1125","1.0","1.0","1125.0","1125.0","1.0","1125.0","True","27","57","87","362","2","2","2","5.0","5.0","5.0","5.0","4.5","4.5","True","3","0","3","0","2.0","2"
"West Village Foodie’s Dream w View","This sunny West village gem, with its charming pre-war architectural detail, will give you a hard time choosing whether to go explore the quaint neighborhood or order in! From a cozy living room with an electric fireplace to keep you warm in the winter to the sweet swing that’ll have you enjoying the summer breeze from the open windows in the bedroom, I’m sure you’ll find your favorite nook here in no time. :)","","Victoria","New York, New York, United States","","","","True","0.0","0.0","True","True","Manhattan","Entire home/apt","4","1.0","1.0","2.0","[""Cooking basics"", ""Portable fans"", ""Room-darkening shades"", ""Fire extinguisher"", ""Dryer"", ""Smoke alarm"", ""Shower gel"", ""Dishwasher"", ""Dishes and silverware"", ""Cleaning products"", ""Extra pillows and blankets"", ""Dedicated workspace"", ""Conditioner"", ""Gym"", ""Body soap"", ""Hot water"", ""Sound system"", ""Coffee maker"", ""TV"", ""Nespresso machine"", ""Refrigerator"", ""Indoor fireplace"", ""Elevator"", ""Piano"", ""Freezer"", ""Keypad"", ""Hangers"", ""First aid kit"", ""Hair dryer"", ""Kitchen"", ""Bed linens"", ""Microwave"", ""Dining table"", ""Air conditioning"", ""Long term stays allowed"", ""Free street parking"", ""Bathtub"", ""Oven"", ""Paid parking off premises"", ""Wifi"", ""Shampoo"", ""Wine glasses"", ""Stove"", ""Baking sheet"", ""Iron"", ""Heating"", ""Washer"", ""Essentials""]","749.0","1","365","1.0","1.0","365.0","365.0","1.0","365.0","True","11","41","71","346","3","3","3","5.0","4.67","5.0","5.0","5.0","4.33","False","2","2","0","0","3.0","10"
"Private Bathroom in every room","Enjoy a short term or long term stay here ! This is a lovely renovated apartment with 3 rooms . So you’ll share with two other rooms the kitchen space if you desire to use it . Everything else is pretty much private since you have your own bathroom . The neighborhood is cool , 10 min walk to Williamsburg & 10 min train ride to the city . Train is only a 5 minute walk from the apartment!!","","Johanna","US","","1.0","0.9","True","3.0","3.0","True","True","Brooklyn","Private room","2","1.0","1.0","","[""Kitchen"", ""Long term stays allowed"", ""Carbon monoxide alarm"", ""TV"", ""Wifi"", ""Smoke alarm"", ""Air conditioning""]","95.0","12","365","12.0","12.0","1125.0","1125.0","12.0","1125.0","True","2","32","62","337","1","1","1","5.0","5.0","5.0","5.0","5.0","5.0","True","3","0","3","0","1.0","2"
"Private Room in the Heart of Astoria!","Hey friends! <br /><br />Apartment type: Shared with multiple Airbnb Rooms <br /><br />Room: Private bedroom and (2) shared bathrooms<br /><br />Location: 5 minute walk to Subway - Close to Manhattan!<br /><br />Restaurants & Stores: Anything you need is walking distance. <br /><br />Parking: Free street parking available. No private parking provided.<br /><br />No need to keep searching- book with us you won’t regret it :)","","Brenda","Lutz, Florida, United States","Hey friends. My name is Brenda. I’m attentive with your needs, quick to respond, and ready to be your 5 start host! :) ","0.99","1.0","True","17.0","17.0","True","True","Queens","Private room","2","2.0","1.0","","[""Hangers"", ""Iron"", ""TV"", ""Lock on bedroom door"", ""Hair dryer"", ""Wifi"", ""Air conditioning""]","59.0","1","10","1.0","1.0","1125.0","1125.0","1.0","1125.0","True","15","45","75","350","2","2","2","3.0","4.5","3.0","3.5","3.5","3.0","True","17","0","17","0","2.0","2"
"Stunning 1 Bed Great for Work, Fast Wifi & COFFEE","The Best of Both Worlds.<br /><br />Location will always be everything. But what is an amazing location without an amazing apartment? Nothing! But you no longer have to worry about that because Greene Avenue Apt 1 is everything. This cozy 1-Bed, 1-Bath apartment is amazing and it’s in an amazing location. If you were looking for a apartment that will give you everything you deserve, this is it. Your family will be close to everything when you stay at this centrally-located place.<br /><br /><b>The space</b><br />This 1 Bedroom apartment is simply amazing. It offers top of the line details such as original hardwood floors, brand new recess lighting, exposed brick walls throughout a newly renovated Kitchen w/ stainless steel appliances.<br /><br /><br />Greene Avenue is located on a beautiful block in PRIME FORT GREENE near some of Brooklyn's best. It's great transportation options--the C, G, Trains and Multiple Buses--are complemented by the amazing restaurants and shops of Fort Greene ","","Jennaya","US","","1.0","0.78","True","0.0","0.0","True","True","Brooklyn","Entire home/apt","4","1.0","1.0","2.0","[""Extra pillows and blankets"", ""Baking sheet"", ""TV"", ""Security cameras on property"", ""Keurig coffee machine"", ""Free parking on premises"", ""Hot water kettle"", ""Radiant heating"", ""Pack \u2019n play/Travel crib"", ""Wine glasses"", ""Toaster"", ""Microwave"", ""First aid kit"", ""Hangers"", ""Long term stays allowed"", ""Portable fans"", ""Cleaning products"", ""Wifi"", ""Board games"", ""Laundromat nearby"", ""Body soap"", ""Shampoo"", ""Dishes and silverware"", ""Air conditioning"", ""Stainless steel oven"", ""Essentials"", ""Hot water"", ""Free street parking"", ""Conditioner"", ""Safe"", ""Kitchen"", ""Fire extinguisher"", ""Clothing storage"", ""Cooking basics"", ""Dedicated workspace"", ""Hair dryer"", ""Room-darkening shades"", ""Smoke alarm"", ""Dining table"", ""Iron"", ""Freezer"", ""Electric stove"", ""Refrigerator"", ""Bed linens"", ""Coffee maker""]","199.0","1","365","1.0","1.0","365.0","365.0","1.0","365.0","True","18","48","78","78","2","2","2","4.5","5.0","5.0","5.0","5.0","4.5","False","1","1","0","0","2.0","1"
"Upscale Brooklyn Loft W/Rooftop Breathtaking Views","The whole group will enjoy easy access to everything from this centrally located place. It feels like the convenience of your own home. A furnished rooftop with view of Manhattan’s skyline. Building has its own work out center and cafe. Anything you can think of is only a block away. This Loft is very spacious 1500 sq ft.","","Shatandra","Elgin, Illinois, United States","I Love to put a smile on people's face, I'm just too Lovable... Im just a small town girl, living big dreams with Positive Energy and a Beautiful Soul❤️","0.72","0.3","True","2.0","2.0","True","True","Brooklyn","Entire home/apt","5","1.0","1.0","2.0","[""TV"", ""Security cameras on property"", ""Free parking on premises"", ""Radiant heating"", ""First aid kit"", ""Long term stays allowed"", ""Carbon monoxide alarm"", ""Washer"", ""Cleaning products"", ""Wifi"", ""Body soap"", ""Shampoo"", ""Dryer"", ""Dishes and silverware"", ""Air conditioning"", ""Essentials"", ""Hot water"", ""Bathtub"", ""Kitchen"", ""Fire extinguisher"", ""Cooking basics"", ""Dedicated workspace"", ""Hair dryer"", ""Smoke alarm"", ""Shower gel"", ""Outdoor dining area""]","396.0","2","365","2.0","2.0","365.0","365.0","2.0","365.0","True","26","56","86","86","1","1","1","5.0","4.0","5.0","5.0","5.0","5.0","False","3","3","0","0","1.0","7"
"121816","在八大道，一切方便，有餐厅，有洗衣店，有市场，走路12分钟到地铁上","离地铁走路12分钟，巴士走路3分钟，一切方便，安全，安静，交通便利","Qiulan","US","我是Qiu lan Lin","0.94","0.78","True","15.0","15.0","True","True","Brooklyn","Private room","3","0.0","","2.0","[""Air conditioning"", ""Cooking basics"", ""Lock on bedroom door"", ""Wifi"", ""Shampoo"", ""Private entrance"", ""Hangers"", ""Iron"", ""Heating"", ""First aid kit"", ""Hair dryer"", ""Smoke alarm"", ""Essentials"", ""Long term stays allowed""]","60.0","1","1125","1.0","1.0","1125.0","1125.0","1.0","1125.0","True","6","33","63","338","1","1","1","1.0","1.0","1.0","2.0","2.0","1.0","False","7","0","7","0","1.0","5"
"Bright, cozy and spacious apartment in LES","Renting out my 1BR in the Lower East Side. Bright, spacious, cozy, modern amenities, dishwasher,  skylight - steps from Dimes, Cervo's, Kiki's, Clandestino, and the F train E Broadway stop.","","Lucas","New York, New York, United States","Hi, I'm Lucas. I live in lower Manhattan in NYC. I love traveling, food, music, film, nature, family, and friendship. Hope to meet you soon.","1.0","1.0","True","0.0","0.0","True","True","Manhattan","Entire home/apt","2","1.0","1.0","","[""Cooking basics"", ""Hot water kettle"", ""Smoke alarm"", ""Shower gel"", ""Dishwasher"", ""Dishes and silverware"", ""Cleaning products"", ""Extra pillows and blankets"", ""Conditioner"", ""Body soap"", ""Hot water"", ""Stainless steel oven"", ""Coffee maker"", ""Laundromat nearby"", ""TV"", ""Refrigerator"", ""Toaster"", ""Freezer"", ""Hangers"", ""Drying rack for clothing"", ""Kitchen"", ""Bed linens"", ""Microwave"", ""Air conditioning"", ""Radiant heating"", ""Carbon monoxide alarm"", ""Game console"", ""Shampoo"", ""Wine glasses"", ""Baking sheet"", ""Iron"", ""Wifi"", ""Essentials"", ""Stainless steel gas stove""]","175.0","2","4","2.0","30.0","35.0","1125.0","4.6","1023.9","True","0","25","34","34","1","1","1","5.0","5.0","5.0","5.0","5.0","5.0","True","1","1","0","0","1.0","6"
"Bright 2BR in Williamsburg (Steps to the Subway!)","This lovingly restored, vintage literary New York apartment is owned by a local writer/photographer. Built in 1910, this sun-drenched space boasts original wood-flooring throughout, tin ceilings and mid-century furniture.<br /><br />Located on a quiet, tree-lined block in East Williamsburg, the apartment is in the heart of the action, steps to the subway station, and walking distance to a plethora of wonderful cafes, restaurants, and a beloved Italian-American pastry shop.<br /><br />A true Brooklyn experience!","","Lauren","New York, New York, United States","Writer. Traveler. Host.","1.0","0.93","True","0.0","0.0","True","True","Brooklyn","Entire home/apt","3","1.0","2.0","2.0","[""Toaster"", ""Microwave"", ""Hangers"", ""Long term stays allowed"", ""Carbon monoxide alarm"", ""Wifi"", ""Heating"", ""Body soap"", ""Shampoo"", ""Dishes and silverware"", ""Private entrance"", ""Air conditioning"", ""Free street parking"", ""Essentials"", ""Hot water"", ""Bathtub"", ""Kitchen"", ""Clothing storage"", ""Cooking basics"", ""Hair dryer"", ""Stove"", ""Smoke alarm"", ""TV with Chromecast"", ""Dining table"", ""Iron"", ""Freezer"", ""Oven"", ""Refrigerator"", ""Bed linens"", ""Shower gel"", ""Coffee maker""]","275.0","2","365","2.0","5.0","365.0","365.0","2.2","365.0","True","4","10","40","315","2","2","2","4.0","5.0","5.0","4.5","5.0","4.0","False","1","1","0","0","2.0","5"
"Cozy Duplex With Roof, Gym & Courtyard Access","This beautiful duplex featuring separate TV room and 2 floors with private bathrooms on each, breathtaking shared roof, is surrounded with amazing restaurants, nightlife, the subway or a short cab into the City.<br /><br />Steps from Manhattan Ave, Franklin Ave and the Brooklyn waterfront with spectacular views of the city, you'll have everything at your fingertips.<br /><br />*Please note: the upstairs bathroom entrance is about 5'' tall, however, once you're in the bathroom, it's comfortable for anyone under 6''*<br /><br /><b>The space</b><br />Guest have access to a shared pool table room, rooftop, courtyard, gym via keyless fob access.<br /><br /><b>Guest access</b><br />There are countless restaurants, bars and bodegas within blocks. There is street parking that you can typically park on most days/holidays/weekends but there is street cleaning so please review street signs. Paid parking is available within a few blocks of the apartment.<br /><br /><b>Other things to note</b><br /","Greenpoint is the best neighborhood in NYC which is why my wife, our puppy and I live here :-) If you have time we encourage you to explore!<br /><br /><br />Our favorite neighborhood spots in Greenpoint:<br /><br /><br />There are many bodegas throughout on Manhattan Ave. The best food shopping in the area is at Lincoln Market, Greenpoint 1133 Manhattan Ave, Brooklyn, NY 11222<br />For a quick bottle of bubbly a block away – Vine Story 1071 Manhattan Ave, Brooklyn, NY 11222. Take a bottle, or two to our roof! All roof furniture is communal.<br />Mouthwatering Lobster Rolls, fries with a great backyard: Lobster Joint 1073 Manhattan Ave, Brooklyn, NY 11222<br />Little Tiffin for yummy Thai (get the crab fried rice) & Le Gamin for French Brunch <br />Bakeri has the best baked goods in the neighborhood.<br />Alula is a great quick brunch and Alyssa says they have some delicious coffee<br />Milk & Roses is a very cute brunch, cocktail and dinner spot<br />Glasserie is a fun brunch spot for","Sam","US","","1.0","1.0","True","0.0","0.0","True","True","Brooklyn","Entire home/apt","4","2.0","2.0","2.0","[""Lockbox"", ""Kitchen"", ""Carbon monoxide alarm"", ""TV"", ""Fire extinguisher"", ""Pool table"", ""Wifi"", ""Smoke alarm"", ""Air conditioning""]","350.0","1","20","1.0","1.0","20.0","20.0","1.0","20.0","True","1","19","49","318","1","1","1","5.0","3.0","5.0","5.0","5.0","5.0","False","1","1","0","0","1.0","2"
"Near Park! Great Home base for active traveler!🌳🚊🌆","Located in beautiful South Harlem, a convenient and safe neighborhood where you'll find some of Manhattan's most beautiful scenery, and best restaurants.<br /><br />The B/C train is only a 4 minute walk!<br /><br />I work from home and I am also a musician - I play acoustic guitar & sing. The ideal guest would be someone who is out of the apartment often. I've provided a microwave, mini fridge and coffee maker inside your bedroom.<br /><br /><b>The space</b><br />The apartment is in a new, renovated building with an elevator. <br /><br />The room includes a queen sized bed with headboard. There is a large closet, as well as extra blankets and linens.<br /><br />The location is excellent. 3-minute walk to Central Park, and a 1-minute walk to gorgeous Morningside Park, and there are several dozen restaurants in the immediate area, as well as numerous cafes and shops. South Harlem has been transformed over the past decade and is now one of the most desirable neighborhoods in NYC.<br /><br","","Jeff","New York, New York, United States","I am a 36 year old young professional. In my spare time, I enjoy playing music, volleyball and exploring the city. I love doing yoga in Central Park. I have an extensive collection of teas, and my favorite album of all time is Pink Floyd's Dark Side Of The Moon. 

I love Hosting on Airbnb and meeting many interesting people!","","","True","5.0","5.0","True","True","Manhattan","Private room","2","1.0","1.0","","[""Hangers"", ""Microwave"", ""Iron"", ""Carbon monoxide alarm"", ""Mini fridge"", ""Long term stays allowed"", ""Elevator"", ""Wifi"", ""Heating"", ""Coffee maker"", ""Smoke alarm"", ""Air conditioning"", ""Essentials""]","100.0","4","30","4.0","4.0","30.0","30.0","4.0","30.0","True","0","0","0","0","1","1","0","5.0","5.0","5.0","5.0","5.0","5.0","False","4","1","3","0","0.91","8"
"UNTITLED at Freeman-Cozy Studio 320","Welcome to UNTITLED (Adj.) at 3 Freeman Alley!<br /><br />Charming Studio located in the heart of Lower East Side of Manhattan.<br /><br />Building entrance located off iconic Freeman Alley displaying ever changing street art from artists from all around the world.<br /><br />This location is the best place to relax and unwind after exploring and venturing out in the city.<br /><br />@freemanalley3untitled<br /><br /><b>The space</b><br />Cozy studio that has been newly renovated and smartly furnished including a king size bed.<br /><br />Studio is equipped with all necessary amenities needed, shampoo/soap, conditioner, towels, linens, basic tableware, coffee, AC, heat, Bluetooth speaker, Smart TV for Android devices.<br /><br />* Additional housekeeping service and for replenishing is available for scheduling and for a fee.<br /><br />* We are doing light renovations throughout the building (Expect minor to no noise resulting from these renovations), please excuse our appearance.<br /","","Karen","New York, New York, United States","I’m a New York native that loves to eat & enjoy traveling the world. I would love to host you for your visit. :)","1.0","0.99","True","31.0","31.0","True","True","Manhattan","Entire home/apt","2","1.0","1.0","1.0","[""Hangers"", ""Long term stays allowed"", ""Iron"", ""TV"", ""Carbon monoxide alarm"", ""Fire extinguisher"", ""Dedicated workspace"", ""Hair dryer"", ""Elevator"", ""Wifi"", ""Heating"", ""Shampoo"", ""Smoke alarm"", ""First aid kit"", ""Air conditioning"", ""Essentials""]","207.0","2","28","1.0","2.0","28.0","28.0","2.0","28.0","True","16","46","76","166","4","4","4","4.75","5.0","5.0","5.0","5.0","4.75","False","201","198","3","0","4.0","8"
"UNTITLED at Freeman-Charming Studio 319","Welcome to UNTITLED (Adj.) at 3 Freeman Alley!<br /><br />Charming Studio  in the heart of Lower East Side of Manhattan.<br /><br />Building entrance located off iconic Freeman Alley displaying ever changing street art from artists from all around the world.<br /><br />This location is the best place to relax and unwind after exploring and venturing out in the city.<br /><br />@freemanalley3untitled<br /><br /><b>The space</b><br />Cozy studio that has been newly renovated and smartly furnished including a queen size bed.<br /><br />Studio is equipped with all necessary amenities needed, shampoo/soap, conditioner, towels, linens, basic tableware, coffee, AC, heat, Bluetooth speaker, Smart TV for Android devices.<br /><br />* Additional housekeeping service and for replenishing is available for scheduling and for a fee.<br /><br />* We are doing light renovations throughout the building (Expect minor to no noise resulting from these renovations), please excuse our appearance.<br /><br /","","Karen","New York, New York, United States","I’m a New York native that loves to eat & enjoy traveling the world. I would love to host you for your visit. :)","1.0","0.99","True","31.0","31.0","True","True","Manhattan","Entire home/apt","2","1.0","1.0","1.0","[""Hangers"", ""Long term stays allowed"", ""Iron"", ""TV"", ""Carbon monoxide alarm"", ""Fire extinguisher"", ""Dedicated workspace"", ""Hair dryer"", ""Elevator"", ""Wifi"", ""Heating"", ""Shampoo"", ""Smoke alarm"", ""First aid kit"", ""Air conditioning"", ""Essentials""]","199.0","2","28","2.0","2.0","28.0","28.0","2.0","28.0","True","17","47","77","167","2","2","2","5.0","5.0","5.0","5.0","5.0","5.0","False","201","198","3","0","2.0","8"
"One private bedroom upper level","This stylish place to stay is perfect for group trips.","","Sherly","New York, New York, United States","Hello All and welcome|
I’m excited to be a part of this community and to be able to help people feel right at home. Looking forward to making wonderful new experiences with people around the globe||","1.0","1.0","True","3.0","3.0","True","True","Brooklyn","Private room","1","1.0","1.0","","[""Kitchen"", ""Long term stays allowed"", ""Carbon monoxide alarm"", ""TV"", ""Fire extinguisher"", ""Wifi"", ""Smoke alarm"", ""Air conditioning"", ""First aid kit""]","180.0","1","365","1.0","1.0","365.0","365.0","1.0","365.0","True","24","54","84","359","1","1","1","5.0","5.0","5.0","5.0","5.0","5.0","False","3","0","2","1","1.0","2"
"UNTITLED at Freeman-Charming Studio 318","Welcome to UNTITLED (Adj.) at 3 Freeman Alley!<br /><br />Charming Studio  in the heart of Lower East Side of Manhattan.<br /><br />Building entrance located off iconic Freeman Alley displaying ever changing street art from artists from all around the world.<br /><br />This location is the best place to relax and unwind after exploring and venturing out in the city.<br /><br />@freemanalley3untitled<br /><br /><b>The space</b><br />Cozy studio that has been newly renovated and smartly furnished including a queen size bed.<br /><br />Studio is equipped with all necessary amenities needed, r  , shampoo/soap, conditioner, towels, linens, basic tableware, coffee, AC, heat, Bluetooth speaker, Smart TV for Android devices.<br /><br />* Additional housekeeping service and for replenishing is available for scheduling and for a fee.<br /><br />* We are doing light renovations throughout the building (Expect minor to no noise resulting from these renovations), please excuse our appearance.<br />","","Karen","New York, New York, United States","I’m a New York native that loves to eat & enjoy traveling the world. I would love to host you for your visit. :)","1.0","0.99","True","31.0","31.0","True","True","Manhattan","Entire home/apt","2","1.0","1.0","1.0","[""Hangers"", ""Long term stays allowed"", ""Iron"", ""TV"", ""Carbon monoxide alarm"", ""Fire extinguisher"", ""Elevator"", ""Hair dryer"", ""Wifi"", ""Heating"", ""Shampoo"", ""Smoke alarm"", ""First aid kit"", ""Air conditioning"", ""Essentials""]","172.0","2","28","1.0","2.0","28.0","28.0","2.0","28.0","True","6","36","66","156","5","5","5","5.0","5.0","5.0","5.0","5.0","4.8","False","201","198","3","0","5.0","8"
"UNTITLED at Freeman-Charming Studio 317","Welcome to UNTITLED (Adj.) at 3 Freeman Alley!<br /><br />Charming Studio  in the heart of Lower East Side of Manhattan.<br /><br />Building entrance located off iconic Freeman Alley displaying ever changing street art from artists from all around the world.<br /><br />This location is the best place to relax and unwind after exploring and venturing out in the city.<br /><br />@freemanalley3untitled<br /><br /><b>The space</b><br />Cozy studio that has been newly renovated and smartly furnished including a queen size bed.<br /><br />Studio is equipped with all necessary amenities needed, shampoo/soap, conditioner, towels, linens, basic tableware, coffee, AC, heat, Bluetooth speaker, Smart TV for Android devices.<br /><br />* Additional housekeeping service and for replenishing is available for scheduling and for a fee.<br /><br />* We are doing light renovations throughout the building (Expect minor to no noise resulting from these renovations), please excuse our appearance.<br /><br /","","Karen","New York, New York, United States","I’m a New York native that loves to eat & enjoy traveling the world. I would love to host you for your visit. :)","1.0","0.99","True","31.0","31.0","True","True","Manhattan","Entire home/apt","2","1.0","1.0","1.0","[""Hangers"", ""Long term stays allowed"", ""Iron"", ""TV"", ""Carbon monoxide alarm"", ""Fire extinguisher"", ""Elevator"", ""Hair dryer"", ""Wifi"", ""Heating"", ""Shampoo"", ""Smoke alarm"", ""First aid kit"", ""Air conditioning"", ""Essentials""]","172.0","2","28","1.0","2.0","28.0","28.0","2.0","28.0","True","9","37","67","125","4","4","4","4.5","5.0","5.0","5.0","4.75","4.5","False","201","198","3","0","4.0","8"
"Cozy brownstone studio apartment in PLG","Enjoy the authenticity of a Brooklyn brownstone home around the corner of the Sterling Street Subway stop and within 5 minutes walk of some of the finest jazz clubs in all of NYC. Our carefully maintained one-bedroom apartment with own entrance is ideal for single travelers or couples exploring NYC. Prospect Park, about a 10 minutes walk away, is the ideal place to relax, enjoy open air music or long walks. Keep it simple at this peaceful and centrally-located place.<br /><br /><b>The space</b><br />Our studio has a separate entrance and is less than one minute from the 5 and 2 train. Within walking distance are many amazing restaurants and bars as well as some of NYC’s finest jazz clubs. Prospect Park is less than a 10min walk away.<br /><br /><b>Guest access</b><br />Our studio has a separate entrance.","The neighborhood is vibrant, family-friendly and offers an abundance of Caribbean flavors and music.","Lukas","Brooklyn, New York, United States","","1.0","0.95","True","1.0","1.0","True","True","Brooklyn","Entire home/apt","2","1.0","1.0","1.0","[""Baking sheet"", ""Luggage dropoff allowed"", ""Hot water kettle"", ""Wine glasses"", ""Microwave"", ""Central heating"", ""Hangers"", ""Long term stays allowed"", ""Portable fans"", ""Carbon monoxide alarm"", ""Dedicated workspace: table"", ""Cleaning products"", ""Central air conditioning"", ""Laundromat nearby"", ""Paid parking lot off premises"", ""Body soap"", ""Shampoo"", ""Dishes and silverware"", ""Private entrance"", ""Free street parking"", ""Essentials"", ""Hot water"", ""Bathtub"", ""Conditioner"", ""Kitchen"", ""Fire extinguisher"", ""Cooking basics"", ""Hair dryer"", ""Room-darkening shades"", ""Stove"", ""Smoke alarm"", ""Dining table"", ""Freezer"", ""Oven"", ""Wifi \u2013 44 Mbps"", ""Clothing storage: dresser and walk-in closet"", ""Bed linens"", ""Refrigerator"", ""Shower gel"", ""Cleaning before checkout"", ""Portable heater"", ""Coffee maker"", ""Shared gym nearby""]","114.0","3","365","3.0","3.0","365.0","365.0","3.0","365.0","True","4","12","23","211","7","7","7","5.0","5.0","5.0","5.0","4.86","5.0","False","1","1","0","0","7.0","9"
"KO LOFT & LOUNGE","Keep it simple at this peaceful and centrally-located place.<br /><br />Futon in loft area & also another futon in the television room. For two additional sleeping places.","","Gabriel","Brooklyn, New York, United States","","","","True","3.0","3.0","True","True","Brooklyn","Entire home/apt","4","1.0","","1.0","[""Extra pillows and blankets"", ""Baking sheet"", ""BBQ grill"", ""Luggage dropoff allowed"", ""TV"", ""Bikes"", ""Hot water kettle"", ""Barbecue utensils"", ""Toaster"", ""Shared pool"", ""First aid kit"", ""Hangers"", ""Ethernet connection"", ""Long term stays allowed"", ""Portable fans"", ""Carbon monoxide alarm"", ""Washer"", ""Cleaning products"", ""Wifi"", ""Board games"", ""Laundromat nearby"", ""Heating"", ""Body soap"", ""Shampoo"", ""Dryer"", ""Dishes and silverware"", ""Air conditioning"", ""Private entrance"", ""Essentials"", ""Hot water"", ""Bathtub"", ""Free street parking"", ""Conditioner"", ""Kitchen"", ""Fire extinguisher"", ""Cooking basics"", ""Dedicated workspace"", ""Hair dryer"", ""Outdoor furniture"", ""Smoke alarm"", ""Iron"", ""Freezer"", ""Oven"", ""Pool table"", ""Elevator"", ""Refrigerator"", ""Shared patio or balcony"", ""Bed linens"", ""Shower gel"", ""Gym"", ""Outdoor dining area""]","377.0","1","365","1.0","1.0","365.0","365.0","1.0","365.0","True","2","32","62","337","4","4","4","5.0","4.75","4.75","4.75","5.0","5.0","True","3","3","0","0","4.0","2"
"Private Comfortable room","Queens New York bedroom with small office space for short-term lodging. This location is perfect for travelers. Only 10 mins from JFK LGA, from public transportation. Near Jamaica Queens General LIJ hospital","","Rumena","Queens, New York, United States","","0.99","1.0","True","1.0","1.0","True","True","Queens","Private room","2","1.0","1.0","2.0","[""Cooking basics"", ""Breakfast"", ""Room-darkening shades"", ""Fire extinguisher"", ""Window guards"", ""Lock on bedroom door"", ""Children\u2019s books and toys"", ""Hot water kettle"", ""Stainless steel stove"", ""Smoke alarm"", ""Shower gel"", ""Smart lock"", ""Dishes and silverware"", ""Cleaning products"", ""Extra pillows and blankets"", ""Dedicated workspace"", ""Conditioner"", ""Body soap"", ""Paid parking garage off premises"", ""Hot water"", ""Stainless steel oven"", ""Coffee maker"", ""Laundromat nearby"", ""TV"", ""Clothing storage: closet"", ""Keurig coffee machine"", ""Refrigerator"", ""Hangers"", ""First aid kit"", ""Hair dryer"", ""Kitchen"", ""Bed linens"", ""Microwave"", ""Dining table"", ""Air conditioning"", ""Mini fridge"", ""Safe"", ""Long term stays allowed"", ""Carbon monoxide alarm"", ""Free street parking"", ""Board games"", ""Shampoo"", ""Wine glasses"", ""Iron"", ""Heating"", ""Luggage dropoff allowed"", ""Wifi"", ""Essentials""]","150.0","1","365","1.0","1.0","1125.0","1125.0","1.0","1125.0","True","0","0","0","219","1","1","1","5.0","5.0","5.0","5.0","5.0","5.0","True","7","4","3","0","1.0","4"
"*New *heart of brooklyn Brownstone second-floor walk-up close to trains and buses.","Bring the whole family to this great place with lots of room for fun. we have an air-hokey table ...location is 12mins away from Coney Island theme park, 17mins away from Barclay center , 13mins away from Manhattan. Q and F trains are 6 city blocks each from location.","Location is 12mins away from Coney Island theme park, 17mins away from Barclay center , 13mins away from Manhattan. Q and F trains are 6 city blocks each from location.","Joshua","Lodi, New Jersey, United States","","1.0","0.98","True","1.0","1.0","True","True","Brooklyn","Entire home/apt","6","1.0","2.0","3.0","[""Extra pillows and blankets"", ""Luggage dropoff allowed"", ""TV"", ""Security cameras on property"", ""Radiant heating"", ""Wine glasses"", ""Microwave"", ""Central heating"", ""First aid kit"", ""Hangers"", ""Long term stays allowed"", ""Carbon monoxide alarm"", ""Cleaning products"", ""Wifi"", ""Body soap"", ""Shampoo"", ""Dishes and silverware"", ""Air conditioning"", ""Stainless steel oven"", ""Essentials"", ""Hot water"", ""Bathtub"", ""Free street parking"", ""Conditioner"", ""Kitchen"", ""Fire extinguisher"", ""Cooking basics"", ""Dedicated workspace"", ""Smoke alarm"", ""Dining table"", ""Iron"", ""Freezer"", ""Refrigerator"", ""Bed linens"", ""Smart lock"", ""Coffee maker""]","108.0","1","365","1.0","1.0","365.0","365.0","1.0","365.0","True","10","40","70","345","4","4","4","5.0","4.75","4.75","4.25","4.75","5.0","False","2","2","0","0","4.0","5"
"✨one bedroom✨","Welcome to the Bronx! The Comfortable space offers 1 private rooms. Recently renovated, it’s the ideal retreat for anyone visiting NYC or to catch and baseball game.<br />located in high Bridge neighborhood of the Bronx. We believe it’s the ultimate location to experience NYC the way it should be. Get ready to get inspired! Extremely close to some fabulous sites like <br />Yankee stadium, the Bronx zoo, the Botanic Garden, the famous seafoods of City island And more.<br /><br /><b>The space</b><br />Our house is a perfect getaway. Ideal for couples looking for a “home away from home” or a romantic break. It also suits solo travelers, friends looking togo to central Nyc location. Great for people looking for an Comfortable, calm and convenient place to stay. We love to go that extra mile so you feel like you are at home.<br />Please Note.. the bathroom and kitchen are shared.<br /><br />If you stay with us you be within walking distance of:<br />1. Yankees stadium 🏟️ <br />2. Washington","An ideal location to spend some valuable time in this up and coming neighborhood. At a short walking distance you will encounter some shops, other touristic attractions. Like Yankee stadium.<br /><br />Wherever you're staying in New York City, you're going to have a great trip. With world-class bars and restaurants and great Nightlife. New York City is also filled with tons of tourists attractions from the freedom tower and 911 Memorial, Empire State Building, Statue of Liberty, time square, Broadway shops and shows, Museum and Art. Loads to do for all tastes, from outdoors  adventures for urban city explorers. To total isolation for those who prefer the homely and the comfy place.","Jc","Bronx, New York, United States","My name is Jc. I love meeting new people from different walks of life, but as a host I give my guests all the space they want.
I will always try to meet your expectation and even go beyond the expectation of your stay. If you have suggestions for me, please let me know!
Some great features I have are due to the inspirations of other guests that stayed with me and had interesting ideas. So please don't hesitate to let me know your thoughts. Feel free to communicate with me!
Hope to see you soon,
Jc
","1.0","1.0","True","4.0","4.0","True","True","Bronx","Private room","2","1.0","1.0","1.0","[""Extra pillows and blankets"", ""Lock on bedroom door"", ""Wine glasses"", ""Toaster"", ""Microwave"", ""First aid kit"", ""Hangers"", ""Long term stays allowed"", ""Carbon monoxide alarm"", ""Cleaning products"", ""Wifi"", ""Laundromat nearby"", ""Heating"", ""Body soap"", ""Shampoo"", ""Dishes and silverware"", ""Air conditioning"", ""Free street parking"", ""Essentials"", ""Hot water"", ""Kitchen"", ""Fire extinguisher"", ""Clothing storage"", ""Cooking basics"", ""Dedicated workspace"", ""Stove"", ""Smoke alarm"", ""Dining table"", ""Iron"", ""Freezer"", ""Oven"", ""Refrigerator"", ""Bed linens"", ""Shower gel"", ""Coffee maker""]","55.0","3","365","3.0","3.0","365.0","365.0","3.0","365.0","True","10","38","42","42","1","1","1","5.0","5.0","5.0","5.0","2.0","5.0","True","2","0","2","0","1.0","10"
"habitacion en el bronx","Desconecta de tus preocupaciones en este espacio tan amplio y sereno.","","Yaniris","US","","1.0","1.0","True","0.0","0.0","True","True","Bronx","Private room","2","1.0","1.0","1.0","[""Kitchen"", ""Long term stays allowed"", ""Iron"", ""TV"", ""Security cameras on property"", ""Lock on bedroom door"", ""Hair dryer"", ""Wifi"", ""Smoke alarm"", ""Air conditioning""]","65.0","1","1125","1.0","1.0","1125.0","1125.0","1.0","1125.0","True","11","40","70","250","1","1","1","5.0","4.0","5.0","5.0","5.0","4.0","True","1","0","1","0","1.0","1"
"Sunny private room","Forget your worries in this spacious and serene space.<br /><br /><b>Other things to note</b><br />No Visits !","","Jose","Brooklyn, New York, United States","Hi I’m Jose... welcome for all Airbnb guests :)","1.0","0.98","True","2.0","2.0","True","True","Queens","Private room","1","1.0","1.0","1.0","[""Carbon monoxide alarm"", ""TV"", ""Fire extinguisher"", ""Lock on bedroom door"", ""Wifi"", ""Smoke alarm"", ""Air conditioning"", ""First aid kit""]","63.0","5","7","5.0","5.0","1125.0","1125.0","5.0","1125.0","True","6","34","64","64","1","1","1","5.0","5.0","5.0","5.0","5.0","5.0","True","4","0","4","0","1.0","2"
"Massive Open Space High Ceiling Loft in Bushwick","This is a home of a Painter and a Chef that love hosting parties and events for our friends. We would prefer to be here and host but we are going to be in Maui Hawaii for two weeks. Enjoy our place and have fun. Only one neighbor on the floor and we are hiring them to help you with anything you need to make your best possible stay.","","Ramon","Saint Paul, Minnesota, United States","Artist couple seeking temporary live/work space for the month of July.

We are creative professionals with a Brooklyn-based design company called L&R Productions. We do hand painted murals, signs, tattoos, also event design and decoration. We’re both fun and good spirited with a passion for people and community. We are super clean and respectful of spaces, Ramon is a chef and loves to cook and share. Liv can do home improvement renovations, painting and repairs. We always leave places nicer than we got them :)

Rental history and local references on request. 
 (Email hidden by Airbnb) 
 (Email hidden by Airbnb)","1.0","1.0","True","0.0","0.0","True","True","Brooklyn","Entire home/apt","10","1.0","2.0","3.0","[""Kitchen"", ""BBQ grill"", ""Fire extinguisher"", ""Long term stays allowed"", ""Washer"", ""Dedicated workspace"", ""Wifi"", ""Private hot tub"", ""Host greets you"", ""Smoke alarm"", ""Air conditioning"", ""First aid kit""]","262.0","2","30","2.0","2.0","30.0","30.0","2.0","30.0","True","4","34","64","339","3","3","3","5.0","5.0","5.0","5.0","5.0","5.0","True","1","1","0","0","3.0","2"
"MASSIVE 8BR/8BTH Brooklyn Townhouse w/ Backyard","Newly renovated townhouse in Bushwick, including central AC & heat, W/D in-unit, dishwasher. Perfect for work/live group travel, company off-sites, and families with parents who may want to work from the property. This home boasts two full floors, with the ability to house up to 16 guests.","","Kay","Brooklyn, New York, United States","I’m a traveler and entrepreneur!
With a love for sports and crypto currency. 

I love hosting and meeting different people and connecting with my guest.

Shoot me a message with what you’re thinking about at one of my properties and we can make something work!

We own a concierge company for nightlife and restaurants and exotic cars. We are your one stop shop for everything nyc! Lived here for 25 years ","0.96","0.83","True","17.0","17.0","True","True","Brooklyn","Entire home/apt","8","7.5","8.0","8.0","[""Hangers"", ""Breakfast"", ""Kitchen"", ""Long term stays allowed"", ""Iron"", ""TV"", ""Carbon monoxide alarm"", ""Washer"", ""Fire extinguisher"", ""Hair dryer"", ""Cooking basics"", ""Wifi"", ""Pack \u2019n play/Travel crib"", ""Private entrance"", ""Heating"", ""Shampoo"", ""Dryer"", ""Smoke alarm"", ""Air conditioning"", ""Essentials""]","986.0","1","1125","1.0","1.0","1125.0","1125.0","1.0","1125.0","True","29","59","89","364","1","1","0","5.0","5.0","5.0","5.0","5.0","5.0","False","10","10","0","0","0.94","7"
"SpaciousCozy Room, 3 stops frm Grand Central-10min","This place is all about location.  On street you are greeted by the 7 train entrance which takes you to grand central, Bryant prk, Times Sq, and Hudson Yards  in minutes. The subway entrance also leads to the E, M, and G train unlocking a cheap and easy commute to Brooklyn (mins away via G) & Manhattan w/  no transfers (for less confusion).  Not to mention the new Trader Joes that's 30 secs walk from the twnhouse.  Laundry across the street,  Moma Ps1  2 blocks away.  +  so much more!<br /><br /><b>The space</b><br />The space is located in a pre-war (old) Town house on the most charming & convenient street. I call this place my Artist Think Tank due to the lofty eclectic vibe it gives. My home is very tidy but also very much lived in. There will be some creeks and imperfections that come with a building this old but that is apart of the charm and character. This is how most New Yorkers do it! You will have free reign to all the areas listed below (unless listed in additional notes).  ","","Summer","US","I enjoy traveling . There’s a beauty in living through a locals lens, to truly experience the cities truth.

 ","1.0","0.91","True","0.0","0.0","True","True","Queens","Private room","2","1.0","1.0","1.0","[""Indoor fireplace"", ""Security cameras on property"", ""Lock on bedroom door"", ""Hot water kettle"", ""Private patio or balcony"", ""Radiant heating"", ""Wine glasses"", ""Microwave"", ""Hangers"", ""Portable fans"", ""Sound Bar LG Bluetooth sound system"", ""Carbon monoxide alarm"", ""Cleaning products"", ""Wifi"", ""Body soap"", ""Shampoo"", ""Dishes and silverware"", ""Essentials"", ""Hot water"", ""Bathtub"", ""Private garden or backyard"", ""Conditioner"", ""Kitchen"", ""Fire extinguisher"", ""Clothing storage"", ""Hair dryer"", ""Stove"", ""Rice maker"", ""Smoke alarm"", ""Keypad"", ""Dining table"", ""Iron"", ""Oven"", ""Bed linens"", ""Shower gel"", ""Portable heater""]","108.0","1","4","1.0","1.0","1125.0","1125.0","1.0","1125.0","True","19","49","79","79","1","1","1","5.0","5.0","5.0","5.0","5.0","5.0","True","1","0","1","0","1.0","2"
"*NEW* Awesome Location & Beautiful Room!","","","Amadeu","Tampa, Florida, United States","Hey everyone. This is Amadeu & Lucia. I’m attentive with your needs, quick to respond & I’m here to make your trip better than expected. I’m glad to share my apartment with you. ","0.95","0.99","True","10.0","10.0","True","True","Queens","Private room","2","1.0","1.0","","[""Carbon monoxide alarm"", ""TV"", ""Lock on bedroom door"", ""Wifi"", ""Smoke alarm"", ""Air conditioning""]","57.0","1","9","1.0","1.0","9.0","9.0","1.0","9.0","True","15","45","75","346","3","3","2","4.0","4.0","5.0","4.33","4.67","4.33","True","8","0","8","0","3.0","2"
"Cozy, extremely comfy Greenpoint pied-a-terre","Kick back and relax in this calm, stylish space. Adorable sheepadoodle not included,  but feel free to bring your hypoallergenic pooch! Mi casa es su casa: I'm just down the block if you need any support or suggestions.<br />Wifi, central air, new boutique elevator building with shared rooftop (unfurnished). West Elm and Room and Board furnishings, Sachajuan haircare, marble shower and real hardwood floor. Dishwasher, Netflix, Hulu, HBO. <br />Central to Greenpoint, same black as G and Citibike rack.","","Hannah","New York, New York, United States","Hi!! I am a busy Brooklyn gal, balancing work as an architectural sales rep, part-time MBA at night, my gorgeous sheepadoodle, Pilates, friends, and more, a day at a time. Love hiking, traveling, the ocean, skiing, puzzles, and tea.
I’m extremely friendly and outgoing, love the color pink, animals, and helping others live calmer, happier, more productive lives.","1.0","1.0","True","0.0","0.0","True","True","Brooklyn","Entire home/apt","2","1.0","1.0","","[""Hangers"", ""Keypad"", ""Extra pillows and blankets"", ""Kitchen"", ""TV"", ""Cooking basics"", ""Hair dryer"", ""Cleaning products"", ""Bed linens"", ""Radiant heating"", ""Sachajuan conditioner"", ""Shower gel"", ""Bumble and Bumble shampoo"", ""Wifi"", ""Dishes and silverware"", ""Central heating"", ""First aid kit"", ""Air conditioning"", ""Smoke alarm"", ""Essentials""]","175.0","3","7","3.0","3.0","7.0","7.0","3.0","7.0","True","6","8","38","38","2","2","2","5.0","5.0","5.0","5.0","4.5","4.5","False","1","1","0","0","2.0","6"
"Room to Rent in two bedrooms Apartment","Guest will have access to kitchen, living room there's tons of wine and snacks. I am available to show you around and offer advice on the neighborhood.<br /><br />It's also great for photographers and individuals looking to explore new neighborhoods. There is access to great food, beautiful parks, and access to beautiful sunrise and sunsets.  <br /><br />It's a spacious two-bedroom in a quiet neighborhood to explore with easy access to the city by subway. There are several stores less than a minute walk.<br /><br /><b>The space</b><br />It's quiet, you'll have access to snacks and wine, television in room with a number of streaming sites (HBO MAX, Netflix, Hulu, Amazon). I am have a humidifier,  AC and access to a wide variety of books for quiet read I the park or subwayride to the city.<br /><br /><b>Guest access</b><br />Guest have access to all spaces, except my private bedroom.","Access to tons of parks, restaurants and shopping areas, quick walk to the subway ride to the city (30 minutes to Harlem or 45 minutes central park). There is a lots of dining out options and quick grab and go. They are a numberof shopping areas and street vendorsselling handmade jewelry, oils and crocs decoration. There is also a city MD clinic nearby.","Tara","Bronx, New York, United States","","","","True","1.0","1.0","True","True","Bronx","Private room","2","1.0","1.0","1.0","[""Cooking basics"", ""Breakfast"", ""Ethernet connection"", ""Room-darkening shades"", ""Lock on bedroom door"", ""Hot water kettle"", ""Dryer"", ""Smoke alarm"", ""Shower gel"", ""Dishes and silverware"", ""Cleaning products"", ""Extra pillows and blankets"", ""Dedicated workspace"", ""Window AC unit"", ""Conditioner"", ""Body soap"", ""Hot water"", ""Ceiling fan"", ""Free parking on premises"", ""Coffee maker"", ""Laundromat nearby"", ""TV"", ""Keurig coffee machine"", ""Refrigerator"", ""Lockbox"", ""Toaster"", ""Elevator"", ""Freezer"", ""Hangers"", ""Drying rack for clothing"", ""First aid kit"", ""Hair dryer"", ""Kitchen"", ""Bed linens"", ""Microwave"", ""Dining table"", ""Long term stays allowed"", ""Cleaning before checkout"", ""Carbon monoxide alarm"", ""Free street parking"", ""Bathtub"", ""Oven"", ""EV charger"", ""Paid parking off premises"", ""Stove"", ""Shampoo"", ""Wine glasses"", ""Baking sheet"", ""Clothing storage"", ""Iron"", ""Heating"", ""Luggage dropoff allowed"", ""Wifi"", ""Essentials""]","65.0","2","30","2.0","2.0","30.0","30.0","2.0","30.0","True","28","58","88","363","2","2","2","5.0","5.0","5.0","5.0","5.0","5.0","False","2","0","2","0","2.0","1"
"HUGE private room in LARGE Boho-themed apartment","The whole group will enjoy easy access to everything from this centrally located place. the room features a fire escape for the real NYC living experience. <br /><br />Forest Hills is an incredibly safe, family-friendly neighborhood. A short walk to the peaceful park, or an 8 minute walk to the E, F, M trains for city access AND the LIRR make this spot ideal. Experience the almost limitless food and lounge options on Austin street including Martha's Bakery, all conveniently locate 8 minutes away.<br /><br /><b>The space</b><br />Large, Boho-themed apartment. Your private bedroom is easily 3x the sizeif any typical NY Apartment! <br /><br />This space is the perfect mixture between work and play. Need to take care of some last minute work? No problem, please feel free to use the office space I have set up. After work ends, curl up on the couch (concertible sleeper sofa as well!) with some wine and watch TV. Or, turn on the LED lighting and have fun using the fitness pole in the studio s","This is a family-friendly area and is extremely safe. There are numerous parks, grocery stores, CVS/Walgreens, Subway lines, gyms, and Restaurants/bars/lounges/Billiards all within a 10 minute walk from the apartment","Christina","Floral Park, New York, United States","","1.0","1.0","True","1.0","1.0","True","True","Queens","Private room","2","1.0","1.0","1.0","[""Extra pillows and blankets"", ""Baking sheet"", ""TV"", ""Lock on bedroom door"", ""Free parking on premises"", ""Radiant heating"", ""Garnier conditioner"", ""Wine glasses"", ""Toaster"", ""First aid kit"", ""Hangers"", ""Long term stays allowed"", ""Portable fans"", ""Carbon monoxide alarm"", ""Mini fridge"", ""Cleaning products"", ""Wifi"", ""Board games"", ""Body soap"", ""Shampoo"", ""Dishes and silverware"", ""Game console: PS4"", ""Stainless steel oven"", ""Free street parking"", ""Essentials"", ""Hot water"", ""Kitchen"", ""Cooking basics"", ""Dedicated workspace"", ""Hair dryer"", ""Room-darkening shades"", ""Gas stove"", ""Smoke alarm"", ""Dining table"", ""Iron"", ""Freezer"", ""Elevator"", ""Refrigerator"", ""Bed linens"", ""Trash compactor"", ""Shower gel"", ""Clothing storage: closet"", ""Coffee maker""]","90.0","1","365","1.0","1.0","1125.0","1125.0","1.0","1125.0","True","4","34","64","64","2","2","2","4.5","5.0","4.5","4.0","5.0","4.5","True","1","0","1","0","2.0","1"
"One bedroom  apartment in historic Bed-Stuy","Welcome to our one bedroom intimate and cozy apartment nestled in the beautiful historic district of Bedford Stuyvesant , home to cultural icons like Jackie Robinson, Jay-Z, Duke Ellington and Spike Lee. <br /><br />Newly renovated and  inspired with luxury in mind with a fully equipped kitchen and all modern conveniences.  Sleeps up to 3 guests. * Please note that inquires for a gathering of more than 3 people will be declined.<br /><br />Kick back and relax in this calm, stylish space.","","Karen","US","","1.0","1.0","True","0.0","0.0","True","True","Brooklyn","Entire home/apt","3","1.0","1.0","1.0","[""Extra pillows and blankets"", ""Baking sheet"", ""Luggage dropoff allowed"", ""TV"", ""Indoor fireplace"", ""Security cameras on property"", ""Keurig coffee machine"", ""Hotel size, individual packed body soap"", ""Hot water kettle"", ""Wine glasses"", ""Toaster"", ""Microwave"", ""Central heating"", ""First aid kit"", ""Hangers"", ""Lockbox"", ""Long term stays allowed"", ""Portable fans"", ""Window AC unit"", ""Carbon monoxide alarm"", ""Clothing storage: dresser and closet"", ""Cleaning products"", ""Wifi"", ""Shampoo"", ""Dishes and silverware"", ""Stainless steel oven"", ""Free street parking"", ""Essentials"", ""Hot water"", ""Bathtub"", ""Stainless steel gas stove"", ""Kitchen"", ""Fire extinguisher"", ""Cooking basics"", ""Dedicated workspace"", ""Hair dryer"", ""Hotel size, individual packed conditioner"", ""Smoke alarm"", ""Dishwasher"", ""Dining table"", ""Iron"", ""Freezer"", ""Refrigerator"", ""Bed linens"", ""Shower gel"", ""Coffee maker""]","350.0","2","365","2.0","2.0","365.0","365.0","2.0","365.0","True","24","54","84","359","2","2","2","4.5","5.0","5.0","5.0","5.0","4.0","False","1","1","0","0","2.0","2"
"Boho Style  8 mins JFK airport 12min LGA airport","Boho Style Apartment♥Couples/Family Escape♥insta- worthy 8 mins from JFK ✈️ airport 12min LGA ✈️ airport 4 mins from Resorts World casino 🎰 New York™️","","Naz","Queens, New York, United States","","","","True","0.0","0.0","True","True","Queens","Entire home/apt","6","1.0","3.0","4.0","[""Cooking basics"", ""Fire extinguisher"", ""Window guards"", ""Smoke alarm"", ""Dishwasher"", ""Dishes and silverware"", ""Cleaning products"", ""Conditioner"", ""Body soap"", ""Hot water"", ""Free parking on premises"", ""Coffee maker"", ""Refrigerator"", ""Lockbox"", ""64\"" HDTV with Netflix, Roku"", ""Hair dryer"", ""Kitchen"", ""Microwave"", ""Bed linens"", ""Dining table"", ""Air conditioning"", ""Long term stays allowed"", ""Safe"", ""Single level home"", ""Bathtub"", ""Dedicated workspace: table"", ""Oven"", ""Shampoo"", ""Wine glasses"", ""Iron"", ""Central heating"", ""Wifi"", ""Essentials""]","206.0","1","1125","1.0","1.0","1125.0","1125.0","1.0","1125.0","True","16","46","76","351","5","5","5","4.4","4.8","5.0","5.0","4.4","4.4","False","1","1","0","0","5.0","2"
"Nice Room For a Comfortable Stay Brooklyn #3","Enjoy your stay in this peaceful and centrally-located private room at 3 minutes walk to  the L Subway, and 16 minutes to JFK Airport, and other ways to easily roam around Brooklyn on buses.","Our place is in a very safe dead end, and we are: <br />One block away from the 69th Precinct, <br />One block away from the Fire Department,<br />2 minutes walk from Canarsie Subway Station,<br />Many restaurants & supermarkets nearby.","Chemaly","Brooklyn, New York, United States","","1.0","1.0","True","0.0","0.0","True","True","Brooklyn","Private room","2","1.0","1.0","1.0","[""Lock on bedroom door"", ""Microwave"", ""Central heating"", ""Hangers"", ""Lockbox"", ""Carbon monoxide alarm"", ""Cleaning products"", ""Wifi"", ""Laundromat nearby"", ""Body soap"", ""Dishes and silverware"", ""Free street parking"", ""Essentials"", ""Hot water"", ""Bathtub"", ""Kitchen"", ""Fire extinguisher"", ""Dedicated workspace"", ""Smoke alarm"", ""Iron"", ""Refrigerator"", ""Bed linens"", ""Shower gel"", ""Portable heater""]","48.0","1","22","1.0","1.0","22.0","22.0","1.0","22.0","True","19","49","79","169","2","2","2","5.0","4.5","4.5","5.0","4.0","5.0","False","4","0","4","0","2.0","2"
"Lovely 1-bedroom with free parking and backyard","Kick back and relax in this calm, stylish space.<br /><br /><b>The space</b><br />Access to a spacious backyard with seating and dinning abilities.","Close to the major bus and train lines. Walking distance to the L train to Manhattan and the B6, B82, and the B14 bus lines. All within 5-10 mins walking distance.","Rashida","New York, New York, United States","","0.88","1.0","True","0.0","0.0","True","True","Brooklyn","Entire home/apt","3","1.0","1.0","","[""Cooking basics"", ""Security cameras on property"", ""Outdoor furniture"", ""Clothing storage: closet and dresser"", ""Fire extinguisher"", ""Hot water kettle"", ""Smoke alarm"", ""Dishes and silverware"", ""Cleaning products"", ""Extra pillows and blankets"", ""Dedicated workspace"", ""Conditioner"", ""Fire pit"", ""GE refrigerator"", ""Body soap"", ""Private fenced garden or backyard"", ""Free parking on premises"", ""Coffee maker"", ""Laundromat nearby"", ""TV"", ""Gas stove"", ""Outdoor dining area"", ""Toaster"", ""Freezer"", ""Hangers"", ""Kitchen"", ""Bed linens"", ""Microwave"", ""Long term stays allowed"", ""Air conditioning"", ""Radiant heating"", ""BBQ grill"", ""Single level home"", ""Carbon monoxide alarm"", ""Free street parking"", ""Board games"", ""Private entrance"", ""Shampoo"", ""GE stainless steel oven"", ""Wine glasses"", ""Iron"", ""Luggage dropoff allowed"", ""Wifi"", ""Essentials"", ""Samsung sound bar  Bluetooth sound system""]","180.0","1","365","1.0","1.0","365.0","365.0","1.0","365.0","True","7","37","67","342","1","1","1","5.0","5.0","5.0","5.0","5.0","5.0","True","1","1","0","0","1.0","7"
"East Harlem, 5 min to Subway 1 Bedroom, very clean","Very big unit (4 bedrooms). The guests will have the largest bedroom with a king size bed. Lot of light. Central but quit. High Ceilings. Elevator. Large windows. <br /><br />3 blocks (5-6 min) from the subway (6,5,4 and 2,3) <br /><br />Washer and dryer in the unit<br /><br />Fast wifi<br /><br />Many restaurants and bars around<br /><br />Free parking in the street<br /><br />No Smoking. No parties allowed.","","Magdalena","New York, New York, United States","","1.0","0.8","True","0.0","0.0","True","True","Manhattan","Private room","2","1.0","1.0","1.0","[""Extra pillows and blankets"", ""Luggage dropoff allowed"", ""Lock on bedroom door"", ""Free parking on premises"", ""Central heating"", ""Hangers"", ""Long term stays allowed"", ""Carbon monoxide alarm"", ""Washer"", ""Wifi"", ""Dishes and silverware"", ""Essentials"", ""Bathtub"", ""Kitchen"", ""Cooking basics"", ""Dedicated workspace"", ""Hair dryer"", ""Smoke alarm"", ""Iron"", ""Bed linens"", ""Free dryer \u2013 In unit""]","132.0","2","365","2.0","2.0","365.0","365.0","2.0","365.0","True","4","13","17","17","1","1","1","5.0","5.0","5.0","5.0","3.0","5.0","True","1","0","1","0","1.0","6"
"Master Comfort room in Brooklyn!Near SubwayStation","Amazing and comfortable space in Brooklyn, same street as subway. We are just around the corner from deli's, coffee shops and markets. The house is in a new building with amazing furniture. The room has a smart tv and wifi.<br />The whole group will enjoy easy access to everything from this centrally located place.","","Carlos","US","","0.99","0.99","True","6.0","6.0","True","True","Brooklyn","Private room","2","2.0","1.0","1.0","[""Hangers"", ""Keypad"", ""Kitchen"", ""Carbon monoxide alarm"", ""TV"", ""Fire extinguisher"", ""Security cameras on property"", ""Lock on bedroom door"", ""Wifi"", ""Free street parking"", ""Microwave"", ""Dishes and silverware"", ""Smoke alarm"", ""Air conditioning"", ""Essentials"", ""Hot water""]","65.0","1","10","1.0","1.0","1125.0","1125.0","1.0","1125.0","True","23","53","83","294","6","6","6","4.67","5.0","5.0","5.0","4.67","4.17","True","7","0","7","0","6.0","2"
"Lovely Room in Brooklyn! Same st Subway Station!","Amazing and comfortable space in Brooklyn, same street as subway. We are just around the corner from deli's, coffee shops and markets. The house is in a new building with amazing furniture. The room has a smart tv and wifi.","","Carlos","US","","0.99","0.99","True","6.0","6.0","True","True","Brooklyn","Private room","2","2.0","1.0","1.0","[""Hangers"", ""Keypad"", ""Kitchen"", ""Carbon monoxide alarm"", ""TV"", ""Fire extinguisher"", ""Security cameras on property"", ""Lock on bedroom door"", ""Wifi"", ""Free street parking"", ""Microwave"", ""Dishes and silverware"", ""Smoke alarm"", ""Air conditioning"", ""Essentials"", ""Hot water""]","66.0","1","10","1.0","1.0","1125.0","1125.0","1.0","1125.0","True","29","59","89","269","2","2","2","3.5","3.5","4.0","4.5","5.0","5.0","True","7","0","7","0","2.0","2"
"UNTITLED at Freeman-Charming Studio 316","Welcome to UNTITLED (Adj.) at 3 Freeman Alley!<br /><br />Charming Studio  in the heart of Lower East Side of Manhattan.<br /><br />Building entrance located off iconic Freeman Alley displaying ever changing street art from artists from all around the world.<br /><br />This location is the best place to relax and unwind after exploring and venturing out in the city.<br /><br />@freemanalley3untitled<br /><br /><b>The space</b><br />Cozy studio that has been newly renovated and smartly furnished including a queen size bed.<br /><br />Studio is equipped with all necessary amenities needed, shampoo/soap, conditioner, towels, linens, basic tableware, coffee, AC, heat, Bluetooth speaker, Smart TV for Android devices.<br /><br />* Additional housekeeping service and for replenishing is available for scheduling and for a fee.<br /><br />* We are doing light renovations throughout the building (Expect minor to no noise resulting from these renovations), please excuse our appearance.<br /><br /","","Karen","New York, New York, United States","I’m a New York native that loves to eat & enjoy traveling the world. I would love to host you for your visit. :)","1.0","0.99","True","31.0","31.0","True","True","Manhattan","Entire home/apt","2","1.0","1.0","1.0","[""Hangers"", ""Long term stays allowed"", ""Iron"", ""TV"", ""Carbon monoxide alarm"", ""Fire extinguisher"", ""Elevator"", ""Hair dryer"", ""Wifi"", ""Heating"", ""Shampoo"", ""Smoke alarm"", ""First aid kit"", ""Air conditioning"", ""Essentials""]","176.0","2","28","1.0","2.0","28.0","28.0","2.0","28.0","True","7","37","67","157","3","3","3","5.0","5.0","5.0","5.0","5.0","5.0","False","201","198","3","0","3.0","8"
"UNTITLED at Freeman-Charming Studio 315","Welcome to UNTITLED (Adj.) at 3 Freeman Alley!<br /><br />Charming Studio  in the heart of Lower East Side of Manhattan.<br /><br />Building entrance located off iconic Freeman Alley displaying ever changing street art from artists from all around the world.<br /><br />This location is the best place to relax and unwind after exploring and venturing out in the city.<br /><br />@freemanalley3untitled<br /><br /><b>The space</b><br />Cozy studio that has been newly renovated and smartly furnished including a queen size bed.<br /><br />Studio is equipped with all necessary amenities needed, shampoo/soap, conditioner, towels, linens, basic tableware, coffee, AC, heat, Bluetooth speaker, Smart TV for Android devices.<br /><br />* Additional housekeeping service and for replenishing is available for scheduling and for a fee.<br /><br />* We are doing light renovations throughout the building (Expect minor to no noise resulting from these renovations), please excuse our appearance.<br /><br /","","Karen","New York, New York, United States","I’m a New York native that loves to eat & enjoy traveling the world. I would love to host you for your visit. :)","1.0","0.99","True","31.0","31.0","True","True","Manhattan","Entire home/apt","2","1.0","1.0","1.0","[""Hangers"", ""Long term stays allowed"", ""Iron"", ""TV"", ""Elevator"", ""Hair dryer"", ""Wifi"", ""Heating"", ""Shampoo"", ""Air conditioning"", ""Essentials""]","171.0","2","28","2.0","2.0","28.0","28.0","2.0","28.0","True","8","38","68","158","5","5","5","5.0","5.0","5.0","5.0","5.0","5.0","False","201","198","3","0","5.0","8"
"The Best Room in Brooklyn + Deck Area!Near Subway!","Amazing and comfortable space in Brooklyn, same street as subway. We are just around the corner from deli's, coffee shops and markets. The house is in a new building with amazing furniture. The room has a smart tv and wifi.","","Carlos","US","","0.99","0.99","True","6.0","6.0","True","True","Brooklyn","Private room","2","2.0","1.0","1.0","[""Hangers"", ""Keypad"", ""Kitchen"", ""Carbon monoxide alarm"", ""TV"", ""Fire extinguisher"", ""Security cameras on property"", ""Lock on bedroom door"", ""Wifi"", ""Free street parking"", ""Microwave"", ""Dishes and silverware"", ""Smoke alarm"", ""Air conditioning"", ""Essentials"", ""Hot water""]","70.0","1","10","1.0","1.0","1125.0","1125.0","1.0","1125.0","True","29","59","89","300","3","3","3","4.0","4.0","4.33","4.33","4.67","4.67","True","7","0","7","0","3.0","2"
"UNTITLED at Freeman-Charming Studio 314","Welcome to UNTITLED (Adj.) at 3 Freeman Alley!<br /><br />Charming Studio  in the heart of Lower East Side of Manhattan.<br /><br />Building entrance located off iconic Freeman Alley displaying ever changing street art from artists from all around the world.<br /><br />This location is the best place to relax and unwind after exploring and venturing out in the city.<br /><br />@freemanalley3untitled<br /><br /><b>The space</b><br />Cozy studio that has been newly renovated and smartly furnished including a queen size bed.<br /><br />Studio is equipped with all necessary amenities needed, shampoo/soap, conditioner, towels, linens, basic tableware, coffee, AC, heat, Bluetooth speaker, Smart TV for Android devices.<br /><br />* Additional housekeeping service and for replenishing is available for scheduling and for a fee.<br /><br />* We are doing light renovations throughout the building (Expect minor to no noise resulting from these renovations), please excuse our appearance.<br /><br /","","Karen","New York, New York, United States","I’m a New York native that loves to eat & enjoy traveling the world. I would love to host you for your visit. :)","1.0","0.99","True","31.0","31.0","True","True","Manhattan","Entire home/apt","2","1.0","1.0","1.0","[""Hangers"", ""Long term stays allowed"", ""Iron"", ""TV"", ""Carbon monoxide alarm"", ""Fire extinguisher"", ""Elevator"", ""Hair dryer"", ""Wifi"", ""Heating"", ""Shampoo"", ""Smoke alarm"", ""First aid kit"", ""Air conditioning"", ""Essentials""]","171.0","2","28","2.0","2.0","28.0","28.0","2.0","28.0","True","3","33","63","153","3","3","3","5.0","5.0","5.0","5.0","5.0","5.0","False","201","198","3","0","3.0","8"
"UNTITLED at Freeman-Charming Studio 312","Welcome to UNTITLED (Adj.) at 3 Freeman Alley!<br /><br />Charming Studio  in the heart of Lower East Side of Manhattan.<br /><br />Building entrance located off iconic Freeman Alley displaying ever changing street art from artists from all around the world.<br /><br />This location is the best place to relax and unwind after exploring and venturing out in the city.<br /><br />@freemanalley3untitled<br /><br /><b>The space</b><br />Cozy studio that has been newly renovated and smartly furnished including a queen size bed.<br /><br />Studio is equipped with all necessary amenities needed, shampoo/soap, conditioner, towels, linens, basic tableware, coffee, AC, heat, Bluetooth speaker, Smart TV for Android devices.<br /><br />* Additional housekeeping service and for replenishing is available for scheduling and for a fee.<br /><br />* We are doing light renovations throughout the building (Expect minor to no noise resulting from these renovations), please excuse our appearance.<br /><br /","","Karen","New York, New York, United States","I’m a New York native that loves to eat & enjoy traveling the world. I would love to host you for your visit. :)","1.0","0.99","True","31.0","31.0","True","True","Manhattan","Entire home/apt","2","1.0","1.0","1.0","[""Hangers"", ""Long term stays allowed"", ""Iron"", ""TV"", ""Carbon monoxide alarm"", ""Fire extinguisher"", ""Elevator"", ""Hair dryer"", ""Wifi"", ""Heating"", ""Shampoo"", ""Smoke alarm"", ""First aid kit"", ""Air conditioning"", ""Essentials""]","171.0","2","28","1.0","2.0","28.0","28.0","2.0","28.0","True","13","43","73","163","1","1","1","5.0","5.0","5.0","5.0","5.0","4.0","False","201","198","3","0","1.0","8"
"Delightful 1 Bedroom with indoor  fire place.","Spacious, sunny, cozy bedroom with a queen size bed, apartment located in safe and lively Astoria neighborhood. The apartment is 6 min walking from subway (20 min ride to Times Square / 10 min ride to Central Park. La guardia Airport is 6 min by cab  away or 12 min by bus stopping 1 block away from the apartment. JFK airport 30 min away by cab )","","Yancis","Queens, New York, United States","","1.0","1.0","True","0.0","0.0","True","True","Queens","Private room","2","1.0","1.0","","[""Extra pillows and blankets"", ""TV"", ""Indoor fireplace"", ""Security cameras on property"", ""Lock on bedroom door"", ""Microwave"", ""Central heating"", ""Hangers"", ""Ceiling fan"", ""Long term stays allowed"", ""Cleaning products"", ""Wifi"", ""Laundromat nearby"", ""Shampoo"", ""Dishes and silverware"", ""Air conditioning"", ""Free street parking"", ""Essentials"", ""Hot water"", ""Conditioner"", ""Safe"", ""Kitchen"", ""Hair dryer"", ""Room-darkening shades"", ""Smoke alarm"", ""Iron"", ""Refrigerator"", ""Bed linens"", ""Shower gel""]","60.0","1","1125","1.0","1.0","1125.0","1125.0","1.0","1125.0","True","11","41","71","161","1","1","1","5.0","5.0","5.0","5.0","5.0","5.0","True","1","0","1","0","1.0","6"
"NiceRoom/NearConeyIsland/PresbyterianHospitals.","Nice and quiet small room.  Tourists and people in general  are welcomed to stay. Great for doctors and medical students coming to Coney Island, Presbyterian Hospitals and many clinics near by. Train N 2 min away plus the D, F train near as well.Laundry on the site. Shared bathroom with us but clean. Its a nice and quiet area. Coney Island and Brighton beach a few minutes away. 2nd floor apt. So there are stairs. For now we don't offer wifi or internet but eventually will be a available.","","Jorge","US","","","","True","0.0","0.0","True","True","Brooklyn","Private room","1","1.0","1.0","","[""TV"", ""Security cameras on property"", ""Lock on bedroom door"", ""Keurig coffee machine"", ""Hot water kettle"", ""Radiant heating"", ""Toaster"", ""Microwave"", ""First aid kit"", ""Single level home"", ""Hangers"", ""Long term stays allowed"", ""Portable fans"", ""Carbon monoxide alarm"", ""Mini fridge"", ""Laundromat nearby"", ""Body soap"", ""Shampoo"", ""Host greets you"", ""Air conditioning"", ""Free street parking"", ""Essentials"", ""Hot water"", ""Bathtub"", ""Conditioner"", ""Kitchen"", ""Fire extinguisher"", ""Cooking basics"", ""Dedicated workspace"", ""Hair dryer"", ""Stove"", ""Smoke alarm"", ""Iron"", ""Freezer"", ""Oven"", ""Refrigerator"", ""Bed linens"", ""Coffee maker""]","40.0","5","365","5.0","5.0","365.0","365.0","5.0","365.0","True","29","59","89","364","1","1","1","5.0","5.0","5.0","5.0","5.0","5.0","True","1","0","1","0","1.0","1"
"Cozy 1 Bedroom Rental Unit in Bronx, NY","Kick back and relax in this calm, stylish space.","","Cristina","US","","0.95","0.88","True","0.0","0.0","True","True","Bronx","Entire home/apt","2","1.0","1.0","","[""Air conditioning"", ""Fire extinguisher"", ""Security cameras on property"", ""Lockbox"", ""Body soap"", ""Iron"", ""First aid kit"", ""Central heating"", ""TV"", ""Wifi"", ""Smoke alarm"", ""Kitchen"", ""Long term stays allowed""]","194.0","1","60","1.0","1.0","60.0","60.0","1.0","60.0","True","29","59","89","179","1","1","1","5.0","5.0","5.0","5.0","5.0","5.0","False","1","1","0","0","1.0","1"
"City line Private room. Near Train/Food","Cozy private room with all you need on the 4th floor walk-up in Crown Heights!<br /><br />Fabulous location with the 3 train line on the corner making it easy to explore the city. <br /><br />A short walk to Prospect Park, Brooklyn Botanic Garden, delicious cafes and eateries, nightlife, shopping, and more!","","Eric","Brooklyn, New York, United States","","0.99","0.98","True","24.0","24.0","True","True","Brooklyn","Private room","2","1.0","1.0","1.0","[""TV"", ""Lock on bedroom door"", ""Hot water kettle"", ""Toaster"", ""Microwave"", ""First aid kit"", ""Hangers"", ""Lockbox"", ""Long term stays allowed"", ""Carbon monoxide alarm"", ""Cleaning products"", ""Wifi"", ""Heating"", ""Body soap"", ""Shampoo"", ""Dishes and silverware"", ""Air conditioning"", ""Free street parking"", ""Essentials"", ""Hot water"", ""Kitchen"", ""Fire extinguisher"", ""Clothing storage"", ""Cooking basics"", ""Dedicated workspace"", ""Hair dryer"", ""Stove"", ""Smoke alarm"", ""Dishwasher"", ""Iron"", ""Freezer"", ""Oven"", ""Refrigerator"", ""Bed linens"", ""Shower gel""]","66.0","3","1125","3.0","3.0","1125.0","1125.0","3.0","1125.0","True","14","44","74","164","3","3","3","3.67","4.33","4.0","3.67","3.67","3.67","True","24","0","24","0","3.0","8"
"Private Room On Top Of The World - Near Train/Food","Spacious private room with all you need on the 4th floor walk-up in Crown Heights!<br /><br />Fabulous location with the 3 train line on the corner making it easy to explore the city.<br /><br />A short walk to Prospect Park, Brooklyn Botanic Garden, delicious cafes and eateries, nightlife, shopping, and more!","","Eric","Brooklyn, New York, United States","","0.99","0.98","True","24.0","24.0","True","True","Brooklyn","Private room","2","1.0","1.0","1.0","[""Extra pillows and blankets"", ""TV"", ""Lock on bedroom door"", ""Free parking on premises"", ""Hot water kettle"", ""Toaster"", ""Microwave"", ""First aid kit"", ""Hangers"", ""Lockbox"", ""Long term stays allowed"", ""Carbon monoxide alarm"", ""Cleaning products"", ""Wifi"", ""Heating"", ""Body soap"", ""Shampoo"", ""Dishes and silverware"", ""Air conditioning"", ""Free street parking"", ""Essentials"", ""Hot water"", ""Kitchen"", ""Clothing storage"", ""Cooking basics"", ""Dedicated workspace"", ""Hair dryer"", ""Stove"", ""Smoke alarm"", ""Dishwasher"", ""Iron"", ""Freezer"", ""Oven"", ""Refrigerator"", ""Bed linens"", ""Shower gel""]","75.0","3","1125","3.0","3.0","1125.0","1125.0","3.0","1125.0","True","12","39","69","159","2","2","2","4.0","3.5","5.0","5.0","4.5","3.0","True","24","0","24","0","2.0","8"
"Modern Private room Pvt half bath. Near Train/Food","Spacious private room with all you need on the 4th floor walk-up in Crown Heights!<br /><br />Fabulous location with the 3 train line on the corner making it easy to explore the city.<br /><br />A short walk to Prospect Park, Brooklyn Botanic Garden, delicious cafes and eateries, nightlife, shopping, and more!<br /><br /><b>Guest access</b><br />There's free street parking outside and the 3 train line is on the corner less than a 1-minute walk.","","Eric","Brooklyn, New York, United States","","0.99","0.98","True","24.0","24.0","True","True","Brooklyn","Private room","2","1.0","1.0","1.0","[""Extra pillows and blankets"", ""TV"", ""Lock on bedroom door"", ""Free parking on premises"", ""Hot water kettle"", ""Toaster"", ""Microwave"", ""First aid kit"", ""Hangers"", ""Lockbox"", ""Long term stays allowed"", ""Carbon monoxide alarm"", ""Cleaning products"", ""Wifi"", ""Heating"", ""Body soap"", ""Shampoo"", ""Dishes and silverware"", ""Air conditioning"", ""Free street parking"", ""Essentials"", ""Hot water"", ""Kitchen"", ""Clothing storage"", ""Cooking basics"", ""Dedicated workspace"", ""Hair dryer"", ""Stove"", ""Smoke alarm"", ""Dishwasher"", ""Iron"", ""Freezer"", ""Oven"", ""Refrigerator"", ""Bed linens"", ""Shower gel""]","85.0","3","1125","3.0","3.0","1125.0","1125.0","3.0","1125.0","True","20","50","80","170","1","1","1","5.0","5.0","5.0","5.0","5.0","5.0","True","24","0","24","0","1.0","8"
"Wonderful & Cozy Private room. Near Train/Food","Cozy private room with all you need on the 4th floor walk-up in Crown Heights!<br /><br />Fabulous location with the 3 train line on the corner making it easy to explore the city. <br /><br />A short walk to Prospect Park, Brooklyn Botanic Garden, delicious cafes and eateries, nightlife, shopping, and more!","","Eric","Brooklyn, New York, United States","","0.99","0.98","True","24.0","24.0","True","True","Brooklyn","Private room","2","1.0","1.0","1.0","[""TV"", ""Lock on bedroom door"", ""Free parking on premises"", ""Hot water kettle"", ""Toaster"", ""Microwave"", ""First aid kit"", ""Hangers"", ""Lockbox"", ""Long term stays allowed"", ""Carbon monoxide alarm"", ""Cleaning products"", ""Wifi"", ""Heating"", ""Body soap"", ""Shampoo"", ""Dishes and silverware"", ""Air conditioning"", ""Free street parking"", ""Essentials"", ""Hot water"", ""Kitchen"", ""Clothing storage"", ""Cooking basics"", ""Dedicated workspace"", ""Hair dryer"", ""Stove"", ""Smoke alarm"", ""Dishwasher"", ""Iron"", ""Freezer"", ""Oven"", ""Refrigerator"", ""Bed linens"", ""Shower gel""]","65.0","3","1125","3.0","3.0","1125.0","1125.0","3.0","1125.0","True","12","42","72","162","1","1","1","3.0","5.0","2.0","2.0","5.0","5.0","True","24","0","24","0","1.0","8"
"Empire State Private room. Near Train/Food","Spacious private room with all you need on the 4th floor walk-up in Crown Heights!<br /><br />Fabulous location with the 3 train line on the corner making it easy to explore the city. <br /><br />A short walk to Prospect Park, Brooklyn Botanic Garden, delicious cafes and eateries, nightlife, shopping, and more!","","Eric","Brooklyn, New York, United States","","0.99","0.98","True","24.0","24.0","True","True","Brooklyn","Private room","2","1.0","1.0","1.0","[""TV"", ""Lock on bedroom door"", ""Free parking on premises"", ""Hot water kettle"", ""Toaster"", ""Microwave"", ""Lockbox"", ""Ceiling fan"", ""Long term stays allowed"", ""Carbon monoxide alarm"", ""Cleaning products"", ""Wifi"", ""Heating"", ""Body soap"", ""Shampoo"", ""Dishes and silverware"", ""Air conditioning"", ""Free street parking"", ""Essentials"", ""Hot water"", ""Kitchen"", ""Clothing storage"", ""Cooking basics"", ""Dedicated workspace"", ""Hair dryer"", ""Stove"", ""Smoke alarm"", ""Dishwasher"", ""Iron"", ""Freezer"", ""Oven"", ""Refrigerator"", ""Bed linens"", ""Shower gel""]","70.0","3","1125","2.0","3.0","1125.0","1125.0","3.0","1125.0","True","6","36","66","156","2","2","2","4.0","3.5","5.0","4.5","4.5","5.0","True","24","0","24","0","2.0","8"
"Brooklyn Bridge Private room. Near Train/Food","Modern & spacious private room with all you need in Crown Heights!<br /><br />Fabulous location with the 3 train line on the corner making it easy to explore the city. <br /><br />A short walk to Prospect Park, Brooklyn Botanic Garden, delicious cafes and eateries, nightlife, shopping, and more!<br /><br /><b>Guest access</b><br />There's free street parking outside and the 3 train line is on the corner less than a 1-minute walk.","","Eric","Brooklyn, New York, United States","","0.99","0.98","True","24.0","24.0","True","True","Brooklyn","Private room","2","1.0","1.0","1.0","[""TV"", ""Lock on bedroom door"", ""Hot water kettle"", ""Toaster"", ""Microwave"", ""First aid kit"", ""Hangers"", ""Lockbox"", ""Long term stays allowed"", ""Carbon monoxide alarm"", ""Cleaning products"", ""Wifi"", ""Heating"", ""Body soap"", ""Shampoo"", ""Dishes and silverware"", ""Air conditioning"", ""Free street parking"", ""Essentials"", ""Hot water"", ""Kitchen"", ""Clothing storage"", ""Cooking basics"", ""Dedicated workspace"", ""Hair dryer"", ""Stove"", ""Smoke alarm"", ""Dining table"", ""Iron"", ""Freezer"", ""Oven"", ""Refrigerator"", ""Bed linens"", ""Shower gel""]","85.0","3","1125","3.0","3.0","1125.0","1125.0","3.0","1125.0","True","19","49","79","169","1","1","1","5.0","4.0","5.0","5.0","5.0","4.0","True","24","0","24","0","1.0","8"
"Manhattan Bridge Private room. Near Train/Food","Modern & spacious private room with all you need in Crown Heights!<br /><br />Fabulous location with the 3 train line on the corner making it easy to explore the city. <br /><br />A short walk to Prospect Park, Brooklyn Botanic Garden, delicious cafes and eateries, nightlife, shopping, and more!<br /><br /><b>Guest access</b><br />There's free street parking outside and the 3 train line is on the corner less than a 1-minute walk.","","Eric","Brooklyn, New York, United States","","0.99","0.98","True","24.0","24.0","True","True","Brooklyn","Private room","2","1.0","1.0","1.0","[""TV"", ""Lock on bedroom door"", ""Hot water kettle"", ""Toaster"", ""Microwave"", ""Hangers"", ""Lockbox"", ""Long term stays allowed"", ""Carbon monoxide alarm"", ""Cleaning products"", ""Wifi"", ""Heating"", ""Body soap"", ""Shampoo"", ""Dishes and silverware"", ""Air conditioning"", ""Free street parking"", ""Essentials"", ""Hot water"", ""Kitchen"", ""Fire extinguisher"", ""Clothing storage"", ""Cooking basics"", ""Dedicated workspace"", ""Hair dryer"", ""Stove"", ""Smoke alarm"", ""Dining table"", ""Iron"", ""Freezer"", ""Oven"", ""Refrigerator"", ""Bed linens""]","85.0","3","1125","2.0","3.0","1125.0","1125.0","3.0","1125.0","True","12","41","71","161","1","1","1","5.0","5.0","5.0","5.0","5.0","5.0","True","24","0","24","0","1.0","8"
"Statue Liberty Private room. Nearly Train/Food","Modern & cozy private room with all you need in Crown Heights!<br /><br />Fabulous location with the 3 train line on the corner making it easy to explore the city. <br /><br />A short walk to Prospect Park, Brooklyn Botanic Garden, delicious cafes and eateries, nightlife, shopping, and more!<br /><br /><b>Guest access</b><br />There's free street parking outside and the 3 train line is on the corner less than a 1-minute walk.","","Eric","Brooklyn, New York, United States","","0.99","0.98","True","24.0","24.0","True","True","Brooklyn","Private room","2","1.0","1.0","1.0","[""TV"", ""Lock on bedroom door"", ""Free parking on premises"", ""Toaster"", ""Microwave"", ""Hangers"", ""Lockbox"", ""Long term stays allowed"", ""Carbon monoxide alarm"", ""Cleaning products"", ""Wifi"", ""Heating"", ""Body soap"", ""Shampoo"", ""Dishes and silverware"", ""Air conditioning"", ""Free street parking"", ""Essentials"", ""Hot water"", ""Kitchen"", ""Fire extinguisher"", ""Clothing storage"", ""Cooking basics"", ""Dedicated workspace"", ""Hair dryer"", ""Stove"", ""Smoke alarm"", ""Dining table"", ""Iron"", ""Freezer"", ""Oven"", ""Refrigerator"", ""Bed linens""]","75.0","3","1125","3.0","3.0","1125.0","1125.0","3.0","1125.0","True","18","48","78","168","1","1","1","5.0","4.0","5.0","4.0","5.0","5.0","True","24","0","24","0","1.0","8"
"Lovely one bedroom apartment in Astoria","This unique place has a style all its own. The flat is on first floor, has lots of natural  sunlight can accommodate 4 guests with sofa bed. Enjoy a good nights sleep on a comfortable queen size bed and pls feel free to use everything in the unit. It’s only 3 stops away from the city. Take the N W or R train which are each 3 blocks away and voila super easy and convenient and we are 12mins away from LGA airport. You will also be close to the many different cuisines that Astoria has to offer.<br /><br /><b>The space</b><br />Entire apartment on first floor","","Lisa","","","1.0","1.0","True","2.0","2.0","True","True","Queens","Entire home/apt","4","1.0","1.0","1.0","[""Extra pillows and blankets"", ""Baking sheet"", ""Luggage dropoff allowed"", ""TV"", ""Security cameras on property"", ""Wine glasses"", ""Toaster"", ""Central heating"", ""First aid kit"", ""Hangers"", ""Carbon monoxide alarm"", ""Olay  body soap"", ""Cleaning products"", ""Wifi"", ""Shampoo"", ""Dishes and silverware"", ""Private entrance"", ""Air conditioning"", ""Essentials"", ""Conditioner"", ""Kitchen"", ""Fire extinguisher"", ""Cooking basics"", ""Dedicated workspace"", ""Hair dryer"", ""Room-darkening shades"", ""Stove"", ""Rice maker"", ""Smoke alarm"", ""Iron"", ""Freezer"", ""Oven"", ""Refrigerator"", ""Bed linens"", ""Shower gel"", ""Coffee maker""]","160.0","4","14","4.0","4.0","1125.0","1125.0","4.0","1125.0","True","1","30","60","335","2","2","2","5.0","4.5","5.0","5.0","4.5","5.0","True","1","1","0","0","2.0","2"
"Big Apple Private room. Near Train/Food","Modern & cozy private room with all you need in Crown Heights!<br /><br />Fabulous location with the 3 train line on the corner making it easy to explore the city. <br /><br />A short walk to Prospect Park, Brooklyn Botanic Garden, delicious cafes and eateries, nightlife, shopping, and more!<br /><br /><b>Guest access</b><br />There's free street parking outside and the 3 train line is on the corner less than a 1-minute walk.","","Eric","Brooklyn, New York, United States","","0.99","0.98","True","24.0","24.0","True","True","Brooklyn","Private room","2","1.0","1.0","1.0","[""TV"", ""Lock on bedroom door"", ""Hot water kettle"", ""Toaster"", ""Microwave"", ""Hangers"", ""Lockbox"", ""Long term stays allowed"", ""Carbon monoxide alarm"", ""Cleaning products"", ""Wifi"", ""Heating"", ""Body soap"", ""Shampoo"", ""Dishes and silverware"", ""Air conditioning"", ""Free street parking"", ""Essentials"", ""Hot water"", ""Kitchen"", ""Fire extinguisher"", ""Clothing storage"", ""Cooking basics"", ""Dedicated workspace"", ""Hair dryer"", ""Stove"", ""Smoke alarm"", ""Dining table"", ""Iron"", ""Freezer"", ""Oven"", ""Refrigerator"", ""Bed linens""]","79.0","3","1125","3.0","3.0","1125.0","1125.0","3.0","1125.0","True","18","48","78","168","1","1","1","3.0","1.0","5.0","3.0","4.0","3.0","True","24","0","24","0","1.0","8"
"Awesome room in Queens!! Close to MANHATTAN!","Located only 5-10 minutes away from Manhattan, walking distance from the Subway station, supermarkets and restaurants. The apartment is perfect for people looking to explore the city and get some nice rest at our spacious and comfy room! The room has a great bed + Smart Tv + Wifi + AC!<br />Another plus is that we are less than 10m driving to LGA airport!","","Maria","New York, New York, United States","","1.0","1.0","True","0.0","0.0","True","True","Queens","Private room","2","1.0","1.0","1.0","[""Hangers"", ""Keypad"", ""Iron"", ""TV"", ""Carbon monoxide alarm"", ""Security cameras on property"", ""Lock on bedroom door"", ""Hair dryer"", ""Wifi"", ""Heating"", ""Smoke alarm"", ""Air conditioning"", ""Essentials""]","70.0","1","10","1.0","1.0","1125.0","1125.0","1.0","1125.0","True","15","45","75","255","7","7","7","4.57","4.43","5.0","5.0","5.0","4.86","True","12","0","12","0","7.0","2"
"Luxury Penthouse Bedroom Apartment with Terrace","Take it easy at this luxurious, unique, and tranquil getaway. Stay in the heart of Jamaica queens in a beautiful Penthouse apartment with parking and builidng amenities. The apartment features a master bedroom with en-suite bathroom as well as a terrace with views. It is one block from the J train and other transportation by Jamaica Ave. Easy access to the LIRR and the JFK air train at Sutphin Blvd.  Only 15 minutes from the airport. Close to a lot of stores and restaurants for eating.<br /><br /><b>The space</b><br />The apartment is extremely neat and spacious. It features two bedrooms, in unit laundry, stainless steel appliances, a 70 inch 4K television in living room. One of the bedrooms has an en-suite bathroom and outdoor terrace attached.<br /><br /><b>Guest access</b><br />Street parking is limited.","","Omelie","Brooklyn, New York, United States","","1.0","0.94","True","0.0","0.0","True","True","Queens","Entire home/apt","4","2.0","2.0","2.0","[""BBQ grill"", ""TV"", ""Private patio or balcony"", ""Microwave"", ""Central heating"", ""Free washer \u2013 In unit"", ""Ethernet connection"", ""Lockbox"", ""Long term stays allowed"", ""Carbon monoxide alarm"", ""Cleaning products"", ""Wifi"", ""Laundromat nearby"", ""Dishes and silverware"", ""Private entrance"", ""Private gym"", ""Air conditioning"", ""Stainless steel oven"", ""Essentials"", ""Hot water"", ""Bathtub"", ""Free street parking"", ""Safe"", ""Kitchen"", ""Fire extinguisher"", ""Cooking basics"", ""Dedicated workspace"", ""Room-darkening shades"", ""Stove"", ""Clothing storage: closet and walk-in closet"", ""Build in speakers  Bluetooth sound system"", ""Smoke alarm"", ""Dishwasher"", ""Iron"", ""Freezer"", ""Elevator"", ""Pool table"", ""Refrigerator"", ""Bed linens"", ""Free dryer \u2013 In unit""]","200.0","2","1125","2.0","2.0","1125.0","1125.0","2.0","1125.0","True","3","30","60","60","4","4","4","5.0","5.0","5.0","5.0","5.0","5.0","False","1","1","0","0","4.0","4"
"Nice room in the Bronx , close of everything","Your family will be close to everything when you stay at this centrally-located place.<br /><br /><b>Guest access</b><br />Room and bathroom<br /><br /><b>Other things to note</b><br />There is the Italian neighborhood with amazing restaurants<br />The Bronx zoo<br />The botanic garden <br />All of them less than a mile away!","university highs","Jarol E","New York, New York, United States","","","","True","0.0","0.0","True","True","Bronx","Private room","2","1.0","1.0","1.0","[""Carbon monoxide alarm"", ""Fire extinguisher"", ""Cleaning products"", ""Wifi"", ""Portable heater"", ""32\"" HDTV with Apple TV, Netflix"", ""Smoke alarm"", ""First aid kit"", ""Air conditioning"", ""Essentials""]","53.0","1","7","1.0","1.0","1125.0","1125.0","1.0","1125.0","True","20","50","80","355","1","1","1","1.0","1.0","1.0","1.0","1.0","1.0","True","1","0","1","0","1.0","2"
"Lovely Spacious 1 bedroom Studio Apt in Heart of BK NY","Lovely Spacious 1 Bedroom studio apartment. Full walk in kitchen and bathroom. 3 huge closets with dresser. Pull out leather couch. Desk workspace. GREAT LOCATION. 10 min walk to F and Q Train. 15 min walk to Prospect Park. 5 min walk to bars, restaurants, and activities. Safe area, quiet, and comfortable for all travelers!!","","Sarah","New York, New York, United States","","1.0","0.89","True","0.0","0.0","True","True","Brooklyn","Entire home/apt","4","1.0","1.0","1.0","[""Extra pillows and blankets"", ""TV"", ""Security cameras on property"", ""Free parking on premises"", ""Radiant heating"", ""Wine glasses"", ""Toaster"", ""Microwave"", ""First aid kit"", ""Hangers"", ""Lockbox"", ""Long term stays allowed"", ""Carbon monoxide alarm"", ""Cleaning products"", ""Wifi"", ""Laundromat nearby"", ""Body soap"", ""Shampoo"", ""Dishes and silverware"", ""Air conditioning"", ""Free street parking"", ""Essentials"", ""Washer \u2013\u00a0In building"", ""Bathtub"", ""Hot water"", ""Conditioner"", ""Kitchen"", ""Cooking basics"", ""Dedicated workspace"", ""Gas stove"", ""Smoke alarm"", ""Clothing storage: closet, walk-in closet, and dresser"", ""Dining table"", ""Iron"", ""Freezer"", ""Oven"", ""Elevator"", ""Refrigerator"", ""Bed linens"", ""Paid dryer \u2013 In building"", ""Shower gel"", ""Coffee maker""]","157.0","1","365","1.0","4.0","365.0","365.0","1.1","365.0","True","19","49","79","354","3","3","3","5.0","5.0","4.67","5.0","4.67","5.0","False","1","1","0","0","3.0","1"
"CLEAN, SAFE AND COZY ROOM IN THE HEART OF BROOKLYN","Newly renovated apartment in the heart of Brooklyn. <br />- 5minutes to Q, B  train Kings highway station; 35 mins to Manhattan,<br />-24hour grocery store nearby, Lots of coffees,restaurants, banks , gum <br />- Private room in 2 bedroom apartment. Cozy place for visitors and professionals.<br />-Please let me know your approximate check in time. ( at least one hour before ) <br /><br />-Using disinfectants to clean. <br />-Washing linens at a high heat setting. <br />-Hand sanitizers are available in the room.","","Sam","Brooklyn, New York, United States","","1.0","0.5","True","1.0","1.0","True","True","Brooklyn","Private room","2","1.0","1.0","1.0","[""Security cameras on property"", ""Lock on bedroom door"", ""Keurig coffee machine"", ""Mosquito net"", ""Microwave"", ""Central heating"", ""Bidet"", ""First aid kit"", ""Hangers"", ""Carbon monoxide alarm"", ""Cleaning products"", ""Wifi"", ""Laundromat nearby"", ""Body soap"", ""Shampoo"", ""Dishes and silverware"", ""Air conditioning"", ""Free street parking"", ""Essentials"", ""Hot water"", ""Bathtub"", ""Kitchen"", ""Cooking basics"", ""Dedicated workspace"", ""Hair dryer"", ""Clothing storage: closet and walk-in closet"", ""Smoke alarm"", ""Dishwasher"", ""Dining table"", ""Iron"", ""Freezer"", ""Oven"", ""Elevator"", ""Refrigerator"", ""Bed linens"", ""Shower gel"", ""Coffee maker""]","60.0","2","27","2.0","2.0","27.0","27.0","2.0","27.0","True","8","36","62","62","6","6","6","5.0","5.0","5.0","5.0","5.0","5.0","False","1","0","1","0","6.0","2"
"Super Private Room in Manhattan, Close to Subway","Enjoy easy access to everything, only a half block to the subway A/C/B/D line and all across town buses. Great park right across the street with a city swimming pool, an amphitheater with live music, playground and basketball courts.<br />Starbucks, supermarkets, pharmacies, restaurants, salons, bars and all types of stores in less than a 5 min walk.<br /><br /><b>The space</b><br />One bedroom in a quiet building, very private","","Eric","US","","1.0","0.95","True","2.0","2.0","True","True","Manhattan","Private room","1","1.0","1.0","1.0","[""Extra pillows and blankets"", ""Baking sheet"", ""Luggage dropoff allowed"", ""Lock on bedroom door"", ""Keurig coffee machine"", ""Free parking on premises"", ""Hot water kettle"", ""Toaster"", ""Microwave"", ""First aid kit"", ""Hangers"", ""Long term stays allowed"", ""Portable fans"", ""Carbon monoxide alarm"", ""Cleaning products"", ""Wifi"", ""Board games"", ""Laundromat nearby"", ""Heating"", ""Shampoo"", ""Dishes and silverware"", ""Air conditioning"", ""Free street parking"", ""Essentials"", ""Hot water"", ""Bathtub"", ""Conditioner"", ""Kitchen"", ""Fire extinguisher"", ""Clothing storage"", ""Cooking basics"", ""Dedicated workspace: desk"", ""Hair dryer"", ""Room-darkening shades"", ""Stove"", ""Smoke alarm"", ""Dining table"", ""Iron"", ""Freezer"", ""Oven"", ""Paid parking off premises"", ""Refrigerator"", ""Bed linens"", ""Coffee maker""]","65.0","1","365","1.0","1.0","365.0","365.0","1.0","365.0","True","9","37","67","67","8","8","8","4.75","4.75","4.75","4.63","4.25","4.75","True","2","0","2","0","8.0","2"
"Lovely and comfort 10 min LGA🛩 20 min Manhattan🏙","Hello welcome to a very friendly and great calm neighborhood. Around it there are several restaurants where you can enjoy a great multicultural gastronomic variety that will allow you to know other cultural ones through the palate.  Thank you for choosing us.<br /><br /><b>The space</b><br />our rooms are spacious, clean and comfortable.<br /><br /><b>Guest access</b><br />There is plenty of public transportation near by, where you coule take the bus only one block away and train is two blocks away near our location. Very close to Manhattan and only 20 minutes away from places such as Times Square and 5th avenue where you could enjoy the commerce, fashion, movie theaters from New York.","very friendly and great calm neighborhood","Manuela","US","","1.0","1.0","True","0.0","0.0","True","True","Queens","Private room","2","1.0","1.0","1.0","[""Extra pillows and blankets"", ""Luggage dropoff allowed"", ""Security cameras on property"", ""Lock on bedroom door"", ""Hot water kettle"", ""Microwave"", ""Central heating"", ""First aid kit"", ""Single level home"", ""Hangers"", ""Ethernet connection"", ""Ceiling fan"", ""Long term stays allowed"", ""Carbon monoxide alarm"", ""Cleaning products"", ""Wifi"", ""Laundromat nearby"", ""Body soap"", ""Shampoo"", ""Dishes and silverware"", ""Air conditioning"", ""Free street parking"", ""Essentials"", ""Hot water"", ""Conditioner"", ""Kitchen"", ""Fire extinguisher"", ""Cooking basics"", ""Dedicated workspace"", ""Hair dryer"", ""Stove"", ""Paid street parking off premises"", ""Smoke alarm"", ""Dining table"", ""Freezer"", ""Children\u2019s books and toys for ages 2-5 years old"", ""Refrigerator"", ""Bed linens"", ""Clothing storage: closet"", ""Coffee maker""]","55.0","1","365","1.0","1.0","365.0","365.0","1.0","365.0","True","0","22","49","300","6","6","6","4.83","5.0","5.0","4.33","4.67","4.5","True","2","0","2","0","6.0","2"
"Cozy - Private Bedroom in Queens Village","Make yourself at home! Relax & enjoy your stay in this clean & cozy 2nd Floor one bedroom apartment, located in Queens Village. <br />Easy access to public transportation, located on a residential street only 15 minutes from JFK airport, LIRR, and Jamaica Ave shopping district. Jamaica LIRR is an easy two stops away from NYC.<br />25 minutes from night life fun on Steinway Street; which is filled with bars, lounges and restaurants.<br />Guest has total access to one bedroom and entire apartment.<br /><br /><b>The space</b><br />Cozy 2nd Floor one bedroom<br /><br /><b>Guest access</b><br />Private bedroom & entire apartment","Quick bites to eat, grocery store minutes away. LIRR 15 minutes away, JFK 20 minutes, 30 minutes to NYC.","Yvette","New York, United States","Hey everyone I’m from Long Island but I find myself in the City a bit too much...
I'm  very picky in my own space, so I would treat your space with the same respect. I look forward to being your guest.  ☺️
","1.0","0.86","True","0.0","0.0","True","True","Queens","Private room","1","1.0","1.0","1.0","[""Dishes and silverware"", ""Cleaning products"", ""Air conditioning"", ""Cooking basics"", ""Security cameras on property"", ""Bathtub"", ""Lockbox"", ""TRESemm\u00e9 shampoo"", ""Hot water"", ""Hangers"", ""Iron"", ""Free parking on premises"", ""Kitchen"", ""TV"", ""Wifi"", ""Smoke alarm"", ""Essentials"", ""Long term stays allowed""]","45.0","3","1125","3.0","3.0","1125.0","1125.0","3.0","1125.0","True","6","24","54","54","1","1","1","5.0","5.0","5.0","5.0","5.0","5.0","False","1","0","1","0","1.0","4"
"Modern 1 bedroom duplex in East NY, Brooklyn","Our beautiful and modern one bedroom duplex is perfect for you. Featuring a gorgeous spiral staircase, our East NY apartment unwinds from the living room to a spacious one bedroom space with a flat screen tv, a computer desk, a lounge area, and a bed for tranquility. With the living room on the main floor featuring a full sized pull out sofa bed, and a half bathroom on the ground level, this space can double as a two bedroom, perfect for two couples or adults with two children.<br /><br /><b>The space</b><br />This brand new building has a key code to the apartment and key for easy access and we have a lockbox for a seamless check in process. The apartment has a fridge, toaster, oven, pots and pans, and a Keurig coffee machine, along with two TVs, free WiFi, and much more to make your stay comfortable and worthwhile.<br /><br /><b>Guest access</b><br />Guests have access to the entire apartment<br /><br /><b>Other things to note</b><br />No smoking or parties. Any indication of smoking","","Philicia","New York, New York, United States","I’m a NY native and love helping people get the best experience in my hometown. There’s always something to do in the city that never sleeps and I love showing people why NYC is the best place to visit.","1.0","1.0","True","0.0","0.0","True","True","Brooklyn","Entire home/apt","4","1.5","1.0","2.0","[""Extra pillows and blankets"", ""TV"", ""Security cameras on property"", ""Keurig coffee machine"", ""Wine glasses"", ""Toaster"", ""Microwave"", ""Central heating"", ""First aid kit"", ""Long term stays allowed"", ""Carbon monoxide alarm"", ""Cleaning products"", ""Wifi"", ""Body soap"", ""Shampoo"", ""Dishes and silverware"", ""Air conditioning"", ""Free street parking"", ""Essentials"", ""Hot water"", ""Bathtub"", ""Conditioner"", ""Kitchen"", ""Fire extinguisher"", ""Cooking basics"", ""Dedicated workspace"", ""Hair dryer"", ""Gas stove"", ""Smoke alarm"", ""Dining table"", ""Iron"", ""Freezer"", ""Oven"", ""Refrigerator"", ""Bed linens"", ""Coffee maker""]","150.0","2","1125","2.0","2.0","1125.0","1125.0","2.0","1125.0","True","15","45","75","165","6","6","6","4.83","4.83","5.0","5.0","4.67","4.5","False","1","1","0","0","6.0","2"
"Nice Two Beds Bedroom","Cassa Studios and Residences powered by Outpost are just a short walk from Times Square in Manhattan, within easy reach of New York’s most popular attractions<br />We try to make prices as low as possible, and therefore there is reduced services, like no standard reception, luggage storage, cleaning every ten days, no room service, no laundry service, limited number of towels etc. think of it this way, the more things you can you on your own, the less money you need to pay for it!<br /><br /><b>The space</b><br />Bedrooms are available with full, queen and king-sized beds, depending on if you’re looking for a single, double or suite (double rooms only have full and queen size beds).<br /><br /><b>Other things to note</b><br />-We try to make prices as low as possible, and therefore there is reduced services, like no standard reception, cleaning every ten days, no room service, no laundry service, limited number of towels etc. think of it this way, the more things you can you on your ow","Walk out of the Cassa  and you’ll immediately feel the vibrancy and energy that draws tens of millions of people to New York City every year from all around the world. Our exhilarating city is home to more than 8 million people from all different cultures and backgrounds, who all make this vibrant metropolis a place like no other.","Kris And Sergi","New York, New York, United States","Cassa Studios and Residences, powered by Outpost Club, is a new project to provide hotel-style rooms at below-market rates to long term guests. We try to make prices as low as possible, and therefore there is reduced services, like no standard reception, cleaning every ten days, no room service, no laundry service, etc. think of it this way, the more things you can you on your own, the less money you need to pay for it! Cassa Studios is managed by Outpost Club, a network of coliving spaces in New York City.  ","0.97","0.92","True","0.0","0.0","True","True","Manhattan","Private room","4","1.0","1.0","2.0","[""Hangers"", ""Long term stays allowed"", ""Carbon monoxide alarm"", ""Washer"", ""Elevator"", ""Wifi"", ""Gym"", ""Heating"", ""Dryer"", ""Smoke alarm"", ""Air conditioning""]","231.0","3","100","2.0","4.0","1125.0","1125.0","3.1","1125.0","True","19","49","79","354","1","1","1","5.0","5.0","5.0","5.0","5.0","5.0","False","21","0","21","0","1.0","1"
"New Modern Minimalist Stay in Brooklyn","Enjoy this one minimalist one bedroom apartment in Brooklyn.","","Lexia","New York, New York, United States","I am a graphic designer, swell chaser and durian lover. I've been living in New York City for more than 19 year. I love the city in the summer. One of my favorite things to do is going to the beach in Rockaway, Surfing, Sunbathing, Biking. Brooklyn is great in the summer. There are all kinds of free outdoor concerts and movies. I am very excited to be a host. I love travel. The best thing about traveling is experiencing the local culture. I am looking forward to sharing my experience with my guests. ","0.9","1.0","True","3.0","3.0","True","True","Brooklyn","Entire home/apt","3","1.0","1.0","2.0","[""Luggage dropoff allowed"", ""Security cameras on property"", ""Paid parking on premises \u2013 1 space"", ""Hot water kettle"", ""Nespresso machine"", ""Microwave"", ""Central heating"", ""First aid kit"", ""Hangers"", ""Long term stays allowed"", ""Carbon monoxide alarm"", ""Mini fridge"", ""Cleaning products"", ""ECOTOUCH Electric Cooktop induction stove"", ""Wifi"", ""Laundromat nearby"", ""Shiseido Super Mild Hair Shampoo shampoo"", ""Dishes and silverware"", ""Private entrance"", ""Air conditioning"", ""Free street parking"", ""Essentials"", ""Hot water"", ""Kitchen"", ""Cooking basics"", ""Dedicated workspace"", ""Hair dryer"", ""Room-darkening shades"", ""Smoke alarm"", ""Keypad"", ""Dining table"", ""Private fenced garden or backyard"", ""Iron"", ""Freezer"", ""Shiseido Super Mild Green Conditioner  conditioner"", ""Shared patio or balcony"", ""Bed linens"", ""Trash compactor"", ""Shower gel"", ""Clothing storage: closet"", ""Coffee maker""]","81.0","7","365","2.0","7.0","365.0","365.0","6.9","365.0","True","10","40","70","235","2","2","2","5.0","5.0","5.0","5.0","5.0","5.0","False","3","3","0","0","2.0","7"
"Beautiful 2 bedroom apartment in Bushwick","2 bedroom apartment located in the heart of Bushwick, perfect to explore the artist scene of Brooklyn and to enjoy the beautiful architecture, private rooftop, luxury loft, restaurants and bars around, 8 min walk to L train, 35 mins from Manhattan.<br /><br /><b>The space</b><br />The doors size are big, really nice details inside the apartment and the whole building, sunsets in the rooftop are the most magical experience you can ever live.","Bushwick is where cool and artist people<br />Live, it’s diverse and full of colors, night-life and adventures.","Sebastian","Hillsdale, New Jersey, United States","","0.88","0.91","True","0.0","0.0","True","True","Brooklyn","Entire home/apt","3","1.0","2.0","","[""Lockbox"", ""Kitchen"", ""BBQ grill"", ""Carbon monoxide alarm"", ""Iron"", ""TV"", ""Dedicated workspace"", ""Outdoor dining area"", ""Long term stays allowed"", ""Wifi"", ""Outdoor furniture"", ""Smoke alarm"", ""Air conditioning""]","125.0","1","365","1.0","1.0","365.0","365.0","1.0","365.0","True","5","34","60","217","2","2","2","2.5","2.5","3.0","4.5","2.5","3.0","True","1","1","0","0","2.0","6"
"SPACIOUS 4 Bedroom DUPLEX w/ KING Size Bed & more","The perfect place for Family and Friends to be happy. A 20th century Bronwnstone with 4 bedrooms, 2 Full Bathrooms. Two Smart TV setup with Verizon Cable and fast WIFI. Perfect for large families and friends looking for vacation space that will also allow them to social distance. Plenty of space to work, read, cook, sleep, reflect and just be.<br /><br />Please include the nature of your visit with your request to book.<br /><br /><b>The space</b><br />TOP FLOOR - PARLOR FLOOR<br />2 Bedrooms with FULL size Bed (Each bedroom has Blackout curtains)<br />1 FULL bathroom<br />1 Full Kitchen with Living/ Dining Area / Office Work<br />Super High Ceiling<br /><br />BOTTOM GARDEN FLOOR LEVEL<br />2 separate Bedrooms with KING and Queen Beds (Each Bedroom has Blackout curtains)<br />1 FULLL Bathroom<br />1 Livingroom<br /><br />Please note no parties  allowed. No loud  music during quiet hours. Also, no smoking allowed inside apt.","","Roxanne","US","I am a graduate of Syracuse University with over 30 years experience in IT Project Management. 

Hosting kind of fell into my path 10 years ago, and I've loved it ever since!
 
I also enjoy playing Tennis and taking Ballet lessons!
","1.0","0.64","True","0.0","0.0","True","True","Brooklyn","Entire home/apt","9","2.0","4.0","","[""TV"", ""Security cameras on property"", ""Keurig coffee machine"", ""Hot water kettle"", ""Radiant heating"", ""Wine glasses"", ""Toaster"", ""Microwave"", ""Frigidaire refrigerator"", ""First aid kit"", ""Hangers"", ""Ceiling fan"", ""Long term stays allowed"", ""Carbon monoxide alarm"", ""Washer"", ""Cleaning products"", ""Wifi"", ""Board games"", ""Body soap"", ""Dishes and silverware"", ""Dryer"", ""Air conditioning"", ""Free street parking"", ""Essentials"", ""Hot water"", ""Bathtub"", ""Conditioner"", ""Kitchen"", ""Fire extinguisher"", ""Cooking basics"", ""Dedicated workspace"", ""Hair dryer"", ""Smoke alarm"", ""Dishwasher"", ""Dining table"", ""Iron"", ""Pool table"", ""Bed linens"", ""Clothing storage: closet"", ""Frigidaire stainless steel oven"", ""Coffee maker""]","443.0","4","28","2.0","4.0","28.0","28.0","4.0","28.0","True","8","38","68","343","1","1","1","5.0","5.0","5.0","5.0","5.0","5.0","False","1","1","0","0","1.0","2"
"Lovely 3 Bedroom Apartment in Greenpoint","Kick back and relax in this calm, stylish space. Light-filled south-facing apartment sitting at one of the best area's in Greenpoint, Brooklyn. One block from Franklin Street that boasts some of Brooklyn's best restaurants, bars, and boutiques... two great parks for kids, and the waterfront overlooking the beautiful East River. The space is peaceful, stylish and perfect for a relaxing weekend in Brooklyn.<br /><br /><b>Guest access</b><br />Numerous buses available one block away on Manhattan avenue. 7 train and G train are about a 10-15 minute walk away. There are also Citibikes available at the end of our block for quick and easy ways to move around the neighborhood or between boroughs!","Greenpoint is one of the best neighborhoods in Brooklyn. It is home to many young families, old polish immigrants, and young professionals/ artists. It is known for its large art spaces/studios and warehouses. Franklin street is the main strip, which has many of Brooklyn's best restaurants, bars, cafes, boutiques and outdoor spaces. We are also one block away from the waterfront, so it is a perfect place to walk and enjoy the outdoors. We are a few blocks from the Pulaski bridge, which takes you directly into Long Island City.","Olivia","New York, New York, United States","","1.0","0.53","True","2.0","2.0","True","True","Brooklyn","Entire home/apt","6","2.0","3.0","","[""Kitchen"", ""Long term stays allowed"", ""Fire extinguisher"", ""TV"", ""Washer"", ""Wifi"", ""Smoke alarm"", ""Air conditioning"", ""First aid kit""]","303.0","2","1125","2.0","2.0","1125.0","1125.0","2.0","1125.0","True","17","47","77","77","1","1","1","5.0","5.0","5.0","5.0","5.0","5.0","False","1","1","0","0","1.0","2"
"Lovely private room with patio in serviced apt","This is a sweet guest room with a private patio which leads to a lovely furnished garden shared by the guests of the flat only. The room is in a modern serviced apartment with great amenities, featuring a gym, and laundry just one flight down, in an art live/work building located in a blossoming, diverse neighborhood, conveniently located to public transport and close to Manhattan. With central heating/cooling and furnished leisure roof top.","","Nico","New York, New York, United States","Photographer living in NYC. Travel a lot","0.98","0.99","True","3.0","3.0","True","True","Brooklyn","Private room","2","1.0","1.0","1.0","[""Kitchen"", ""BBQ grill"", ""Carbon monoxide alarm"", ""Outdoor dining area"", ""Long term stays allowed"", ""Washer"", ""Dedicated workspace"", ""Hair dryer"", ""Wifi"", ""Smoke alarm"", ""Air conditioning""]","121.0","1","365","1.0","1.0","365.0","365.0","1.0","365.0","True","4","4","4","4","8","8","8","4.88","4.75","5.0","5.0","5.0","5.0","True","6","4","2","0","8.0","4"
"★NEW★ | ❤eART of Bushwick | King Suite + Free pkng","Stunning + Modern 2 bedroom home in Bushwick. Entire 1st floor to yourselves, separate entry, hosts live in the basement floor. Steps from the J train (3 mins) and a 20-minute commute to Manhattan & JFK airport. Walking distance to restaurants, shopping, art galleries & Bushwick's graffiti art. Large bedroom w/ king bed (Sleep number mattress), and twin bunk. Full kitchen w/ fridge, dishwasher, microwave. Living area w/ sofa bed. Washer & dryer. Free parking on premises.""<br /><br /><b>The space</b><br />2 cozy bedrooms, 1 King Bed, 1 Twin Bunk Bed, and 1 Air mattress. 1 living room sofa (exactly like the pictures). Luxury bathroom with a glass-enclosed walk-in shower, all basic toiletries provided. 4K SMART TV + blazing fast wi-fi, and a full kitchen with all major appliances. <br /><br />Amenities:<br />•	Keypad access<br />•	Secure high-speed wireless internet (400 Mbps) <br />•	4K smart TV with premium cable channels<br />•	Keurig coffee maker<br />•	Microwave<br />•	Iron and ironi","Welcome to Bushwick","Ashley","New York, New York, United States","Hello! I’m Ashley and I’ve been a Superhost for six years! Making your stay as comfortable and as safe is my number one priority especially during these unprecedented times. We have a superb cleaning crew that deep cleans each time our guests leave and sanitizes everything from top to bottom. We also leave sanitizers, gloves and masks all over the house for extra protection. We are here to keep you safe throughout your amazing stay with us! ","","","True","20.0","20.0","True","True","Brooklyn","Entire home/apt","5","1.0","2.0","4.0","[""TV"", ""Free parking on premises"", ""Pack \u2019n play/Travel crib"", ""Microwave"", ""Hangers"", ""Long term stays allowed"", ""Carbon monoxide alarm"", ""Stainless steel stove"", ""Washer"", ""Wifi"", ""Heating"", ""Shampoo"", ""Dryer"", ""Dishes and silverware"", ""Private entrance"", ""Air conditioning"", ""Stainless steel oven"", ""Essentials"", ""Hot water"", ""Kitchen"", ""Fire extinguisher"", ""Cooking basics"", ""Dedicated workspace"", ""Hair dryer"", ""Room-darkening shades"", ""Smoke alarm"", ""Dishwasher"", ""Iron"", ""Refrigerator"", ""Bed linens"", ""Smart lock"", ""Coffee maker""]","169.0","1","1125","1.0","1.0","1125.0","1125.0","1.0","1125.0","True","4","32","62","327","1","1","1","5.0","5.0","5.0","5.0","5.0","5.0","False","7","7","0","0","1.0","8"
"Beautiful & spacious 2 bedroom apartment","Enjoy a lovely home away from home. Take advantage of the lovely restaurants, parks and scenic sites in Bed Stuy Brooklyn. The beauty of this unit is comfort and location. You will enjoy the ability to remain within walking distance of public trains, buses, and shopping area.","","Tara","Brooklyn, New York, United States","","0.88","1.0","True","0.0","0.0","True","True","Brooklyn","Entire home/apt","4","1.0","2.0","2.0","[""Window guards"", ""Extra pillows and blankets"", ""Baking sheet"", ""Luggage dropoff allowed"", ""TV"", ""Security cameras on property"", ""Hot water kettle"", ""Wine glasses"", ""Toaster"", ""Microwave"", ""Central heating"", ""First aid kit"", ""Hangers"", ""Ethernet connection"", ""Lockbox"", ""Long term stays allowed"", ""Portable fans"", ""Window AC unit"", ""Carbon monoxide alarm"", ""Dedicated workspace: table"", ""Cleaning products"", ""Wifi"", ""Laundromat nearby"", ""Body soap"", ""Shampoo"", ""Dishes and silverware"", ""Stainless steel oven"", ""Free street parking"", ""Essentials"", ""Hot water"", ""Bathtub"", ""Conditioner"", ""Kitchen"", ""Fire extinguisher"", ""Cooking basics"", ""Hair dryer"", ""Stove"", ""Smoke alarm"", ""Dining table"", ""Iron"", ""Freezer"", ""Refrigerator"", ""Bed linens"", ""Shower gel"", ""Coffee maker"", ""Clothing storage: closet and dresser""]","122.0","2","1125","2.0","2.0","1125.0","1125.0","2.0","1125.0","True","14","42","72","347","1","1","1","5.0","5.0","5.0","5.0","5.0","5.0","True","1","1","0","0","1.0","2"
"Private bedroom in Williamsburg near L train","Right on Williamsburg, Brooklyn! <br /><br />Stay at this clean, modern apartment with a super convenient location! <br /><br />It's located just 4 minutes away from the L train subway (Lorimer St. station), which is two quick stops to Manhattan (about 10 mins). There are cool markets and stores in the popular Bedford Avenue, which is within walking distance. Also, down the street from working/socializing coffee shops, restaurants and bars.<br /><br /><b>The space</b><br />The room is furnished with a full-size bed, a chess with drawers to store your clothes, plus a good-size closet. The window is large and you’ll get lots of sun from the private terrace. You’ll be able to control your own AC/heater. Clean (brand new) linens provided.<br /><br /><b>Guest access</b><br />The apartment is a quiet and clean two-bedroom, one-bathroom. Located on the second floor; there’s no elevator but the stairs are pretty easy. The living area has high ceilings, a modern kitchen and updated appliances. ","Williamsburg is one of the coolest neighborhood in the New York City borough of Brooklyn. The streets where the apartment is located, near Lorimer St. subway station, are more quiet and relaxed, definitely not as busy as the touristy Bedford Avenue.","Adal","New York, New York, United States","I live in NYC where I work at a tech company. Quiet and respectful. I enjoy traveling with my family and friends. I like contemporary art, independent cinematography, cooking, biking and all kinds of music. ENGLISH + ESPAÑOL.","1.0","1.0","True","2.0","2.0","True","True","Brooklyn","Private room","2","1.0","1.0","","[""Extra pillows and blankets"", ""TV"", ""Security cameras on property"", ""Free parking on premises"", ""Private patio or balcony"", ""Mosquito net"", ""Shared gym in building"", ""Microwave"", ""Central heating"", ""Hangers"", ""Lockbox"", ""Long term stays allowed"", ""Carbon monoxide alarm"", ""Dedicated workspace: table"", ""Cleaning products"", ""Wifi"", ""Paid washer \u2013 In building"", ""Laundromat nearby"", ""Body soap"", ""Dishes and silverware"", ""Air conditioning"", ""Free street parking"", ""Essentials"", ""Hot water"", ""Bathtub"", ""Conditioner"", ""Kitchen"", ""Cooking basics"", ""Hair dryer"", ""Stove"", ""Outdoor furniture"", ""Smoke alarm"", ""Dishwasher"", ""Iron"", ""Refrigerator"", ""Bed linens"", ""Paid dryer \u2013 In building""]","100.0","3","30","3.0","12.0","30.0","30.0","4.1","30.0","True","23","51","55","55","2","2","2","5.0","5.0","5.0","5.0","5.0","5.0","False","1","0","1","0","2.0","4"
"Lovely Upper West Side  Penthouse w Terrace","Stay at  this Upper West Side jewel, close to great restaurants and markets and away from the noise of traffic and neighbors. Have a glass of wine at the terrace while enjoying the city lights, and wake up to views of wide skies and the trees of our terrace. Have a slice of New York pizza or a bagel or have dinner at a French, Indian, or Korean restaurant, then walk to Riverside Park or take a short ride to the Museum of Natural History, the Hayden Planetarium, or the Metropolitan Museum of Art.<br /><br /><b>The space</b><br />Spacious and quiet living room and bedroom. The living room has a full-sized sofa bed and blackout curtains. The bedroom has a queen sized bed and darkening blinds/curtain. The two bathrooms are spacious and clean. Both bathrooms have whirlpools.<br /><br /><b>Guest access</b><br />This is a great neighborhood with anything you need within walking distance. The subway station is just a few blocks away. The closest bus stops are two blocks away. There is plenty o","","Richard","New York, New York, United States","","1.0","0.92","True","0.0","0.0","True","True","Manhattan","Entire home/apt","4","2.0","1.0","2.0","[""Security cameras on property"", ""Hot water kettle"", ""Private patio or balcony"", ""Radiant heating"", ""Wine glasses"", ""Nespresso machine"", ""Toaster"", ""Hangers"", ""Long term stays allowed"", ""Carbon monoxide alarm"", ""Window AC unit"", ""Cleaning products"", ""Wifi"", ""Paid washer \u2013 In building"", ""Shampoo"", ""Dishes and silverware"", ""Host greets you"", ""Free street parking"", ""Essentials"", ""Hot water"", ""Bathtub"", ""Conditioner"", ""Kitchen"", ""Cooking basics"", ""Hair dryer"", ""Clothing storage: dresser, closet, and walk-in closet"", ""Gas stove"", ""Outdoor furniture"", ""Smoke alarm"", ""Dishwasher"", ""Dining table"", ""Freezer"", ""Oven"", ""Elevator"", ""Refrigerator"", ""Pour-over coffee"", ""Bed linens"", ""Paid dryer \u2013 In building"", ""Shower gel"", ""Coffee maker"", ""Outdoor dining area"", ""Paid parking garage off premises""]","343.0","2","29","2.0","2.0","29.0","29.0","2.0","29.0","True","6","36","66","137","2","2","2","5.0","5.0","5.0","5.0","5.0","5.0","False","1","1","0","0","2.0","2"
"Spacious 2-Bedroom Park Slope Brownstone w. Office","A completely private 2-bedroom apartment in a gorgeous brownstone in historic Park Slope, Brooklyn.  Steps from restaurants, BK nightlife, the best pizza and bagels in the world, coffee shops, Prospect Park, outstanding playgrounds, dry cleaner/laundry on corner, subway (20 minutes to Lower East Side, 35 Minutes to Midtown)<br />Two Queen size beds and a Queen Air Mattress, this space can sleep up to 6 guests comfortably (+Office) making this listing perfect landing spot for families or friends!<br /><br /><b>The space</b><br />The large, fully furnished second floor apartment includes two queen beds for 4 guests plus an air mattress. <br /> <br />The 20 x 12 living room is equipped with a couch, chair, Roku TV (don’t forget to log out of your apps!), and record player and collection with selections from the Beatles, Led Zeppelin, A Tribe Called Quest, and Brooklyn’s own, Biggie! (Though please keep the volume at room listening levels.)<br /> <br />Fully functioning kitchen includes a ","Our brownstone apartment is right in the heart of Park Slope, one of Brooklyn's most famous and historic neighborhoods. The AirBnb is steps from gourmet restaurants, great Brooklyn nightlife, pubs, coffee shops, bakeries, the best bagels and pizza in the world, renowned Prospect Park, outstanding playgrounds, dry cleaners and laundry on the corner, and the subway (about 20 minutes to the Lower East Side and 35 minutes to Midtown Manhattan).","Matthew","Brooklyn, New York, United States","","1.0","0.94","True","0.0","0.0","True","True","Brooklyn","Entire home/apt","6","1.0","2.0","2.0","[""Cooking basics"", ""Portable fans"", ""Ethernet connection"", ""Record player"", ""Stainless steel  refrigerator"", ""Fire extinguisher"", ""Hot water kettle"", ""Smoke alarm"", ""Shower gel"", ""Dishes and silverware"", ""Cleaning products"", ""Extra pillows and blankets"", ""Dedicated workspace"", ""Conditioner"", ""Body soap"", ""Hot water"", ""Ceiling fan"", ""Coffee maker"", ""Laundromat nearby"", ""Rice maker"", ""Gas stove"", ""Lockbox"", ""Toaster"", ""Freezer"", ""Hangers"", ""Clothing storage: closet, dresser, wardrobe, and walk-in closet"", ""Hair dryer"", ""Kitchen"", ""Bed linens"", ""Microwave"", ""Dining table"", ""Air conditioning"", ""Sound system with Bluetooth and aux"", ""Safe"", ""Long term stays allowed"", ""Carbon monoxide alarm"", ""Free street parking"", ""Bathtub"", ""Oven"", ""Board games"", ""Paid parking off premises"", ""Shampoo"", ""Wine glasses"", ""Baking sheet"", ""Iron"", ""Heating"", ""TV with Roku"", ""Wifi"", ""Essentials""]","346.0","2","28","1.0","2.0","28.0","28.0","2.0","28.0","True","1","3","33","90","2","2","2","5.0","5.0","5.0","5.0","5.0","5.0","False","1","1","0","0","2.0","2"
"Lovely 2BR apartment in NY style","Welcome to our cozy home! While you stay with us, you're welcome to use our entire home. We have a cute apartment with 2 bedrooms and 2 bathrooms.","","Natalie","RU","","1.0","0.75","True","0.0","0.0","True","True","Manhattan","Entire home/apt","6","2.0","2.0","2.0","[""Air conditioning"", ""Carbon monoxide alarm"", ""TV"", ""Wifi"", ""Smoke alarm"", ""Kitchen"", ""Long term stays allowed""]","399.0","5","365","2.0","5.0","365.0","365.0","5.0","365.0","True","4","34","64","146","5","5","5","5.0","5.0","5.0","5.0","5.0","5.0","False","1","1","0","0","5.0","2"
"The Brooklyn Nest - Loft Duplex w/Garden & Hot Tub","** Please only book if you are fully vaccinated ** (Both hosts are fully vaccinated)<br />Welcome to our beautiful modern duplex loft home in Brooklyn with 2 private outdoor spaces, (yes 2!) and a private hot tub!  The best kind of Brooklynite living experience you can have with a ton of comfort ! Bushwick is a hidden gem of atypical apartments in a trendy neighborhood full of nice bars, restaurants, clubs.<br /><br /><b>The space</b><br />The apartment spans 2 floors, a sprawling 1400 SF of interior space and 700+ SF of private outdoor space! The upper floor has a living room, a fully equipped kitchen, private backyard, bathroom, washer/dryer, and the hosts' bedroom. <br /> The lower floor has your bedroom/loft space, a private half bath, a cuddle reading nook with the moonpod, living and eating areas, and private outdoor terrace with hot tub.  Everything is new construction with high-end BOSCH appliances such as the dishwasher, microwave, conventional oven. Electric stove-top, centra","Bushwick is a vibrant artsy neighborhood with plenty of hipster bars  (The Keep, Mood Ring, Honey's, Lot 45, Hartbreakers, etc...) and cafes, good clubs (House of Yes, Brooklyn Mirage, etc) and delicious eats (Sea Wolf, Roberta's, Le Garage, Maite, Amaranto, Mominette, Artichoke, Buntopia, etc..)","Eunice","Brooklyn, New York, United States","Hello, we are Alexey & Eunice, a young professional couple, and we got married during the pandemic !  We decided to work hard to create a beautiful nest that we could quarantine in and host safe gatherings for our family and friends.  We love to travel, play music and dance Argentine Tango.  Our home is where our heart is, we love it and take pride in making it as comfortable as possible for our friends and guests.  We would love to share our space with you!  

In addition, we enjoy hosting events from time to time, or working with people who want to host events, please reach out privately in PM if you are interested in an event rental in our space.","1.0","1.0","True","4.0","4.0","True","True","Brooklyn","Entire home/apt","6","1.5","1.0","3.0","[""Extra pillows and blankets"", ""Private pool"", ""Security cameras on property"", ""Hot water kettle"", ""Private patio or balcony"", ""Wine glasses"", ""Nespresso machine"", ""Microwave"", ""Toaster"", ""Private hot tub"", ""First aid kit"", ""Hangers"", ""Ethernet connection"", ""Lockbox"", ""Long term stays allowed"", ""Carbon monoxide alarm"", ""Piano"", ""Washer"", ""Cleaning products"", ""Wifi"", ""Heating"", ""Shampoo"", ""Dryer"", ""Dishes and silverware"", ""Game console: PS4"", ""Air conditioning"", ""Private entrance"", ""Essentials"", ""Hot water"", ""Bathtub"", ""Free street parking"", ""Conditioner"", ""Kitchen"", ""Cooking basics"", ""Dedicated workspace"", ""Hair dryer"", ""Outdoor furniture"", ""Sound system"", ""BOSCH stainless steel oven"", ""Smoke alarm"", ""Dishwasher"", ""Dining table"", ""Private fenced garden or backyard"", ""Iron"", ""Freezer"", ""Electric stove"", ""Refrigerator"", ""Bed linens"", ""Shower gel"", ""Coffee maker"", ""Outdoor dining area""]","213.0","2","45","2.0","2.0","1125.0","1125.0","2.0","1125.0","True","6","6","6","254","2","2","2","5.0","5.0","5.0","5.0","5.0","5.0","True","1","1","0","0","2.0","2"
"ROOM FOR HELPERS NURSES DOCTORS NEAR HOSPITAL NY!!","Hello! Welcome to New York City! <br />We are offering a private bedroom with a full sized bed that will sleep two adults. Shared bathroom and kitchen.  The apt is located in a building on the forth floor walk up.<br /><br />My place is perfect for family and business travelers who wants to share a home with others and open to make connections.<br />With great morning light. It is down five minutes from the 135 subway/metro station, only 15 minutes away from Times Square!<br /><br /><b>The space</b><br />This is a 4 bedroom 2 bathroom apartment. The City College of New York is a one minute walk, and the A, B, C and 1 trains are easily accessible. There's also a nearby Citi Bike docking station.<br /><br /><b>Guest access</b><br />- Private bedroom<br />- Shared bathroom<br />- Shared kitchen<br /><br />Please make yourself at home and enjoy your stay!<br /><br /><b>Other things to note</b><br />- The cleaning fee is related to clean your room only and make sure the beddings and towels ","The neighborhood is diverse and family friendly, the atmosphere is relaxed and cozy. The area is always buzzing with life, and has plenty of 24/7 supermarkets, corner stores, restaurants, banks, drugstores, and more!<br /><br />We are only a few steps away from the Cloisters and other parks which are always a great place for a beautiful walk or a cozy picnic. You can go for a jog or enjoy the romantic views of the Hudson River and the George Washington bridge.","Ernestine","US","","1.0","1.0","True","0.0","0.0","True","True","Manhattan","Private room","2","2.0","1.0","1.0","[""Security cameras on property"", ""Lock on bedroom door"", ""Microwave"", ""Carbon monoxide alarm"", ""Washer"", ""Wifi"", ""Heating"", ""Dishes and silverware"", ""Dryer"", ""Air conditioning"", ""Free street parking"", ""Essentials"", ""Hot water"", ""Kitchen"", ""Fire extinguisher"", ""Cooking basics"", ""Dedicated workspace"", ""Hair dryer"", ""Stove"", ""Smoke alarm"", ""Iron"", ""Freezer"", ""Oven"", ""Refrigerator"", ""Coffee maker""]","98.0","5","25","2.0","5.0","25.0","25.0","5.0","25.0","True","20","50","80","355","1","1","1","5.0","5.0","5.0","5.0","5.0","5.0","False","4","0","4","0","1.0","2"
"SPECIAL LOCATION NEAR HOSPITAL NURSES WELCOME","Hello! Welcome to New York City! <br />We are offering a private bedroom with a full sized bed that will sleep two adults. Shared bathroom and kitchen.  The apt is located in a building on the forth floor walk up.<br /><br />My place is perfect for family and business travelers who wants to share a home with others and open to make connections.<br />With great morning light. It is down five minutes from the 135 subway/metro station, only 15 minutes away from Times Square!<br /><br /><b>The space</b><br />This is a 4 bedroom 2 bathroom apartment. The City College of New York is a one minute walk, and the A, B, C and 1 trains are easily accessible. There's also a nearby Citi Bike docking station.<br /><br /><b>Guest access</b><br />- Private bedroom<br />- Shared bathroom<br />- Shared kitchen<br /><br />Please make yourself at home and enjoy your stay!<br /><br /><b>Other things to note</b><br />- The cleaning fee is related to clean your room only and make sure the beddings and towels ","The neighborhood is diverse and family friendly, the atmosphere is relaxed and cozy. The area is always buzzing with life, and has plenty of 24/7 supermarkets, corner stores, restaurants, banks, drugstores, and more!<br /><br />We are only a few steps away from the Cloisters and other parks which are always a great place for a beautiful walk or a cozy picnic. You can go for a jog or enjoy the romantic views of the Hudson River and the George Washington bridge.","Ernestine","US","","1.0","1.0","True","0.0","0.0","True","True","Manhattan","Private room","2","2.0","1.0","1.0","[""Security cameras on property"", ""Lock on bedroom door"", ""Microwave"", ""Carbon monoxide alarm"", ""Washer"", ""Wifi"", ""Heating"", ""Dishes and silverware"", ""Dryer"", ""Air conditioning"", ""Free street parking"", ""Essentials"", ""Hot water"", ""Kitchen"", ""Fire extinguisher"", ""Cooking basics"", ""Hair dryer"", ""Stove"", ""Smoke alarm"", ""Iron"", ""Freezer"", ""Oven"", ""Refrigerator"", ""Coffee maker""]","95.0","5","25","2.0","5.0","25.0","25.0","5.0","25.0","True","24","52","82","357","1","1","1","1.0","5.0","5.0","3.0","1.0","3.0","False","4","0","4","0","1.0","2"
"PERFECT LOCATION FOR WORKERS NEW YORK!! MANHATTAN!","Hello! Welcome to New York City! <br />We are offering a private bedroom with a full sized bed that will sleep two adults. Shared bathroom and kitchen.  The apt is located in a building on the forth floor walk up.<br /><br />My place is perfect for family and business travelers who wants to share a home with others and open to make connections.<br />With great morning light. It is down five minutes from the 135 subway/metro station, only 15 minutes away from Times Square!<br /><br /><b>The space</b><br />This is a 4 bedroom 2 bathroom apartment. The City College of New York is a one minute walk, and the A, B, C and 1 trains are easily accessible. There's also a nearby Citi Bike docking station.<br /><br /><b>Guest access</b><br />- Private bedroom<br />- Shared bathroom<br />- Shared kitchen<br /><br />Please make yourself at home and enjoy your stay!<br /><br /><b>Other things to note</b><br />- The cleaning fee is related to clean your room only and make sure the beddings and towels ","The neighborhood is diverse and family friendly, the atmosphere is relaxed and cozy. The area is always buzzing with life, and has plenty of 24/7 supermarkets, corner stores, restaurants, banks, drugstores, and more!<br /><br />We are only a few steps away from the Cloisters and other parks which are always a great place for a beautiful walk or a cozy picnic. You can go for a jog or enjoy the romantic views of the Hudson River and the George Washington bridge.","Ernestine","US","","1.0","1.0","True","0.0","0.0","True","True","Manhattan","Private room","2","2.0","1.0","1.0","[""Security cameras on property"", ""Lock on bedroom door"", ""Microwave"", ""Carbon monoxide alarm"", ""Washer"", ""Wifi"", ""Heating"", ""Dishes and silverware"", ""Dryer"", ""Air conditioning"", ""Free street parking"", ""Essentials"", ""Hot water"", ""Kitchen"", ""Fire extinguisher"", ""Cooking basics"", ""Hair dryer"", ""Stove"", ""Smoke alarm"", ""Iron"", ""Freezer"", ""Oven"", ""Refrigerator"", ""Coffee maker""]","95.0","5","25","2.0","5.0","25.0","25.0","5.0","25.0","True","18","48","78","353","1","1","1","5.0","5.0","5.0","5.0","5.0","5.0","False","4","0","4","0","1.0","2"
"Park Slope Priv Entrance Bdrm near Prospect Park","Centrally located one block from  F train. Movie theater, fresh juice/salad cafe, post office, coffee shop, thai food & assorted restaurants within walking distance. 24hr deli on corner, vintage & second-hand stores nearby. 20min to Manhattan. <br /><br />There are no pets living in the apartment and none allowed in your room. Beautiful tree lined block, corner laundromat. If you have a vehicle there is  street parking. We are very close to Prospect Park perfect for jogging or enjoying a leisurely walk.<br /><br /><b>The space</b><br />Full size bed, hardwood floors, table with chair, mirror vanity with drawers also corner shelves to store your belongings. <br /><br />First floor private entrance plenty of restaurants nearby even a fun movie theater with waiters. Second hand vintage shopping, also a late night deli on the corner all within walking distance.<br /><br /><b>Guest access</b><br />1 private first floor full size bedroom with shared toilet & shower. No access to livng room o","Peaceful and quiet family friendly area a few blocks from beautiful Prospect Park great for jogging, biking or walking.","Rebecca","New York, New York, United States","I enjoy visiting friends, vintage shopping, museum exhibits or hiking the Catskill mountains. I'm quiet and respectful always leave place clean. Looking forward!","0.86","0.54","True","0.0","0.0","True","True","Brooklyn","Private room","2","1.0","1.0","1.0","[""Cleaning products"", ""Mini fridge"", ""Safe"", ""Radiant heating"", ""Dedicated workspace"", ""Single level home"", ""Carbon monoxide alarm"", ""Free street parking"", ""Long term stays allowed"", ""Private entrance"", ""Body soap"", ""Hot water"", ""Hangers"", ""Lock on bedroom door"", ""Laundromat nearby"", ""Wifi"", ""Smoke alarm"", ""Essentials"", ""Bed linens""]","70.0","1","30","1.0","1.0","30.0","30.0","1.0","30.0","True","15","45","75","75","1","1","1","5.0","5.0","5.0","5.0","5.0","5.0","False","1","0","1","0","1.0","6"
"Unbeatable & Massive Midtown 3 Bedroom / 2 BA APT","The ultimate apartment for a family trip to NYC! Enjoy 3 separate bedrooms, each with a comfy bed (2 queens, 1 Full), it's own AC and closet space. The large warm and comfortable living room, perfect for downtime before and after your days of shopping and sightseeing. There is also an over-sized full kitchen, so you can enjoy a home cooked meal away from home, or start your morning with a nice breakfast and coffee like a true NYer. <br />You'll find everything you need here to make your stay perfect!<br /><br /><b>The space</b><br />Truly a rare spacious apartment in NYC. <br /><br />* Two bedrooms have queen beds, AC and closet and hanger space. Both bedrooms have windows, but there is no view or barely natural light. <br /><br />* One smaller room with a full bed, window and some shelves for your clothes.<br /><br />* Fully stocked kitchen including a dishwasher, Microwave, stove and refrigerator along with all the dining and cooking ware you'd need. <br /><br />* Washer / Dryer in t","Located a few blocks away from Times Square (5-10 Minute walk), in a quiet tree lined street and safe neighborhood. There are plenty of restaurants all over 9th Ave which is just less than a block away. Walk to Central Park, Broadway shows but still be just enough far away from all the chaos of midtown. There's a few grocery stores within a few blocks radius that you can chose from.","Shivam","Newark, New Jersey, United States","A college student looking to help people have affordable and good quality living spaces during their travels.","1.0","0.99","True","0.0","0.0","True","True","Manhattan","Entire home/apt","4","2.0","3.0","3.0","[""GE refrigerator"", ""Stainless steel electric stove"", ""Hot water kettle"", ""Pack \u2019n play/Travel crib"", ""Wine glasses"", ""Toaster"", ""Microwave"", ""Central heating"", ""Hangers"", ""Free washer \u2013 In unit"", ""Long term stays allowed"", ""Carbon monoxide alarm"", ""Cleaning products"", ""Wifi"", ""Shampoo"", ""Dishes and silverware"", ""Private entrance"", ""Air conditioning"", ""Stainless steel oven"", ""Essentials"", ""Hot water"", ""Bathtub"", ""Conditioner"", ""Kitchen"", ""Cooking basics"", ""Dedicated workspace"", ""Hair dryer"", ""Room-darkening shades"", ""Smoke alarm"", ""55\"" HDTV with Chromecast, premium cable"", ""Dishwasher"", ""Dining table"", ""Iron"", ""Freezer"", ""Bed linens"", ""Generic body soap"", ""Shower gel"", ""Clothing storage: closet"", ""Free dryer \u2013 In unit"", ""Coffee maker""]","399.0","5","365","2.0","6.0","365.0","365.0","5.0","365.0","True","2","24","47","297","2","2","2","4.5","5.0","4.5","4.5","5.0","4.5","False","1","1","0","0","2.0","5"
"Bright, Spacious 1-BR With Terrace in Williamsburg","Leave your worries at the door when you check into this gorgeous space in the heart East Williamsburg.<br /><br />Brand new construction in a converted milk factory building, this home contains state of the art appliances and gorgeous finishes. Soaring 12 foot ceilings create a supremely spacious and relaxing vibe.<br /><br />To top it off, there is a private outdoor terrace.<br /><br /><b>Guest access</b><br />Guests will have keys to the front door (key FOB) and a key to the unit. There is no official parking spots or garage BUT there is almost always easily accessible street parking right out front of the building!","","Andrew","New York, New York, United States","","1.0","0.67","True","1.0","1.0","True","True","Brooklyn","Entire home/apt","3","1.0","1.0","","[""Kitchen"", ""Long term stays allowed"", ""Carbon monoxide alarm"", ""TV"", ""Outdoor dining area"", ""Washer"", ""Wifi"", ""Smoke alarm"", ""Air conditioning""]","290.0","2","365","2.0","2.0","365.0","365.0","2.0","365.0","True","3","8","12","287","1","1","1","5.0","5.0","5.0","5.0","5.0","4.0","False","1","1","0","0","1.0","7"
"Lovely Studio Unit Rental","Forget your worries in this spacious and serene space.<br />Very safe area, a lot of local restaurants and easy access to the A & B trains. Trader Joe's, Target, 7-11, and Duane Reade in the neighborhood. Central Park is down the block from you, and you're on the first floor so it's warm during this time of year!","","Asmaa","Los Angeles, California, United States","","0.97","0.89","True","0.0","0.0","True","True","Manhattan","Entire home/apt","3","1.0","1.0","1.0","[""Kitchen"", ""TV"", ""Washer"", ""Wifi"", ""Host greets you"", ""Smoke alarm"", ""Air conditioning""]","131.0","1","17","1.0","1.0","1125.0","1125.0","1.0","1125.0","True","2","2","2","2","2","2","2","4.5","4.5","3.5","3.5","5.0","5.0","False","1","1","0","0","2.0","5"
"Clean and Conveniently Located","Enjoy easy access to everything. Located in Hell's Kitchen, close to tourist attractions, restaurants, bars, stores, metro/subway, and more.  For NYC standards, the apartment is spacious. Clean and organized.<br /><br />The apartment is equipped with all the essentials.<br /><br /><b>The space</b><br />Great location. The space is very clean and organized. Because the location is central, you will hear street noise during the day, specially during rush hour. It does get quiet at night. We have blinds, but they are not blackout blinds, and the natural light will come in through the windows since early in the morning. The building itself is quiet and well maintained with many amenities.","The apartment building is located 1 block away from sightseeing cruises on  Pier 83, 2 blocks from the Intrepid Sea, Air, and Space Museum (Pier 86). A 15-minute walk to the Vessel (you can see the Vessel from one of our windows) and to The Edge.  Plenty of restaurants and bars in the neighborhoods.","Harold","Washington, District of Columbia, United States","I am guy in his 30s who enjoys traveling, exercising, and spending time with friends. ","","","True","1.0","1.0","True","True","Manhattan","Entire home/apt","2","1.0","1.0","1.0","[""Air conditioning"", ""Dedicated workspace"", ""Security cameras on property"", ""Carbon monoxide alarm"", ""Outdoor dining area"", ""Shared pool"", ""Building staff"", ""Wifi"", ""Pool table"", ""Fire extinguisher"", ""TV"", ""Washer"", ""Smoke alarm"", ""Kitchen"", ""Long term stays allowed""]","190.0","4","1125","4.0","4.0","1125.0","1125.0","4.0","1125.0","True","2","3","20","20","1","1","1","5.0","5.0","5.0","5.0","5.0","5.0","False","1","1","0","0","1.0","5"
"Large 3BR W/full kitchen in Queens Near Manhattan!","Hi! Welcome to our home!! It's a wonderful spacious 3 bedroom, 1 bathroom house in Sunnyside, Queens. You have access to a balcony from the kitchen. The unit comes equipped with all the amenities for a peaceful and cozy stay all while being so close to Manhattan & Brooklyn. The 7 train is 2 blocks from the house. Nearby restaurants, bars, grocery stores, fast food, and laundromats all in a 3-5 minute walking radius. Everything you'd possibly need to feel at home even while away from home.<br /><br /><b>Guest access</b><br />Mostly everything is walking distance and there is a public paid meter parking a block away.","","Aurgho","US","Hi my name is Aurgho and I was born and raised in Queens NYC. I enjoy traveling and have stayed at several Airbnb’s around the world. I thought why not give back similar if not better experiences than I had to any of my future guests. Looking forward to being your Host. :)","0.97","0.95","True","0.0","0.0","True","True","Queens","Entire home/apt","10","1.0","3.0","3.0","[""Extra pillows and blankets"", ""Luggage dropoff allowed"", ""TV"", ""Security cameras on property"", ""Keurig coffee machine"", ""Private patio or balcony"", ""Radiant heating"", ""Wine glasses"", ""Toaster"", ""Microwave"", ""First aid kit"", ""Hangers"", ""Long term stays allowed"", ""Carbon monoxide alarm"", ""Clothing storage: walk-in closet, closet, and dresser"", ""Wifi"", ""Laundromat nearby"", ""Paid parking lot off premises"", ""Body soap"", ""Shampoo"", ""Dishes and silverware"", ""Private entrance"", ""Air conditioning"", ""Free street parking"", ""Essentials"", ""Hot water"", ""Bathtub"", ""Conditioner"", ""Kitchen"", ""Fire extinguisher"", ""Cooking basics"", ""Dedicated workspace"", ""Hair dryer"", ""Room-darkening shades"", ""Stove"", ""Smoke alarm"", ""Children\u2019s books and toys for ages 5-10 years old and 10+ years old"", ""Keypad"", ""Dining table"", ""Iron"", ""Oven"", ""Refrigerator"", ""Bed linens"", ""Shower gel"", ""Coffee maker"", ""Shared fenced garden or backyard""]","308.0","2","1125","2.0","2.0","1125.0","1125.0","2.0","1125.0","True","14","44","74","349","3","3","3","5.0","5.0","5.0","5.0","5.0","5.0","True","2","2","0","0","3.0","1"
"Comfortable bedroom in Queens","Private room located in Woodside, half a block from the stop 52nd street of the 7 train, 15 min from the heart of Manhattan and 10 min from La Guardia airport, close to restaurants, pharmacy, grocery, laundry.<br />The apartment has 3 bedrooms and the other 2 are shared (2 adults and a baby).<br /><br /><b>The space</b><br />It is a small room only for 1 person, with a twin bed, free WIFI, the bathroom and the kitchen are shared, visits aren’t allowed;  It is important to know that when you’re making a reservation you are NOT reserving the entire apartment your reservation would be just a private room and common areas.<br /><br /><b>Other things to note</b><br />Perfect space for someone who needs a place to crash after a day of sightseeing or work. We have a baby so we usually wake up on the earlier side, and while baby is not very loud, we want to set the right expectations.","","Heidy","New York, New York, United States","","1.0","1.0","True","0.0","0.0","True","True","Queens","Private room","1","1.0","1.0","","[""Extra pillows and blankets"", ""Private pool"", ""TV"", ""Clothing storage: dresser"", ""Radiant heating"", ""Toaster"", ""Carbon monoxide alarm"", ""Wifi"", ""Laundromat nearby"", ""Dishes and silverware"", ""Shampoo"", ""Air conditioning"", ""Essentials"", ""Hot water"", ""Kitchen"", ""Dedicated workspace"", ""Hair dryer"", ""Smoke alarm"", ""Dining table"", ""Refrigerator"", ""Coffee maker""]","69.0","2","4","2.0","2.0","1125.0","1125.0","2.0","1125.0","True","0","20","42","101","1","1","1","5.0","5.0","5.0","5.0","5.0","5.0","False","1","0","1","0","1.0","9"
"Cozy 3BR + 1BA near East Village","You'll have a wonderful time at this cosy place.  Featuring 3BR with 2 Q beds, 1 XL Twin bed & a comfy sofa & in the living room. There is 1 bathroom and a full kitchen. Lot of day light, first floor walk up.<br />*** DM for Monthly stay price<br /><br />Trader Joes - 5 min <br />Target - 3 min<br />L train - on the corner <br />Coffee shops and restaurants walking distance<br />Pls note:<br />-The handle in the shower needs to be pulled down in order for the shower to start.  <br />-Drain lever must be pushed down for water to drain down<br /><br /><b>The space</b><br />2 queen size bedrooms<br />1 Twin XL","","Tal","Los Angeles, California, United States","","0.95","0.67","True","0.0","0.0","True","True","Manhattan","Entire home/apt","5","1.0","3.0","","[""Bathtub"", ""Hangers"", ""Kitchen"", ""Long term stays allowed"", ""Iron"", ""Cooking basics"", ""Hair dryer"", ""Cleaning products"", ""Bed linens"", ""Wifi"", ""Dishes and silverware"", ""Shampoo"", ""Central heating"", ""Essentials"", ""Hot water""]","316.0","6","91","6.0","6.0","91.0","91.0","6.0","91.0","True","4","31","61","61","4","4","4","5.0","4.75","5.0","5.0","5.0","5.0","False","1","1","0","0","4.0","2"
"Upper West Side Oasis (Private Room)","1 private bedroom, this is a shared apartment with 3 bedrooms so you will be staying in your own room<br /><br />You will enjoy <br /><br />-Fire TV in the room with Hulu and Netflix <br />-Access to the kitchen with your own personal locked section to store personal items within the fridge <br />-Shower locker to keep your items safe and secure<br />-Wifi<br />-Fresh clean linens and towels <br />-Easy check in","The scenic neighborhood has much to offer- Parks, restaurants, and much more. You will be I'm proximity to the Hudson River where you can enjoy walks.","Onesta LLC","New York, New York, United States","","1.0","0.97","True","0.0","0.0","True","True","Manhattan","Private room","2","1.0","3.0","1.0","[""Kitchen"", ""Long term stays allowed"", ""Iron"", ""TV"", ""Carbon monoxide alarm"", ""Lock on bedroom door"", ""Dedicated workspace"", ""Hair dryer"", ""Wifi"", ""Free street parking"", ""Smoke alarm"", ""Air conditioning""]","50.0","1","30","1.0","1.0","1125.0","1125.0","1.0","1125.0","True","2","17","47","322","4","4","4","5.0","5.0","5.0","5.0","5.0","5.0","False","2","0","2","0","4.0","4"
"Lovely Private Bedroom near the Botanical Garden","A great retreat if you’re looking to visit New York  for work, business or just for fun. Get a taste of an up and coming neighbor","","Sheila","Brooklyn, New York, United States","I am a born and raised Haitian, who loves spending time in nature, enjoy meeting new people, and discovering new places  ","0.7","0.82","True","2.0","2.0","True","True","Brooklyn","Private room","1","1.0","1.0","1.0","[""Extra pillows and blankets"", ""Baking sheet"", ""TV"", ""Free parking on premises"", ""Wine glasses"", ""First aid kit"", ""Cleaning products"", ""Wifi"", ""Laundromat nearby"", ""Heating"", ""Body soap"", ""Dishes and silverware"", ""Drying rack for clothing"", ""Private entrance"", ""Air conditioning"", ""Free street parking"", ""Essentials"", ""Hot water"", ""Host greets you"", ""Kitchen"", ""Fire extinguisher"", ""Clothing storage"", ""Cooking basics"", ""Dedicated workspace"", ""Hair dryer"", ""Stove"", ""Iron"", ""Oven"", ""Refrigerator"", ""Bed linens"", ""Coffee maker""]","79.0","2","20","2.0","2.0","1125.0","1125.0","2.0","1125.0","True","2","4","34","309","1","1","1","5.0","5.0","5.0","5.0","5.0","5.0","True","1","0","1","0","1.0","7"
"Spacious 2-bedroom apartment in Greenwhich Village","Welcome to our Manhattan oasis in the best neighborhood in the city! Super central to everywhere you'll want to go yet surprisingly quiet and peaceful. You have a full kitchen with dishwasher and laundry in unit. Two spacious bedroom with queen beds. The perfect place to stay if you're visiting New York :)","","Daniela","San Francisco, California, United States","Hi there, my name is Dani!","1.0","1.0","True","0.0","0.0","True","True","Manhattan","Entire home/apt","4","1.0","2.0","2.0","[""Baking sheet"", ""Hot water kettle"", ""Wine glasses"", ""Long term stays allowed"", ""Carbon monoxide alarm"", ""Washer"", ""Cleaning products"", ""Wifi"", ""Laundromat nearby"", ""Body soap"", ""Dishes and silverware"", ""Essentials"", ""Hot water"", ""Bathtub"", ""Safe"", ""Kitchen"", ""Cooking basics"", ""Dedicated workspace"", ""Smoke alarm"", ""Dishwasher"", ""Dining table"", ""Iron"", ""Oven"", ""Elevator"", ""Free dryer \u2013 In unit"", ""Coffee maker""]","551.0","3","45","3.0","3.0","45.0","45.0","3.0","45.0","True","5","35","46","264","2","2","2","5.0","5.0","5.0","5.0","5.0","5.0","True","1","1","0","0","2.0","5"
"Perfect 1 Bedroom in Manhattan,close to everything","This apartment is close to everything!  2 minutes from the C and E trains which can take you anywhere you need to be.  A 5 minute walk to Central Park, 5 minute walk to Time Square.  It’s close but not so close that you can hear the all the happenings, it’s relatively quiet!  This apartment is also the very first apartment on the left when you walk into the building so no lugging yours things up and down the stairs- you’re literally feet away from everything.<br /><br /><b>Other things to note</b><br />Check in 3:00 PM<br />Check out 12:00 PM","","Gabriel","New York, New York, United States","","0.89","1.0","True","0.0","0.0","True","True","Manhattan","Entire home/apt","3","1.0","1.0","1.0","[""Baking sheet"", ""TV"", ""Keurig coffee machine"", ""Hot water kettle"", ""Radiant heating"", ""Wine glasses"", ""First aid kit"", ""Hangers"", ""Ethernet connection"", ""Portable fans"", ""Carbon monoxide alarm"", ""Cleaning products"", ""Record player"", ""Wifi"", ""Body soap"", ""Shampoo"", ""Dishes and silverware"", ""Game console"", ""Air conditioning"", ""Essentials"", ""Hot water"", ""Bathtub"", ""Conditioner"", ""Kitchen"", ""Cooking basics"", ""Dedicated workspace"", ""Hair dryer"", ""Stove"", ""Sound system"", ""Smoke alarm"", ""Freezer"", ""Oven"", ""Refrigerator"", ""Bed linens"", ""Clothing storage: closet"", ""Coffee maker""]","170.0","3","7","1.0","3.0","1125.0","1125.0","2.9","1125.0","True","1","1","1","1","1","1","1","5.0","5.0","5.0","5.0","5.0","5.0","True","1","1","0","0","1.0","1"
"BRAND NEW 3 Bed/2 Bath Modern Apt (3 min from jfk)","(JUST LISTED IN NOVEMEBR ) <br /><br />A brand new beautiful three bedroom and 2 bathroom unit in a newly built house. Immaculate finishes. Be the first person to be in this wonderful property.<br /><br />Perfect for business travelers and families.<br /><br />Monthly rates and discounts can be discussed as well as weekly Stays! Message use for ANY TYPE of inquiries.<br /><br /> 5 minutes from JFK.<br /><br /><b>The space</b><br />Welcome to this immaculate, BRIGHT, move-in ready, quiet 3BR apartment in Brand New condition complete with stainless steel appliances, hardwood floors throughout! Well-maintained building, PERFECTLY LOCATED footsteps to dozens of shops, restaurants, and amenities. Only 1 block to bus stops Q54/Q56, and 5 blocks to F train!!<br /><br /><b>Guest access</b><br />Guest has access to the full first floor unit!","Jamaica is a diversely populated neighborhood located in southeastern Queens. Jamaica also hosts numerous government buildings including the Queens Civil Court, the civil branch of the Queens County Supreme Court, and the Queens County Family Court along with several other buildings. Jamaica is reflective of the fact that Queens is the most diverse location in the United States. The diverse stores and shops in Jamaica are indicative of a lively Caribbean and South American culture. There is also a booming Indian and Bangladeshi population, with an areas in Jamaica being referred to as a little South Asia due to the countless Asian owned small business expanding in this diverse neighborhood.","Kay","Brooklyn, New York, United States","I’m a traveler and entrepreneur!
With a love for sports and crypto currency. 

I love hosting and meeting different people and connecting with my guest.

Shoot me a message with what you’re thinking about at one of my properties and we can make something work!

We own a concierge company for nightlife and restaurants and exotic cars. We are your one stop shop for everything nyc! Lived here for 25 years ","0.96","0.83","True","17.0","17.0","True","True","Queens","Entire home/apt","7","2.0","3.0","4.0","[""Air conditioning"", ""Carbon monoxide alarm"", ""Bathtub"", ""Wifi"", ""Shampoo"", ""Private entrance"", ""Hangers"", ""Iron"", ""Heating"", ""Kitchen"", ""TV"", ""Hair dryer"", ""Smoke alarm"", ""Essentials"", ""Long term stays allowed""]","400.0","2","365","2.0","2.0","1125.0","1125.0","2.0","1125.0","True","12","42","72","345","2","2","2","5.0","5.0","5.0","5.0","5.0","5.0","True","10","10","0","0","2.0","7"
"GRAND OPENING NEW 2 bedroom in Times Square area","Enjoy a stylish experience at this centrally-located apartment in the middle of NYC.","","John","US","","1.0","1.0","True","0.0","0.0","True","True","Manhattan","Entire home/apt","5","1.0","2.0","2.0","[""TV"", ""Radiant heating"", ""Wine glasses"", ""Toaster"", ""Microwave"", ""Hangers"", ""Carbon monoxide alarm"", ""Cleaning products"", ""Wifi"", ""Body soap"", ""Shampoo"", ""Dishes and silverware"", ""Air conditioning"", ""Essentials"", ""Hot water"", ""Bathtub"", ""Conditioner"", ""Kitchen"", ""Fire extinguisher"", ""Clothing storage"", ""Cooking basics"", ""Hair dryer"", ""Stove"", ""Smoke alarm"", ""Dishwasher"", ""Dining table"", ""Iron"", ""Freezer"", ""Oven"", ""Refrigerator"", ""Bed linens"", ""Shower gel"", ""Coffee maker""]","450.0","3","21","2.0","3.0","21.0","21.0","3.0","21.0","True","5","28","55","323","2","2","2","5.0","5.0","5.0","5.0","5.0","5.0","False","1","1","0","0","2.0","2"
"Near LGA and JFK Airport New Charming Guest Suite","The apartment is in the basement <br />With windows <br />It’s a open space not separate <br />Bedroom perfect for families up to 5 people <br /><br />Very Close to LaGuardia Airport 5 to 7min drive , also very close to JFK<br />Airport 25 to 30 min. With a car. Walking distance to LGA airport,<br />Is about 35 min.<br />30 to 40 min to Manhattan , with public transportation .Mostly all<br />1 to 2 family homes , in this quiet neighborhood . No apartment house’s .Play ground across the street .Close by are supermarkets .","mostly 2 families homes <br />no apartment complexes<br />quiet neighborhood<br />many option for shopping and dining<br />located close to LGA airport","Jimmy","Queens, New York, United States","Always there for you, any questions about NYC let me know.
I manage a natural food store .Always in and  outside,
working,
I am married, we have a child.
","1.0","1.0","True","1.0","1.0","True","True","Queens","Private room","4","1.0","1.0","","[""Extra pillows and blankets"", ""Security cameras on property"", ""Free parking on premises"", ""Radiant heating"", ""Microwave"", ""Hangers"", ""Lockbox"", ""Long term stays allowed"", ""Carbon monoxide alarm"", ""Window AC unit"", ""Cleaning products"", ""Wifi"", ""Body soap"", ""Shampoo"", ""Dishes and silverware"", ""Private entrance"", ""Essentials"", ""Hot water"", ""Fire extinguisher"", ""Cooking basics"", ""Dedicated workspace"", ""Hair dryer"", ""Smoke alarm"", ""Dining table"", ""Iron"", ""Freezer"", ""Refrigerator"", ""Shower gel"", ""Clothing storage: closet"", ""Portable heater""]","110.0","1","35","1.0","1.0","1125.0","1125.0","1.0","1125.0","True","20","50","80","170","4","4","4","4.75","4.75","5.0","5.0","4.5","4.75","True","2","0","2","0","4.0","4"
"A Bronx Gem","A true Bronx Gem <br />Forget your worries in this spacious and serene space.<br /><br /><b>The space</b><br />Welcome to the Bronx! This gem is located in a gentrified neighborhood. While booking this Airbnb you are agreeing to the rules below<br /><br />Absolutely no parties<br />No Eating In The Bed The White Sheets Are Kept In The Best Shape For Everyone<br />If Keys are misplaced during your stay a $150 fee will occur.<br /><br /><br />Make yourself at home and enjoy your stay but please respect my home<br /><br /><b>Guest access</b><br />Lock box access check in instructions will be provided the day of your stay<br /><br /><b>Other things to note</b><br />Enhanced Cleaning","Lots of restaurants nearby. Steps away from grocery stores and the yankee stadium.<br /><br />Nearby major highways and public transportation Also The Worlds Yankee Stadium Trains available A,B,C,D less than a 5min walk away from location<br /><br />10min walk to<br />Shopping center<br />TARGET<br />APPLEBEES<br />AT&T<br />BED BATH & BEYOND<br />BEST BUY<br />BJS WHOLESALE CLUB<br />BURLINGTON COAT FACTORY<br />CHUCK E. CHEESE<br />FOOD BAZAR<br />GNC<br />GAME STOP<br />HOME DEPOT<br />MARSHALLS<br />MICHEALS<br />SKETCHERS","Cindy","New York, New York, United States","","1.0","1.0","True","0.0","0.0","True","True","Bronx","Entire home/apt","4","1.0","2.0","3.0","[""TV"", ""Indoor fireplace"", ""Microwave"", ""First aid kit"", ""Lockbox"", ""Long term stays allowed"", ""Carbon monoxide alarm"", ""Washer"", ""Cleaning products"", ""Wifi"", ""Body soap"", ""Shampoo"", ""Dishes and silverware"", ""Air conditioning"", ""Essentials"", ""Hot water"", ""Bathtub"", ""Conditioner"", ""Kitchen"", ""Fire extinguisher"", ""Hair dryer"", ""Stove"", ""Smoke alarm"", ""Dining table"", ""Iron"", ""Oven"", ""Elevator"", ""Refrigerator"", ""Bed linens"", ""Paid dryer \u2013 In building"", ""Shower gel"", ""Trash compactor""]","200.0","2","365","2.0","2.0","1125.0","1125.0","2.0","1125.0","True","16","45","75","350","1","1","1","4.0","4.0","2.0","3.0","3.0","4.0","True","1","1","0","0","1.0","1"
"Large 1 bedroom apartment Gramercy/East Village.","This is a spacious  1 bedroom apartment. It is a fully furnished home. The building has a doorman and elevator. It has a private balcony with beautiful views of the One World Tower.<br /><br /><b>The space</b><br />This is a spacious  1 bedroom apartment. It is a fully furnished home. It has a balcony With beautiful views of the One World Tower. The building has a doorman and elevator.<br /><br /><b>Other things to note</b><br />This is apartment is strictly for a maximum of 2 people. No parties allowed!!","Around the area are some of Manhattan's best restaurants and bars. 5-10 minute walk to Union Square and the Farmers Market.","Svetlana","New York, New York, United States","","1.0","0.83","True","1.0","1.0","True","True","Manhattan","Entire home/apt","2","1.0","1.0","1.0","[""Baking sheet"", ""TV"", ""Hot water kettle"", ""Wine glasses"", ""Nespresso machine"", ""Microwave"", ""Toaster"", ""Central heating"", ""Long term stays allowed"", ""Dedicated workspace: monitor, office chair, and desk"", ""Cleaning products"", ""Wifi"", ""Laundromat nearby"", ""Dishes and silverware"", ""Stainless steel oven"", ""Air conditioning"", ""Essentials"", ""Hot water"", ""Kitchen"", ""Cooking basics"", ""Room-darkening shades"", ""Gas stove"", ""Smoke alarm"", ""Dishwasher"", ""Dining table"", ""Iron"", ""Freezer"", ""Elevator"", ""Refrigerator"", ""Coffee maker"", ""Paid parking garage off premises""]","169.0","3","365","3.0","3.0","365.0","365.0","3.0","365.0","True","1","1","2","36","1","1","1","5.0","5.0","5.0","5.0","5.0","5.0","False","1","1","0","0","1.0","6"
"Near LGA and JFK Airport Nice Cozy Basement Room","Very Close to LaGuardia Airport 5 to 7min drive , also very close to JFK<br />Airport 25 to 30 min. With a car. Walking distance to LGA airport,<br />Is about 35 min.<br />30 to 40 min to Manhattan , with public transportation .Mostly all<br />1 to 2 family homes , in this quiet neighborhood . No apartment house’s .Play ground across the street .Close by are supermarkets .<br /><br /><b>The space</b><br />You will get a private Basment room<br />You can use the shared bathroom <br />And the shared kitchenette <br /><br />The bathroom is in the same room as the toilet in close proximity <br />With a standing shower <br />The boiler room is next to your room <br />And it will make noise when it’s on<br /><br /><b>Guest access</b><br />You can use the shared kitchenette <br />And the shared bathroom <br />You have a separate fridge in your room<br />You can use the back yard","mostly 2 families homes<br />no apartment complexes<br />quiet neighborhood<br />many option for shopping and dining<br />located close to LGA airport","Jimmy","Queens, New York, United States","Always there for you, any questions about NYC let me know.
I manage a natural food store .Always in and  outside,
working,
I am married, we have a child.
","1.0","1.0","True","1.0","1.0","True","True","Queens","Private room","2","1.0","1.0","1.0","[""Security cameras on property"", ""Lock on bedroom door"", ""Free parking on premises"", ""Radiant heating"", ""Hangers"", ""Lockbox"", ""Long term stays allowed"", ""Carbon monoxide alarm"", ""Wifi"", ""Body soap"", ""Dishes and silverware"", ""Shampoo"", ""Dryer"", ""Private entrance"", ""Air conditioning"", ""Essentials"", ""Hot water"", ""Conditioner"", ""Cooking basics"", ""Dedicated workspace"", ""Hair dryer"", ""Clothing storage: closet and walk-in closet"", ""Smoke alarm"", ""Iron"", ""Shower gel"", ""Portable heater""]","75.0","1","35","1.0","1.0","1125.0","1125.0","1.0","1125.0","True","21","51","81","171","1","1","1","5.0","5.0","5.0","5.0","5.0","5.0","True","2","0","2","0","1.0","4"
"Beautiful sunny bedroom in heart of Astoria","Beautiful spacious and sunny bed room in heart of Astoria! Perfect peaceful place to rest after adventurous day in New York.","","Liudmila","New York, New York, United States","","1.0","0.97","True","0.0","0.0","True","True","Queens","Private room","1","1.0","1.0","1.0","[""Kitchen"", ""Long term stays allowed"", ""Lock on bedroom door"", ""Wifi"", ""Smoke alarm"", ""Air conditioning""]","70.0","3","365","3.0","3.0","365.0","365.0","3.0","365.0","True","0","2","32","307","1","1","1","5.0","5.0","5.0","5.0","5.0","5.0","False","2","0","2","0","1.0","2"
"#2 PRIVATE LUXURY BEDROOM - Full Size Bed","Fantastic room in a beautiful home in Jamaica Queens. 6 minutes from JFK Airport, never miss a flight.<br />8 minutes from to the amazing Green Acres Mall.","","Christian","US","","1.0","1.0","True","3.0","3.0","True","True","Queens","Private room","1","1.0","1.0","1.0","[""Air conditioning"", ""Fire extinguisher"", ""Dedicated workspace"", ""Carbon monoxide alarm"", ""Lock on bedroom door"", ""Keypad"", ""First aid kit"", ""TV"", ""Wifi"", ""Smoke alarm"", ""Kitchen"", ""Long term stays allowed""]","54.0","3","60","3.0","3.0","1125.0","1125.0","3.0","1125.0","True","20","50","80","355","2","2","2","5.0","5.0","5.0","5.0","5.0","5.0","True","3","0","3","0","2.0","2"
"Cheerful Room in Brooklyn #2","Enjoy your stay in this peaceful and centrally-located private room at 3 minutes walk to the L Subway, and 16 minutes to JFK Airport, and other ways to easily roam around Brooklyn on buses.","Our place is in a very safe dead end, and we are: <br />One block away from the 69th Precinct, <br />One block away from the Fire Department,<br />2 minutes walk from Canarsie Subway Station,<br />Many restaurants & supermarkets nearby.","Chemaly","Brooklyn, New York, United States","","1.0","1.0","True","0.0","0.0","True","True","Brooklyn","Private room","2","1.0","1.0","1.0","[""Fire extinguisher"", ""Lock on bedroom door"", ""Smoke alarm"", ""Shower gel"", ""Dishes and silverware"", ""Cleaning products"", ""Dedicated workspace"", ""Body soap"", ""Hot water"", ""Laundromat nearby"", ""TV"", ""Refrigerator"", ""Lockbox"", ""Hangers"", ""First aid kit"", ""Kitchen"", ""Microwave"", ""Bed linens"", ""Carbon monoxide alarm"", ""Free street parking"", ""Bathtub"", ""Iron"", ""Heating"", ""Wifi"", ""Essentials""]","46.0","1","22","1.0","1.0","22.0","22.0","1.0","22.0","True","19","49","79","169","3","3","3","4.67","4.33","5.0","5.0","4.67","4.67","False","4","0","4","0","3.0","2"
"Convenient Small Room, a Cozy Stay in Brooklyn. #4","Enjoy your stay in this peaceful and centrally-located private small room (about 60 sq feet) at 3 minutes walk to the L Subway, and 16 minutes to JFK Airport, and other ways to easily roam around Brooklyn on buses.","Our place is in a very safe dead end, and we are:<br />One block away from the 69th Precinct,<br />One block away from the Fire Department,<br />2 minutes walk from Canarsie Subway Station,<br />Many restaurants & supermarkets nearby.","Chemaly","Brooklyn, New York, United States","","1.0","1.0","True","0.0","0.0","True","True","Brooklyn","Private room","2","1.0","1.0","1.0","[""Fire extinguisher"", ""Lock on bedroom door"", ""Smoke alarm"", ""Shower gel"", ""Dishes and silverware"", ""Cleaning products"", ""Dedicated workspace"", ""Body soap"", ""Hot water"", ""Laundromat nearby"", ""TV"", ""Refrigerator"", ""Lockbox"", ""Hangers"", ""First aid kit"", ""Kitchen"", ""Microwave"", ""Bed linens"", ""Carbon monoxide alarm"", ""Free street parking"", ""Bathtub"", ""Iron"", ""Heating"", ""Wifi"", ""Essentials""]","40.0","1","22","1.0","1.0","22.0","22.0","1.0","22.0","True","10","39","69","159","5","5","5","5.0","5.0","5.0","5.0","4.8","5.0","False","4","0","4","0","5.0","2"
"1- bedroom apartment in Hell’s Kitchen","Keep it simple at this peaceful and centrally-located place. 10 minutes from Times Square ,15 minutes from Central Park","","Yana","Samara, Samara Oblast, Russia","Russian , traveler 
","0.78","1.0","True","0.0","0.0","True","True","Manhattan","Entire home/apt","2","1.0","1.0","1.0","[""Hangers"", ""Dishwasher"", ""Kitchen"", ""Long term stays allowed"", ""Freezer"", ""Piano"", ""Dedicated workspace"", ""Stainless steel oven"", ""Refrigerator"", ""Wifi"", ""Dishes and silverware"", ""Coffee maker"", ""Central heating"", ""Air conditioning"", ""Essentials"", ""Hot water""]","201.0","3","365","3.0","3.0","1125.0","1125.0","3.0","1125.0","True","1","12","41","41","1","1","1","5.0","5.0","5.0","5.0","5.0","5.0","False","1","1","0","0","1.0","7"
"Restful Room for 1 to 3 Guests #1","Enjoy your stay in this peaceful and centrally-located private room at 3 minutes walk to the L Subway, and 16 minutes to JFK Airport, and other ways to easily roam around Brooklyn on buses.","Our place is in a very safe dead end, and we are:<br />One block away from the 69th Precinct,<br />One block away from the Fire Department,<br />2 minutes walk from Canarsie Subway Station,<br />Many restaurants & supermarkets nearby.","Chemaly","Brooklyn, New York, United States","","1.0","1.0","True","0.0","0.0","True","True","Brooklyn","Private room","3","1.0","1.0","","[""Fire extinguisher"", ""Lock on bedroom door"", ""Smoke alarm"", ""Shower gel"", ""Dishes and silverware"", ""Cleaning products"", ""Dedicated workspace"", ""Body soap"", ""Hot water"", ""Laundromat nearby"", ""TV"", ""Refrigerator"", ""Lockbox"", ""Hangers"", ""First aid kit"", ""Kitchen"", ""Microwave"", ""Bed linens"", ""Carbon monoxide alarm"", ""Free street parking"", ""Bathtub"", ""Iron"", ""Heating"", ""Wifi"", ""Essentials""]","49.0","1","22","1.0","1.0","22.0","22.0","1.0","22.0","True","20","50","80","80","1","1","1","5.0","5.0","5.0","5.0","5.0","5.0","False","4","0","4","0","1.0","2"
"Comfortable studio on the upper west side","Take it easy at this cozy space in a hectic city","","Elijah","New York, New York, United States","Creative, looking for nice places to stay ","0.86","0.92","True","1.0","1.0","True","True","Manhattan","Entire home/apt","2","1.0","1.0","1.0","[""Hangers"", ""Kitchen"", ""Long term stays allowed"", ""Carbon monoxide alarm"", ""TV"", ""Piano"", ""Fire extinguisher"", ""Dedicated workspace: office chair, desk, and table"", ""Hair dryer"", ""Cleaning products"", ""Cooking basics"", ""Wifi"", ""Dishes and silverware"", ""Laundromat nearby"", ""Shampoo"", ""Smoke alarm"", ""First aid kit"", ""Air conditioning"", ""Essentials"", ""Hot water""]","125.0","3","60","3.0","3.0","1125.0","1125.0","3.0","1125.0","True","3","33","63","338","1","1","1","3.0","1.0","5.0","5.0","5.0","4.0","True","1","1","0","0","1.0","6"
"Sunset Crown heights private room! Near train/food","","","Eric","Brooklyn, New York, United States","","0.99","0.98","True","24.0","24.0","True","True","Brooklyn","Private room","2","1.0","1.0","1.0","[""TV"", ""Lock on bedroom door"", ""Hot water kettle"", ""Toaster"", ""First aid kit"", ""Hangers"", ""Long term stays allowed"", ""Carbon monoxide alarm"", ""Washer"", ""Wifi"", ""Heating"", ""Body soap"", ""Shampoo"", ""Dryer"", ""Dishes and silverware"", ""Air conditioning"", ""Stainless steel oven"", ""Essentials"", ""Hot water"", ""Bathtub"", ""Free street parking"", ""Stainless steel gas stove"", ""Kitchen"", ""Fire extinguisher"", ""Clothing storage"", ""Cooking basics"", ""Dedicated workspace"", ""Hair dryer"", ""Smoke alarm"", ""Keypad"", ""Dishwasher"", ""Iron"", ""Freezer"", ""Refrigerator"", ""Shared patio or balcony"", ""Bed linens"", ""Gym""]","85.0","3","365","3.0","3.0","1125.0","1125.0","3.0","1125.0","True","16","44","74","349","1","1","1","5.0","5.0","5.0","5.0","5.0","5.0","False","24","0","24","0","1.0","8"
"Lovely  sunshine one bedroom in Queens","","","Karen","New York, New York, United States","","","","True","14.0","14.0","True","True","Queens","Private room","2","1.0","1.0","1.0","[""Hangers"", ""Kitchen"", ""Long term stays allowed"", ""Carbon monoxide alarm"", ""Lock on bedroom door"", ""Hair dryer"", ""Wifi"", ""Heating"", ""Shampoo"", ""Smoke alarm"", ""First aid kit"", ""Air conditioning"", ""Essentials""]","52.0","1","365","1.0","1.0","365.0","365.0","1.0","365.0","True","1","25","53","328","1","1","1","5.0","5.0","5.0","5.0","5.0","5.0","True","16","0","16","0","1.0","2"
"Gorgeous view Private room. Nearly Train/Food","","","Eric","Brooklyn, New York, United States","","0.99","0.98","True","24.0","24.0","True","True","Brooklyn","Private room","2","1.0","1.0","1.0","[""TV"", ""Lock on bedroom door"", ""Hot water kettle"", ""Toaster"", ""First aid kit"", ""Hangers"", ""Long term stays allowed"", ""Carbon monoxide alarm"", ""Stainless steel stove"", ""Washer"", ""Wifi"", ""Laundromat nearby"", ""Heating"", ""Body soap"", ""Shampoo"", ""Dryer"", ""Dishes and silverware"", ""Air conditioning"", ""Stainless steel oven"", ""Essentials"", ""Hot water"", ""Bathtub"", ""Free street parking"", ""Kitchen"", ""Fire extinguisher"", ""Clothing storage"", ""Cooking basics"", ""Dedicated workspace"", ""Hair dryer"", ""Smoke alarm"", ""Keypad"", ""Dishwasher"", ""Dining table"", ""Iron"", ""Freezer"", ""Refrigerator"", ""Shared patio or balcony"", ""Bed linens"", ""Gym""]","85.0","3","365","3.0","3.0","1125.0","1125.0","3.0","1125.0","True","17","47","77","352","2","2","2","4.0","4.5","5.0","3.5","5.0","4.5","True","24","0","24","0","2.0","8"
"Red Brick Landmark Home Unit 2","Kick back and relax in this quiet , cozy, calm & unique space.<br /><br /><b>The space</b><br />It’s one of New York’s registered landmark houses on the block, Which was built in 1899. It’s semi detached and contained most of the original architectural designs.","Relaxing and Homely City Life. <br /><br />Walking distance to Interfaith Medical Hospital, Banks, Blink(gym), Deli Shops, Cafes/Restaurant, (some Caribbean flavor). All within a mile radius. <br /><br />Accessible train station located within 2 blocks ( A & C  line) & Long Island Railroad. Also bus options; numbers 25, 15, 43, and 44 are available.<br /> <br />The number 15 bus can take you to and from JFK airport. City bikes is also available.<br />Entertainment stadium (Barclays Center ) 30-45 minutes walk. Children’s Museum, Botanic Garden, Restoration  Plaza and Atlantic Terminal Mall can all be accessed from this home.<br /><br />*Street Parking is available","Sharon","Brooklyn, New York, United States","","1.0","1.0","True","0.0","0.0","True","True","Brooklyn","Entire home/apt","3","1.0","1.0","2.0","[""Extra pillows and blankets"", ""Luggage dropoff allowed"", ""TV"", ""Microwave"", ""Central heating"", ""Ceiling fan"", ""Long term stays allowed"", ""Carbon monoxide alarm"", ""Cleaning products"", ""Wifi"", ""Laundromat nearby"", ""Shampoo"", ""Dishes and silverware"", ""Air conditioning"", ""Free street parking"", ""Essentials"", ""Hot water"", ""Conditioner"", ""Kitchen"", ""Fire extinguisher"", ""Cooking basics"", ""Dedicated workspace"", ""Hair dryer"", ""Smoke alarm"", ""Iron"", ""Oven"", ""Electric stove"", ""Refrigerator"", ""Shower gel"", ""Cleaning before checkout""]","130.0","2","28","2.0","2.0","1125.0","1125.0","2.0","1125.0","True","7","37","65","340","4","4","4","5.0","5.0","5.0","5.0","5.0","5.0","True","3","3","0","0","4.0","2"
"East Flatbush Cozy Renovated Modern 2Bedroom.","Kick back and relax in this calm, stylish space. Located in East Flatbush. This entire 2 bedroom apartment is great for a staycation, as a work-from-home alternative, or for families.  Perfect for anyone visiting the area. With a dedicated workstation and High-Speed wifi, this is your place of choice!<br /><br />The subway from the house is a little less than a mile from the Flatbush line.<br />We are in the vicinity of 3 different train lines and many bus lines.","This is the East Flatbush area of Brooklyn, Also known as ""Little Caribbean"". The area is mostly a Caribbean, American neighborhood. It is within walking distance of lots of take-out restaurants serving American, Caribbean, Chinese, and Italian food. You can take a bus or uber to Flatbush Junction where you will find shopping and popular restaurants such as Italian food, Applebees Grill, Bake and things, Picky Eaters, and much more.<br />In most cases, you can get to the most popular spots by only taking one train, such as:<br />Brooklyn Museum<br />Brooklyn Botanical Gardens<br />Brooklyn Academy of Music<br />Juniors Restaurant (World Famous Cheese Cake)<br />South Street Seaport<br />Brooklyn Bridge Park<br />Barclays Center<br />Penn Station<br />Madison Square Garden<br />We have plenty of street parking on the block. Please observe the street parking rules which are located on the street poles.","Pheris","New York, New York, United States","We are Boyer  Partners, New York & New Jersery  and North Carolina’s most respected and requested AirBNB set up and management company

Our desire is to  make your stay at our space feel like staying with family inquire within about the properties we manage in a city near  you ! ","1.0","0.77","True","7.0","7.0","True","True","Brooklyn","Entire home/apt","4","1.0","2.0","3.0","[""Cooking basics"", ""Security cameras on property"", ""Room-darkening shades"", ""Fire extinguisher"", ""Hot water kettle"", ""Smoke alarm"", ""Shower gel"", ""Smart lock"", ""Dishes and silverware"", ""Extra pillows and blankets"", ""Dedicated workspace"", ""Body soap"", ""Hot water"", ""Stainless steel oven"", ""Ceiling fan"", ""Coffee maker"", ""Laundromat nearby"", ""TV"", ""Clothing storage: closet"", ""Keurig coffee machine"", ""Gas stove"", ""Refrigerator"", ""Toaster"", ""Freezer"", ""Hangers"", ""First aid kit"", ""Hair dryer"", ""Kitchen"", ""Bed linens"", ""Microwave"", ""Long term stays allowed"", ""Radiant heating"", ""Carbon monoxide alarm"", ""Free street parking"", ""Wine glasses"", ""Iron"", ""Wifi"", ""Essentials""]","118.0","2","365","2.0","2.0","1125.0","1125.0","2.0","1125.0","True","9","37","67","342","1","1","1","5.0","5.0","5.0","5.0","5.0","5.0","False","4","4","0","0","1.0","2"
"Private room for YOU!","Hey friends! <br /><br />Apartment type: Shared with multiple Airbnb Rooms <br /><br />Room: Private bedroom and shared bathroom <br /><br />Location: Just a bridge away from Manhattan! 5 minute walk to Subway <br /><br />Restaurants & Stores: Anything you need is walking distance. <br /><br />Parking: Free street parking available. No private parking provided.<br /><br />No need to keep searching- book with us you won’t regret it :)","","Brenda","Lutz, Florida, United States","Hey friends. My name is Brenda. I’m attentive with your needs, quick to respond, and ready to be your 5 start host! :) ","0.99","1.0","True","17.0","17.0","True","True","Queens","Private room","2","1.0","1.0","1.0","[""Hangers"", ""Iron"", ""TV"", ""Lock on bedroom door"", ""Hair dryer"", ""Cleaning products"", ""Wifi"", ""Heating"", ""Air conditioning"", ""Essentials""]","61.0","1","10","1.0","1.0","1125.0","1125.0","1.0","1125.0","True","12","42","72","72","2","2","2","4.0","4.5","5.0","5.0","5.0","4.5","True","17","0","17","0","2.0","2"
"Room Near Manhattan for TWO!","Hey friends! <br /><br />Apartment type: Shared with multiple Airbnb Rooms <br /><br />Room: Private bedroom and (2) shared bathrooms<br /><br />Location: 5 minute walk to Subway - Close to Manhattan!<br /><br />Restaurants & Stores: Anything you need is walking distance. <br /><br />Parking: Free street parking available. No private parking provided.<br /><br />No need to keep searching- book with us you won’t regret it :)","","Brenda","Lutz, Florida, United States","Hey friends. My name is Brenda. I’m attentive with your needs, quick to respond, and ready to be your 5 start host! :) ","0.99","1.0","True","17.0","17.0","True","True","Queens","Private room","2","2.0","1.0","","[""Hangers"", ""Iron"", ""TV"", ""Lock on bedroom door"", ""Hair dryer"", ""Wifi"", ""Air conditioning""]","59.0","1","10","1.0","1.0","1125.0","1125.0","1.0","1125.0","True","12","42","72","72","1","1","1","5.0","3.0","5.0","5.0","5.0","3.0","True","17","0","17","0","1.0","2"
"Lovely upstairs 1 bedroom private area with rooftop out bedroom door.","Keep it simple at this peaceful and centrally located place. stunning views of nyc, clean, modern space with rooftop. Private upstairs room.<br /><br />(keep in mind that there is another private room downstairs that is also listed on Airbnb) If you would like the space as an 'Entire apartment' option on airbnb, that is an option as long as the dates you want are available for both private rooms simultaneously.)<br /><br />Close walk (2min) to the J subway train (20min) to Manhattan. <br /><br />4/20 Friendly.<br />sorry no pets.<br /><br /><b>The space</b><br />This bedroom has private access with a separate key to the regular apartment door entry. You'll have both keys but it's nice having the option to come and go through the rooftop door if you don't feel like going downstairs and walking through the common apartment area.<br />You can also completely lock the upstairs space when your there and when you're not there.<br />There is also a private fridge in the bedroom, of course you","","Lauren","Queens, New York, United States","My name is Lauren and I am a Dental therapist who likes to travel . I am a clean non smoker who loves adventure and travel. ","1.0","1.0","True","0.0","0.0","True","True","Brooklyn","Private room","2","1.0","1.0","1.0","[""Bathtub"", ""Kitchen"", ""Long term stays allowed"", ""Carbon monoxide alarm"", ""TV"", ""Mini fridge"", ""Washer"", ""Lock on bedroom door"", ""Wifi"", ""Microwave"", ""Smoke alarm"", ""First aid kit"", ""Air conditioning"", ""Essentials"", ""Hot water""]","63.0","20","365","20.0","20.0","1125.0","1125.0","20.0","1125.0","True","3","33","38","64","1","1","1","5.0","4.0","5.0","5.0","5.0","4.0","True","1","0","1","0","1.0","5"
"1 Furnished Bedroom Available in Brownstone Apt.","One furnished private bedroom available in a  (2) bedroom apartment Brownstone. You will have access to common areas such as kitchen , living-room and bathroom. Spacious Apartment. Private entry to backyard from the bedroom. Stainless steal appliances and hardwood floors. Close to A, C and 1 trains. Near Columbia University Hospital and Recreational Park.","","Bobby","US","","1.0","1.0","True","0.0","0.0","True","True","Manhattan","Private room","1","1.0","2.0","1.0","[""Kitchen"", ""Long term stays allowed"", ""TV"", ""Security cameras on property"", ""Lock on bedroom door"", ""Wifi"", ""Smoke alarm"", ""Air conditioning"", ""First aid kit""]","91.0","1","365","1.0","1.0","365.0","365.0","1.0","365.0","True","25","55","85","360","1","1","1","5.0","5.0","5.0","5.0","5.0","5.0","True","1","0","1","0","1.0","2"
"The Parachute Guest RM","Stay Cozy while you are away from home at this Stylish Space.<br /><br /><b>The space</b><br />The Space very Clean and Practical.<br /><br /><b>Guest access</b><br />The Guest RM is close to front entrance.<br /><br /><b>Other things to note</b><br />The Guest RM has a Dyson Air Purifier","Quiet residential neighborhood with lots of street parking","Anna","New York, New York, United States","I am a Visual Artist sharing my comfortable loft in Coney Island.  The Parachute Loft is a lovely space for those who want a quiet yet breezy getaway. Also sharing the space with International Travelers and Adventurers all seasons.  The space is two blocks to the Coney Island Beach/ Boardwalk, a short stroll to The Luna Park, and Games and the Metro Trains.  There is an express bus to Manhattan also available near by. Film or photo shoots are possible with a fee to be negotiated.","","","True","2.0","2.0","True","True","Brooklyn","Private room","2","1.0","1.0","","[""Cooking basics"", ""Security cameras on property"", ""Portable fans"", ""Room-darkening shades"", ""Fire extinguisher"", ""Lock on bedroom door"", ""Trash compactor"", ""Hot water kettle"", ""Beachfront"", ""Smoke alarm"", ""Dishwasher"", ""Dishes and silverware"", ""Cleaning products"", ""Extra pillows and blankets"", ""Luggage dropoff allowed"", ""Dedicated workspace"", ""Beach essentials"", ""Conditioner"", ""Private fenced garden or backyard"", ""Hot water"", ""Stainless steel oven"", ""Ceiling fan"", ""Free parking on premises"", ""Coffee maker"", ""Laundromat nearby"", ""Clothing storage: closet"", ""Rice maker"", ""Refrigerator"", ""Bikes"", ""Olay body soap"", ""Free dryer \u2013 In building"", ""TV with Amazon Prime Video, Roku"", ""Toaster"", ""Freezer"", ""Hangers"", ""Host greets you"", ""First aid kit"", ""Hair dryer"", ""Kitchen"", ""Bed linens"", ""Microwave"", ""Dining table"", ""Long term stays allowed"", ""Mini fridge"", ""Safe"", ""Portable heater"", ""Radiant heating"", ""Barbecue utensils"", ""Carbon monoxide alarm"", ""BBQ grill"", ""Free street parking"", ""Wifi"", ""Shampoo"", ""Wine glasses"", ""Baking sheet"", ""Iron"", ""Central heating"", ""Washer"", ""Essentials"", ""Stainless steel gas stove""]","50.0","1","365","1.0","1.0","365.0","365.0","1.0","365.0","True","1","3","33","308","1","1","1","5.0","5.0","5.0","5.0","5.0","5.0","False","3","0","3","0","1.0","6"
"Lovely Bedroom in Spacious Greenpoint Apartment","Stylish and roomy large 2 bedroom apartment with warm, home-y feel.  Room I'm renting is large, quiet, with nice closet. Central air, Wifi, TV with some streaming options, private roof access.  Greenpoint has lots of restaurants, bars, venues and the beautiful McGolrick Park is one block away. <br />Close to Williamsburg, Bushwick, and Long Island City, short train ride to Manhattan.  Please note I do live in the apartment, so while I definitely appreciate privacy, it is a shared apartment rental.","","Jared","New York, New York, United States","Work in book publishing, at a literary agency.  Love playing music in many forms and instruments.  Just a general arts, humanities, pseudo-foodie guy.  Quite social but do want my own down time when traveling. Grew up helping parents during the summers run a small Bed & Breakfast, so somewhat used to personal accommodation situations.  ","1.0","0.5","True","0.0","0.0","True","True","Brooklyn","Private room","2","1.0","1.0","1.0","[""Extra pillows and blankets"", ""Baking sheet"", ""BBQ grill"", ""Hot water kettle"", ""Private patio or balcony"", ""Wine glasses"", ""Barbecue utensils"", ""Microwave"", ""Central heating"", ""First aid kit"", ""Hangers"", ""Marantz sound system with aux"", ""Portable fans"", ""Long term stays allowed"", ""Piano"", ""Cleaning products"", ""Record player"", ""Wifi"", ""Laundromat nearby"", ""Body soap"", ""Shampoo"", ""Dishes and silverware"", ""Air conditioning"", ""Free street parking"", ""Essentials"", ""Hot water"", ""Bathtub"", ""Conditioner"", ""Kitchen"", ""Cable TV"", ""Cooking basics"", ""Dedicated workspace"", ""Room-darkening shades"", ""Stove"", ""TV with standard cable"", ""Smoke alarm"", ""Dishwasher"", ""Dining table"", ""Iron"", ""Freezer"", ""Oven"", ""Refrigerator"", ""Bed linens"", ""Shower gel"", ""Clothing storage: closet"", ""Coffee maker""]","99.0","2","31","2.0","2.0","31.0","31.0","2.0","31.0","True","15","44","74","164","1","1","1","5.0","5.0","5.0","5.0","5.0","5.0","False","1","0","1","0","1.0","4"
"amazing location a few minutes walk from time Square and the empire state building. main subway lines also under 5 minutes walk.  enjoy the convenience of being in the heart of nyc!!","This special place is close to everything, making it easy to plan your visit.  Don't waste time commuting stay at my place and you be in the middle of all the places you'll want to see while visiting nyc!!","","Nathan","Gloucester, Massachusetts, United States","","1.0","0.9","True","0.0","0.0","True","True","Manhattan","Entire home/apt","3","1.0","1.0","1.0","[""Bathtub"", ""Hangers"", ""Extra pillows and blankets"", ""Kitchen"", ""Long term stays allowed"", ""Heating"", ""TV"", ""Portable fans"", ""Cooking basics"", ""Cleaning products"", ""Room-darkening shades"", ""Wifi"", ""Shower gel"", ""Dishes and silverware"", ""Body soap"", ""Shampoo"", ""Smoke alarm"", ""Essentials"", ""Hot water""]","170.0","1","365","1.0","1.0","365.0","365.0","1.0","365.0","True","12","42","72","159","5","5","5","4.4","4.6","4.8","4.8","4.6","4.6","False","1","1","0","0","5.0","3"
"The suite private bath king size bed","The whole group will enjoy easy access to everything from this centrally located place.<br /><br /><b>Guest access</b><br />Living room , kitchen","Close to manhattan 15 min drive and 5 min from the subway","George","US","","1.0","0.97","True","2.0","2.0","True","True","Queens","Private room","2","1.0","2.0","1.0","[""TV"", ""Lock on bedroom door"", ""Free parking on premises"", ""Wine glasses"", ""Microwave"", ""Central heating"", ""First aid kit"", ""Hangers"", ""Ethernet connection"", ""Long term stays allowed"", ""Cleaning products"", ""Wifi"", ""Laundromat nearby"", ""Body soap"", ""Shampoo"", ""Dishes and silverware"", ""Air conditioning"", ""Free street parking"", ""Essentials"", ""Hot water"", ""Conditioner"", ""Safe"", ""Kitchen"", ""Fire extinguisher"", ""Cooking basics"", ""Dedicated workspace"", ""Room-darkening shades"", ""Rice maker"", ""Gas stove"", ""Smoke alarm"", ""Dining table"", ""Freezer"", ""Oven"", ""Refrigerator"", ""Bed linens"", ""Shower gel"", ""Clothing storage: closet"", ""Coffee maker""]","88.0","2","365","2.0","2.0","365.0","365.0","2.0","365.0","True","17","47","77","352","1","1","1","5.0","5.0","5.0","5.0","5.0","5.0","False","3","0","3","0","1.0","1"
"Cozy 2 bedroom apt, minutes from SI Ferry. Pets ✅","Relax with the family and pets in a cozy 2 bedroom apartment only minutes walking distance to the Staten Island Ferry, Empire Outlets, Staten Island Yankees ballpark, and a fantastic array of restaurants offering a diverse spectrum of foods to suit almost any palate!<br /><br /><b>The space</b><br />Minutes from free transportation to Manhattan, as well as several quaint coffee shops and eateries.","The place is a block away from a store , coffee shop and a local resturant /slash bar which has amazing burgers , also minutes away walking to the Staten Island ferry.","Mike","Staten Island, New York, United States","","1.0","1.0","True","0.0","0.0","True","True","Staten Island","Entire home/apt","4","1.0","2.0","2.0","[""Cooking basics"", ""Fire extinguisher"", ""Hot water kettle"", ""Smoke alarm"", ""Dishes and silverware"", ""Cleaning products"", ""Extra pillows and blankets"", ""Dedicated workspace"", ""Conditioner"", ""Hot water"", ""Free parking on premises"", ""Coffee maker"", ""Laundromat nearby"", ""TV"", ""Keurig coffee machine"", ""Refrigerator"", ""Lockbox"", ""Toaster"", ""Freezer"", ""Hangers"", ""First aid kit"", ""Pack \u2019n play/Travel crib"", ""Hair dryer"", ""Dove  body soap"", ""Kitchen"", ""Microwave"", ""Dining table"", ""Long term stays allowed"", ""Air conditioning"", ""Radiant heating"", ""Single level home"", ""Carbon monoxide alarm"", ""Free street parking"", ""Bathtub"", ""Oven"", ""Stove"", ""Shampoo"", ""Wine glasses"", ""Private entrance"", ""Clothing storage"", ""Iron"", ""Wifi"", ""Essentials""]","120.0","1","365","1.0","1.0","365.0","365.0","1.0","365.0","True","13","43","73","345","5","5","5","5.0","5.0","5.0","5.0","4.4","5.0","True","1","1","0","0","5.0","1"
"Gorgeous 1Br in the heart of NoMad","Spacious one-bedroom apartment right in the heart of Manhattan. Located just off of Park Avenue and within walking distance of all the great cultural and dining experiences  the city has to offer. <br /><br />Мodern 1 bedroom equipped with high-speed internet, heat and a/c. The apartment comes fully furnished: the Kitchen has gas cooktop, a toaster, an oven, tea kettle, microwave and refrigerator.  The Bedroom is furnished with a full size bed and the Living Room has a comfortable couch.","","Artem","New York, New York, United States","","1.0","1.0","True","0.0","0.0","True","True","Manhattan","Entire home/apt","4","1.0","1.0","2.0","[""Extra pillows and blankets"", ""TV"", ""Radiant heating"", ""Wine glasses"", ""Hangers"", ""Lockbox"", ""Long term stays allowed"", ""Carbon monoxide alarm"", ""Cleaning products"", ""Wifi"", ""Body soap"", ""Shampoo"", ""Dishes and silverware"", ""Drying rack for clothing"", ""Air conditioning"", ""Essentials"", ""Hot water"", ""Bathtub"", ""Conditioner"", ""Kitchen"", ""Clothing storage"", ""Cooking basics"", ""Dedicated workspace"", ""Hair dryer"", ""Smoke alarm"", ""Iron"", ""Bed linens"", ""Shower gel""]","194.0","2","365","2.0","2.0","365.0","365.0","2.0","365.0","True","0","26","56","136","3","3","3","5.0","5.0","5.0","5.0","5.0","5.0","False","1","1","0","0","3.0","5"
"Great location-Pvt Studio, with pvt entrance","Enjoy cozy, newly renovated Entire Studio Apt, with pvt entry from the garden (alley on the right side of house). Full bathroom and kitchenette, located in lower level of the house. Smoke, Drug and Party free house. Easy commute to Manhattan, JFK and LaGuardia. 5min to local Subway R & M, 30min to the center of Manhattan. Full Bed, with extra sleep on Sofa, full Bathroom. Smart TV with HBOmax. Comfortable AC/Heating. Around 3 big Queens Malls with Restaurants. Self check-in after 3pm.","Quite residential but close to 3 Queens Malls","Elzbieta","Queens, New York, United States","","1.0","1.0","True","0.0","0.0","True","True","Queens","Entire home/apt","2","1.0","1.0","2.0","[""Window guards"", ""Extra pillows and blankets"", ""Luggage dropoff allowed"", ""Security cameras on property"", ""Nespresso machine"", ""Microwave"", ""Central heating"", ""Long term stays allowed"", ""Carbon monoxide alarm"", ""Cleaning products"", ""Fire pit"", ""Wifi"", ""Central air conditioning"", ""Laundromat nearby"", ""GM refrigerator"", ""Body soap"", ""Shampoo"", ""Dishes and silverware"", ""Drying rack for clothing"", ""Private entrance"", ""Free street parking"", ""Essentials"", ""Hot water"", ""Bathtub"", ""Conditioner"", ""Kitchen"", ""Cable TV"", ""Fire extinguisher"", ""32\"" TV with standard cable"", ""Dedicated workspace"", ""Cooking basics"", ""Hair dryer"", ""Clothing storage: closet and walk-in closet"", ""Smoke alarm"", ""Keypad"", ""Dining table"", ""Private fenced garden or backyard"", ""Bed linens"", ""Trash compactor"", ""Shower gel"", ""Coffee maker""]","85.0","3","28","3.0","3.0","28.0","28.0","3.0","28.0","True","1","31","61","336","3","3","3","5.0","5.0","5.0","5.0","5.0","5.0","False","1","1","0","0","3.0","2"
"The best location to stay in New York City.","The apartment is located in the charming neighborhood of Inwood Manhattan in New York City. A and 1 train stations and bus stop just a few steps away. around the building you can find different restaurants, bars, night clubs, parks, parking garage, The Hudson River,  museums, pharmacies, and supermarkets open 24 hours. Our place has one rooms and one king size beds, a full bathrooms and a kitchen fully equipped with a dinner table and 4 chairs.<br /><br /><b>The space</b><br />A bedroom with a king size bed, ceiling fan, night table, a work desk with an office chair, drawer and light, Fire TV, Wi-Fi. separated big kitchen fully equipped with a dinner table and 4 chairs. A full bathroom with bathtub.<br /><br /><b>Other things to note</b><br />Keep in mind that the heating system is by radiators, so in the cold winter months only on some occasions when the heating system is working it could produce a little noise.  One way to avoid this noise is to close or fully open the heater. Only i","","Luis & Ana","New York, New York, United States","","1.0","1.0","True","0.0","0.0","True","True","Manhattan","Entire home/apt","3","1.0","1.0","1.0","[""Children\u2019s dinnerware"", ""Extra pillows and blankets"", ""Baking sheet"", ""Radiant heating"", ""Wine glasses"", ""Toaster"", ""Microwave"", ""Hangers"", ""Ethernet connection"", ""Ceiling fan"", ""Lockbox"", ""Long term stays allowed"", ""Cleaning products"", ""Wifi"", ""Laundromat nearby"", ""TV with "", ""Body soap"", ""Shampoo"", ""Dishes and silverware"", ""Private entrance"", ""Paid parking lot off premises"", ""Free street parking"", ""Essentials"", ""Hot water"", ""Bathtub"", ""Kitchen"", ""Cooking basics"", ""Dedicated workspace"", ""Hair dryer"", ""Portable air conditioning"", ""Dining table"", ""Iron"", ""Freezer"", ""Electric stove"", ""Refrigerator"", ""Bed linens"", ""Trash compactor"", ""Shower gel"", ""Clothing storage: closet"", ""Coffee maker""]","144.0","6","1125","6.0","6.0","1125.0","1125.0","6.0","1125.0","True","5","35","65","65","1","1","1","5.0","5.0","5.0","5.0","5.0","5.0","True","4","4","0","0","1.0","1"
"The best location to stay in New York City.","The apartment is located in the charming neighborhood of Inwood Manhattan in New York City. A and 1 train stations and bus stop just a few steps away. around the building you can find different restaurants, bars, night clubs, parks, parking garage, The Hudson River,  museums, pharmacies, and supermarkets open 24 hours. Our place has two rooms and two king size beds, a full bathrooms and a kitchen fully equipped with a dinner table and 4 chairs.<br /><br /><b>The space</b><br />A bedroom with a king size bed, ceiling fan, night table, closet, sofa, Fire TV, a works desk with an office chair, drawer, light.<br /><br />The other bedroom with a king size bed, ceiling fan, night table, Fire TV, Wi-Fi. separated big kitchen fully equipped with a dinner table and 4 chairs. A full bathroom with bathtub.<br />.<br /><br /><b>Other things to note</b><br />Keep in mind that the heating system is by radiators, so in the cold winter months only on some occasions when the heating system is working i","","Luis & Ana","New York, New York, United States","","1.0","1.0","True","0.0","0.0","True","True","Manhattan","Entire home/apt","6","1.0","2.0","2.0","[""Extra pillows and blankets"", ""Radiant heating"", ""Wine glasses"", ""Toaster"", ""Microwave"", ""Hangers"", ""Ethernet connection"", ""Ceiling fan"", ""Lockbox"", ""Long term stays allowed"", ""Cleaning products"", ""Wifi"", ""Laundromat nearby"", ""Shampoo"", ""Dishes and silverware"", ""Free street parking"", ""Essentials"", ""Hot water"", ""Bathtub"", ""Conditioner"", ""Kitchen"", ""Cooking basics"", ""Dedicated workspace"", ""Hair dryer"", ""39\"" TV with "", ""Portable air conditioning"", ""Dining table"", ""Iron"", ""Electric stove"", ""Refrigerator"", ""Trash compactor"", ""Coffee maker"", ""Paid parking garage off premises""]","221.0","7","1125","7.0","7.0","1125.0","1125.0","7.0","1125.0","True","5","35","65","65","1","1","1","5.0","5.0","5.0","5.0","5.0","4.0","True","4","4","0","0","1.0","1"
"Sunny & Stylish Oasis in Long Island City, Queens","Find peace and style in the world's greatest city.  This art filled apartment is the perfect getaway for a week long trip, 15 minute commute into the city. Enjoy spacious living in this one bedroom, modern, and perfectly clean space built into a luxury building.<br /><br />If you are looking to easily get into Manhattan, this is your place! The NQR train is right behind this building. Building is built to not hear any noise. The train or cab is 10 minutes into Central Park.","","Katie","Queens, New York, United States","","1.0","1.0","True","0.0","0.0","True","True","Queens","Entire home/apt","4","1.0","1.0","","[""Extra pillows and blankets"", ""Baking sheet"", ""Sonos Bluetooth sound system"", ""Free parking on premises"", ""Hot water kettle"", ""Wine glasses"", ""Toaster"", ""Microwave"", ""Central heating"", ""First aid kit"", ""Hangers"", ""55\"" TV with Amazon Prime Video, Apple TV, HBO Max, Netflix, Roku"", ""Long term stays allowed"", ""Carbon monoxide alarm"", ""Washer"", ""Cleaning products"", ""Record player"", ""Wifi"", ""Paid parking on premises"", ""Body soap"", ""Shampoo"", ""Dishes and silverware"", ""Air conditioning"", ""Stainless steel oven"", ""Essentials"", ""Hot water"", ""Bathtub"", ""Free street parking"", ""Conditioner"", ""Kitchen"", ""Fire extinguisher"", ""Cooking basics"", ""Dedicated workspace"", ""Hair dryer"", ""Rice maker"", ""Stove"", ""Smoke alarm"", ""Dishwasher"", ""Dining table"", ""Iron"", ""Freezer"", ""Elevator"", ""Refrigerator"", ""Bed linens"", ""Shower gel"", ""Free dryer \u2013 In unit"", ""Cleaning before checkout"", ""Coffee maker""]","289.0","3","60","2.0","5.0","3.0","1125.0","3.1","1117.4","True","7","29","42","307","1","1","1","5.0","5.0","5.0","5.0","5.0","5.0","False","1","1","0","0","1.0","4"
"Luxury Suite near Times Square","You can pack a lot into a minute in this central location. The room feels more like a studio, with a private entrance from the hallway.  It’s spacious, giving the residents the most luxurious living experience without sharing any common spaces. It features a king size bed, ensuite bathroom, study desk, 60"" smart TV with a streaming device, mini-fridge, microwave, coffee maker, and kettle. This room is a perfect fit for those looking for ultimate privacy, spacious bed, and comfort.<br /><br /><b>The space</b><br />My space has all the other essentials you need for your experience: <br /><br />• Fitness Center<br />• 24/7 virtual support<br />• Cleaning <br />• Shared laundry facilities <br />• Communal kitchen <br />• Kitchenette in your room<br />• Netflix<br />• On-site Security <br />• Smart door lock<br />• 60” Smart TV","History, luxury, and central location come together. Located in New York's Midtown neighborhood, so close to the city center and only a 5-minute walk to Times Square and Grand Central Station. Town Hall and Broadway are cultural highlights and some of the area's notable landmarks include Fred F. French Building, Madame Tussauds Wax Museum, and Central Park Zoo. Residents cannot get more central, than this location.","Sinem","New York, New York, United States","","0.94","1.0","True","10.0","10.0","True","True","Manhattan","Private room","2","1.0","1.0","1.0","[""Long term stays allowed"", ""Fire extinguisher"", ""TV"", ""Mini fridge"", ""Lock on bedroom door"", ""Dedicated workspace"", ""Hot water kettle"", ""Wifi"", ""Shared gym in building"", ""Laundromat nearby"", ""Microwave"", ""Private entrance"", ""Coffee maker"", ""Smoke alarm"", ""Air conditioning""]","217.0","1","365","1.0","1.0","365.0","365.0","1.0","365.0","True","22","52","82","357","1","1","1","5.0","5.0","5.0","5.0","5.0","5.0","True","13","0","13","0","1.0","1"
"Exclusive Room & Ensuite Bath • Bryant Park","You can pack a lot into a minute in this central location. The room feels more like a studio, with a private entrance from the hallway.  It’s spacious, giving the residents the most luxurious living experience without sharing any common spaces. It features a king size bed, ensuite bathroom, study desk, 60"" smart TV with a streaming device, mini-fridge, microwave, coffee maker, and kettle. This room is a perfect fit for those looking for ultimate privacy, spacious bed, and comfort.<br /><br /><b>The space</b><br />My space has all the other essentials you need for your experience: <br /><br />• Fitness Center<br />• 24/7 virtual support<br />• Cleaning <br />• Shared laundry facilities <br />• Communal kitchen <br />• Kitchenette in your room<br />• Netflix<br />• On-site Security <br />• Smart door lock<br />• 60” Smart TV","History, luxury, and central location come together. Located in New York's Midtown neighborhood, so close to the city center and only a 5-minute walk to Times Square and Grand Central Station. Town Hall and Broadway are cultural highlights and some of the area's notable landmarks include Fred F. French Building, Madame Tussauds Wax Museum, and Central Park Zoo. Residents cannot get more central, than this location","Sinem","New York, New York, United States","","0.94","1.0","True","10.0","10.0","True","True","Manhattan","Private room","2","1.0","1.0","1.0","[""Long term stays allowed"", ""Fire extinguisher"", ""TV"", ""Lock on bedroom door"", ""Dedicated workspace"", ""Wifi"", ""Smoke alarm"", ""Air conditioning""]","148.0","1","365","1.0","1.0","365.0","365.0","1.0","365.0","True","1","3","33","308","1","1","1","5.0","5.0","5.0","4.0","5.0","5.0","True","13","0","13","0","1.0","1"
"Large 1 BR apartment next to Central Park","Enjoy a stylish experience in high ceiling, recently renovated large one bedroom apartment, with super fast wifi right next to central park, minutes away from subway stations and next to Citi bike station. Living room has 70 inch screen TV (netflix, HBO, Prime video etc.), large couch, and dining table which can be used as a desk. Bedroom contains a queen size bed and full length mirror.","","Tino","New York, New York, United States","","1.0","1.0","True","1.0","1.0","True","True","Manhattan","Entire home/apt","2","1.0","1.0","1.0","[""Hangers"", ""Kitchen"", ""Long term stays allowed"", ""Iron"", ""TV"", ""Carbon monoxide alarm"", ""Washer"", ""Dedicated workspace"", ""Hair dryer"", ""Wifi"", ""Heating"", ""Shampoo"", ""Dryer"", ""Smoke alarm"", ""Air conditioning"", ""Essentials"", ""Hot water""]","138.0","3","31","3.0","3.0","1125.0","1125.0","3.0","1125.0","True","2","9","9","9","1","1","1","5.0","5.0","5.0","5.0","5.0","5.0","True","1","1","0","0","1.0","5"
"Cozy Sunlit Apt -3 bdrm, 1.5 bath, W/D, Wifi, TV","Relax with the whole family at this peaceful place to stay.<br /><br /><b>The space</b><br />Rooms are clean, spacious and uncluttered.<br /><br /><b>Guest access</b><br />There is alternate side parking on Wednesday and Thursday from 8:30-10am (Park on one side for the opposite side to be cleaned) check the signs to avoid a ticket.<br /><br /><b>Other things to note</b><br />HOUSE RULES<br />“I expect guests to behave like grown-ups: <br />*Don’t burn down the house<br />*Don’t lose the remote control.<br />*Don't leave a mess. <br />*Don’t lose the keys ($100 fine)<br />* Please keep the noise level down after     11pm.<br />*Replace everything, back where you found it. <br />*Do not leave uncovered food out at night.<br />*Put the garbage out of the apt each night (we don’t want to attract uninvited critters) <br />*There are several wastebaskets around the house: the toilet is not one of them”<br />*Please do not over-stuff the small washer/dryer, smaller loads do well. <br />*Have","Canarsie is a residencial community with a train station (L train 30 mins to union square NYC-connect to A, C and J to NYC, Queens, etc)) stores, delis, pizza, caribean food, juice shop, blink gym, TD bank, dunkin dounuts, mcdonalds, etc. Short walk or bus ride to canarsie pier or gateway mall","Keith","Brooklyn, New York, United States","I am a theatre practitioner, musician  and life coach who loves good food, good people and good music. ","1.0","1.0","True","0.0","0.0","True","True","Brooklyn","Entire home/apt","4","1.5","3.0","","[""Gym nearby"", ""Shared fenced garden or backyard"", ""Cooking basics"", ""Outdoor furniture"", ""ihome Bluetooth sound system"", ""Room-darkening shades"", ""Fire extinguisher"", ""Hot water kettle"", ""Smoke alarm"", ""Shower gel"", ""Dishwasher"", ""Dishes and silverware"", ""Cleaning products"", ""Dedicated workspace"", ""Body soap"", ""Hot water"", ""Ceiling fan"", ""Coffee maker"", ""TV"", ""Refrigerator"", ""frigidaire oven"", ""Lockbox"", ""Toaster"", ""Clothing storage: dresser and closet"", ""Freezer"", ""Hangers"", ""Private patio or balcony"", ""First aid kit"", ""Hair dryer"", ""Kitchen"", ""Bed linens"", ""Free dryer \u2013 In unit"", ""Dining table"", ""Air conditioning"", ""Long term stays allowed"", ""Safe"", ""Radiant heating"", ""Free street parking"", ""Bathtub"", ""Board games"", ""Wifi"", ""Shampoo"", ""Wine glasses"", ""Private entrance"", ""Iron"", ""Washer"", ""Essentials"", ""frigidaire stove""]","99.0","4","30","4.0","5.0","28.0","30.0","4.2","29.7","True","9","39","58","58","1","1","1","5.0","5.0","5.0","5.0","5.0","5.0","False","1","1","0","0","1.0","4"
"Modern bedroom w/private bathroom A Gem on Utica","Enjoy a stylish experience, one you’ll never forget. You will be close to everything when you stay at this newly renovated centrally-located place. Our gem is located approximately 30 minutes away from JFK airport, near the A/C/2/3/4/ train. Approximately 55 mins from Time Square. This beautiful modern room has fast wifi, a 32 inch smart TV for your entertainment & a beautiful bathroom picture worthy. We put a lot of care into all the details to make sure you feel as homey as possible.","This gem is located in a prime location and is surrounded by all the amenities that Crown Heights has to offer. Close to the Brooklyn Museum, Brooklyn Library, Prospect Park, Botanical Gardens and Prospect Park Zoo.","Tiana","Union, New Jersey, United States","Hello, my name is Tiana. I am a Nurse,  a wife and a traveler. We love our place and take good care of it. I love to host so I figure Airbnb is the place for me! I enjoy meeting people from different countries and cultures so please feel free to educate or share with me any amazing facts from where your from. I hope you feel relaxed, comfortable and at home during your stay. ","1.0","1.0","True","1.0","1.0","True","True","Brooklyn","Private room","2","1.0","1.0","1.0","[""Extra pillows and blankets"", ""TV"", ""Security cameras on property"", ""Lock on bedroom door"", ""Hot water kettle"", ""Microwave"", ""Central heating"", ""First aid kit"", ""Single level home"", ""Hangers"", ""Ceiling fan"", ""Long term stays allowed"", ""Carbon monoxide alarm"", ""Mini fridge"", ""Cleaning products"", ""Wifi"", ""Laundromat nearby"", ""Body soap"", ""Shampoo"", ""Air conditioning"", ""Free street parking"", ""Essentials"", ""Hot water"", ""Conditioner"", ""Clothing storage: wardrobe and dresser"", ""Fire extinguisher"", ""Hair dryer"", ""Room-darkening shades"", ""Paid street parking off premises"", ""Smoke alarm"", ""Freezer"", ""Bed linens"", ""Shower gel"", ""Smart lock""]","101.0","1","365","1.0","1.0","365.0","365.0","1.0","365.0","True","22","52","82","357","2","2","2","5.0","5.0","5.0","5.0","5.0","5.0","True","5","1","4","0","2.0","7"
"Modern bedroom #2 A lovely Gem on Utica","Forget your worries in this spacious and serene space. You will be close to everything when you stay at this newly renovated centrally-located place. Our gem is located approximately 30 minutes away from JFK airport, near the A/C/2/3/4/ train. Approximately 55 mins from Time Square. This beautiful modern room has fast wifi, a 32 inch smart TV for your entertainment & a beautiful bathroom picture worthy. We put a lot of care into all the details to make sure you feel as homey as possible.","This gem is located in a prime location and is surrounded by all the amenities that Crown Heights has to offer. Close to the Brooklyn Museum, Brooklyn Library, Prospect Park, Botanical Gardens and Prospect Park Zoo.","Tiana","Union, New Jersey, United States","Hello, my name is Tiana. I am a Nurse,  a wife and a traveler. We love our place and take good care of it. I love to host so I figure Airbnb is the place for me! I enjoy meeting people from different countries and cultures so please feel free to educate or share with me any amazing facts from where your from. I hope you feel relaxed, comfortable and at home during your stay. ","1.0","1.0","True","1.0","1.0","True","True","Brooklyn","Private room","2","1.0","1.0","1.0","[""Extra pillows and blankets"", ""TV"", ""Security cameras on property"", ""Lock on bedroom door"", ""Hot water kettle"", ""Microwave"", ""First aid kit"", ""Single level home"", ""Hangers"", ""Ceiling fan"", ""Long term stays allowed"", ""Carbon monoxide alarm"", ""Mini fridge"", ""Cleaning products"", ""Wifi"", ""Laundromat nearby"", ""Heating"", ""Body soap"", ""Shampoo"", ""Air conditioning"", ""Free street parking"", ""Essentials"", ""Hot water"", ""Conditioner"", ""Clothing storage: wardrobe and dresser"", ""Fire extinguisher"", ""Hair dryer"", ""Room-darkening shades"", ""Smoke alarm"", ""Freezer"", ""Paid parking off premises"", ""Shower gel"", ""Smart lock"", ""Coffee maker""]","91.0","1","365","1.0","1.0","365.0","365.0","1.0","365.0","True","24","54","84","359","2","2","2","5.0","5.0","5.0","5.0","5.0","5.0","True","5","1","4","0","2.0","7"
"Modern bedroom #3 A beautiful Gem on Utica","Forget your worries in this spacious and serene space. You will be close to everything when you stay at this newly renovated centrally-located place. Our gem is located approximately 30 minutes away from JFK airport, near the A/C/2/3/4/ train. Approximately 55 mins from Time Square. This beautiful modern room has fast wifi, a 32 inch smart TV for your entertainment & a beautiful bathroom picture worthy. We put a lot of care into all the details to make sure you feel as homey as possible.","This gem is located in a prime location and is surrounded by all the amenities that Crown Heights has to offer. Close to the Brooklyn Museum, Brooklyn Library, Prospect Park, Botanical Gardens and Prospect Park Zoo.","Tiana","Union, New Jersey, United States","Hello, my name is Tiana. I am a Nurse,  a wife and a traveler. We love our place and take good care of it. I love to host so I figure Airbnb is the place for me! I enjoy meeting people from different countries and cultures so please feel free to educate or share with me any amazing facts from where your from. I hope you feel relaxed, comfortable and at home during your stay. ","1.0","1.0","True","1.0","1.0","True","True","Brooklyn","Private room","2","1.0","1.0","","[""Extra pillows and blankets"", ""TV"", ""Security cameras on property"", ""Lock on bedroom door"", ""Hot water kettle"", ""Microwave"", ""First aid kit"", ""Single level home"", ""Hangers"", ""Ceiling fan"", ""Long term stays allowed"", ""Carbon monoxide alarm"", ""Mini fridge"", ""Cleaning products"", ""Wifi"", ""Laundromat nearby"", ""Heating"", ""Body soap"", ""Shampoo"", ""Air conditioning"", ""Free street parking"", ""Essentials"", ""Hot water"", ""Conditioner"", ""Fire extinguisher"", ""Clothing storage"", ""Hair dryer"", ""Room-darkening shades"", ""Smoke alarm"", ""Freezer"", ""Paid parking off premises"", ""Bed linens"", ""Shower gel"", ""Smart lock""]","91.0","1","365","1.0","1.0","365.0","365.0","1.0","365.0","True","24","54","84","359","3","3","3","5.0","5.0","5.0","5.0","4.67","4.67","True","5","1","4","0","3.0","7"
"Beautiful 3 bedroom duplex 5 minutes from airport","Relax and feel at home in this cozy and comfortable space<br /><br /><b>The space</b><br />This home is just minutes away from the airport, major highways, supermarkets, and cultural restaurants<br /><br /><b>Other things to note</b><br />Guests can enjoy the privacy of the entire home to themselves. Each room contains a bed big enough for an extra guest!","","Lotanna","Queens, New York, United States","","0.96","0.9","True","3.0","3.0","True","True","Queens","Entire home/apt","5","1.0","3.0","3.0","[""Cooking basics"", ""Fire extinguisher"", ""Smoke alarm"", ""Dishwasher"", ""Dishes and silverware"", ""Cleaning products"", ""Luggage dropoff allowed"", ""Dedicated workspace"", ""Body soap"", ""Hot water"", ""Free parking on premises"", ""Coffee maker"", ""TV"", ""Clothing storage: closet"", ""Rice maker"", ""Refrigerator"", ""Lockbox"", ""Freezer"", ""Hangers"", ""Kitchen"", ""Microwave"", ""Dining table"", ""Long term stays allowed"", ""Radiant heating"", ""Free street parking"", ""Bathtub"", ""Oven"", ""Stove"", ""Central heating"", ""Wifi"", ""Essentials""]","186.0","1","365","1.0","1.0","365.0","365.0","1.0","365.0","True","14","44","74","349","4","4","4","4.75","4.5","5.0","5.0","4.75","4.75","False","4","1","3","0","4.0","6"
"Modern bedroom #1 A fabulous Gem on Utica","You will be comfortable in this spacious and unique space. You will be close to everything when you stay at this newly renovated centrally-located place. Our gem is located approximately 30 minutes away from JFK airport, near the A/C/2/3/4/ train. Approximately 55 mins from Time Square. This beautiful modern room has fast wifi, a 32 inch smart TV for your entertainment & a beautiful bathroom picture worthy. We put a lot of care into all the details to make sure you feel as homey as possible.","This gem is located in a prime location and is surrounded by all the amenities that Crown Heights has to offer. Close to the Brooklyn Museum, Brooklyn Library, Prospect Park, Botanical Gardens and Prospect Park Zoo.","Tiana","Union, New Jersey, United States","Hello, my name is Tiana. I am a Nurse,  a wife and a traveler. We love our place and take good care of it. I love to host so I figure Airbnb is the place for me! I enjoy meeting people from different countries and cultures so please feel free to educate or share with me any amazing facts from where your from. I hope you feel relaxed, comfortable and at home during your stay. ","1.0","1.0","True","1.0","1.0","True","True","Brooklyn","Private room","2","1.0","1.0","1.0","[""Extra pillows and blankets"", ""TV"", ""Security cameras on property"", ""Lock on bedroom door"", ""Hot water kettle"", ""Microwave"", ""First aid kit"", ""Single level home"", ""Hangers"", ""Ceiling fan"", ""Long term stays allowed"", ""Carbon monoxide alarm"", ""Mini fridge"", ""Cleaning products"", ""Wifi"", ""Laundromat nearby"", ""Heating"", ""Body soap"", ""Shampoo"", ""Air conditioning"", ""Free street parking"", ""Essentials"", ""Hot water"", ""Conditioner"", ""Fire extinguisher"", ""Clothing storage"", ""Hair dryer"", ""Room-darkening shades"", ""Smoke alarm"", ""Freezer"", ""Paid parking off premises"", ""Bed linens"", ""Shower gel"", ""Smart lock""]","99.0","1","365","1.0","1.0","365.0","365.0","1.0","365.0","True","17","47","77","352","3","3","3","5.0","5.0","5.0","5.0","4.67","5.0","True","5","1","4","0","3.0","7"
"Sun-Drenched 1BR w/PRIVATE BALCONY (Williamsburg!)","This sunny, spacious 1BR apartment with a PRIVATE BALCONY is located in prime WILLIAMSBURG. The location is unbeatable, with only a 10-minute walk to the 'Bedford Ave' station on the L train, and the 'Marcy Ave' station on the J/M/Z trains.<br /><br />The waterfront and breath-taking Domino Park are a 5 min walk from the building. There are also a plethora of cafes, boutiques, and Michelin-star restaurants within a 1 block radius (Meadowsweet, Francie), brick oven pizza (Motorino), and the list goes on!","","Michael","Brooklyn, New York, United States","","1.0","0.78","True","0.0","0.0","True","True","Brooklyn","Entire home/apt","2","1.0","1.0","1.0","[""Hot water kettle"", ""Private patio or balcony"", ""Toaster"", ""Microwave"", ""First aid kit"", ""Long term stays allowed"", ""Carbon monoxide alarm"", ""Wifi"", ""Heating"", ""Shampoo"", ""Dishes and silverware"", ""Air conditioning"", ""Free street parking"", ""Essentials"", ""Hot water"", ""Bathtub"", ""Kitchen"", ""Cooking basics"", ""Dedicated workspace"", ""Hair dryer"", ""Room-darkening shades"", ""Stove"", ""Smoke alarm"", ""Dining table"", ""Iron"", ""Freezer"", ""Oven"", ""TV with Roku"", ""Refrigerator"", ""Bed linens"", ""Shower gel"", ""Coffee maker"", ""Outdoor dining area""]","199.0","2","1125","2.0","5.0","1125.0","1125.0","2.1","1125.0","True","17","29","29","29","1","1","1","5.0","5.0","5.0","5.0","5.0","5.0","False","2","1","1","0","1.0","7"
"Cozy Brooklyn Oasis from the City","A peaceful picturesque Brooklyn escape from your city activities to rest and explore.<br /><br /><b>The space</b><br />Guests will have a private room in a 3 bedroom large apartment on the top level of a small building. We are on the Main Street of prospect heights right off of Grand Army Plaza so you will have access to amazing coffee shops, dining, etc. right downstairs!<br /><br /><b>Guest access</b><br />Guests will have their own private room and will share the bathroom with 2 others. Feel free to use the kitchen and any dishes you need. Feel free to use the common area as available.<br /><br /><b>Other things to note</b><br />Myself, Dina and our mini Aussie Sebastian will be living here with you and are excited to have you. Sebastian is so friendly but if for some reason you don’t like him we can keep him away in our rooms. Also the apartment is on the third floor of a walk up.","Our street and neighborhood is truly classic Brooklyn! Every shop is unique and has something special to offer, so there is so much to discover right under your nose. We are a short walk from Grand Army Plaza and Prospect Park so you can enjoy nature and peace in our neighborhood also.","Caroline","Brooklyn, New York, United States","","0.83","0.82","True","1.0","1.0","True","True","Brooklyn","Private room","2","1.0","1.0","1.0","[""Baking sheet"", ""TV"", ""Hot water kettle"", ""Radiant heating"", ""Wine glasses"", ""Microwave"", ""Bidet"", ""First aid kit"", ""Hangers"", ""Long term stays allowed"", ""Cleaning products"", ""Wifi"", ""Board games"", ""Laundromat nearby"", ""Dishes and silverware"", ""Air conditioning"", ""Free street parking"", ""Essentials"", ""Hot water"", ""Bathtub"", ""Kitchen"", ""Cooking basics"", ""Dedicated workspace"", ""Hair dryer"", ""Gas stove"", ""Smoke alarm"", ""Dishwasher"", ""Iron"", ""Freezer"", ""Oven"", ""Refrigerator"", ""Bed linens"", ""Clothing storage: closet"", ""Coffee maker""]","120.0","1","365","1.0","6.0","365.0","365.0","1.1","365.0","True","14","39","69","69","3","3","3","5.0","4.67","5.0","5.0","5.0","5.0","False","1","0","1","0","3.0","7"
"MI casa guest","Disfruta de una experiencia con estilo en este alojamiento céntrico. Es un cómodo lugar para pasarla bien ya sea en familia o con amistades para visitar la gran manzana con todo a la Mano con tiendas  supermercados restaurantes bares clubs en fin de todo para divertirse a minutos de la gran manzana!<br />Muy buena transportación masiva<br />Solo minutos de Central Park<br /><br /><b>The space</b><br />La habitaciones están espaciosas muy cómodas y con bastante iluminación durante el día<br /><br /><b>Guest access</b><br />En el vecindario pueden moverse caminando ya que todo está a solo pasos  si desean ir a sitios específicos pueden utilizar bus que está a la esquina y también los trenes que quedan cerca a solo unas cuadras caminando","Es un vecindario bastante alegre y con mucho movimiento en cuanto a actividades diurnas como nocturnas al estilo único de New York","Jorge","New York, New York, United States","","1.0","0.8","True","0.0","0.0","True","True","Queens","Entire home/apt","4","1.0","2.0","4.0","[""Extra pillows and blankets"", ""TV"", ""Bikes"", ""Wine glasses"", ""Toaster"", ""Hangers"", ""Lockbox"", ""Ceiling fan"", ""Long term stays allowed"", ""Carbon monoxide alarm"", ""Wifi"", ""Laundromat nearby"", ""Body soap"", ""Shampoo"", ""Dishes and silverware"", ""Air conditioning"", ""Free street parking"", ""Essentials"", ""Hot water"", ""Bathtub"", ""Conditioner"", ""Safe"", ""Kitchen"", ""Cooking basics"", ""Hair dryer"", ""Room-darkening shades"", ""Crib"", ""Smoke alarm"", ""Dining table"", ""Iron"", ""Freezer"", ""Oven"", ""Bed linens"", ""Trash compactor"", ""Clothing storage: closet"", ""Portable heater"", ""Coffee maker""]","133.0","3","1125","3.0","3.0","1125.0","1125.0","3.0","1125.0","True","3","7","36","273","1","1","1","5.0","5.0","5.0","5.0","5.0","5.0","False","2","1","1","0","1.0","2"
"*Williamsburg Luxury PRIVATE Triplex Home*","4 Bedrooms, 3 Bathrooms, 3 Balcony's lots of trendy lounges and restaurants and cafes to sit in and unwind with friends<br /><br /><b>The space</b><br />Bedrooms are comfy and spacious<br /><br /><b>Guest access</b><br />Transportation - subway is two blocks away and you can also hail cab’s in the area as for parking there parking in the street","","Luis","US","","0.92","1.0","True","0.0","0.0","True","True","Brooklyn","Entire home/apt","8","3.0","4.0","4.0","[""TV"", ""Keurig coffee machine"", ""Private patio or balcony"", ""Wine glasses"", ""Toaster"", ""Microwave"", ""First aid kit"", ""Hangers"", ""Hot tub"", ""Long term stays allowed"", ""Carbon monoxide alarm"", ""Dedicated workspace: table"", ""Wifi"", ""Laundromat nearby"", ""Heating"", ""Shampoo"", ""Dishes and silverware"", ""Private entrance"", ""Air conditioning"", ""Free street parking"", ""Essentials"", ""Hot water"", ""Kitchen"", ""Fire extinguisher"", ""Clothing storage"", ""Cooking basics"", ""Hair dryer"", ""Stove"", ""Outdoor furniture"", ""Smoke alarm"", ""Dining table"", ""Private fenced garden or backyard"", ""Iron"", ""Freezer"", ""Oven"", ""Refrigerator"", ""Bed linens"", ""Coffee maker"", ""Outdoor dining area""]","700.0","2","365","2.0","2.0","365.0","365.0","2.0","365.0","True","14","44","74","349","1","1","1","5.0","5.0","5.0","5.0","5.0","5.0","True","2","2","0","0","1.0","3"
"Beautiful apartment *Bryant Park*","Beautiful and  spacious 2 bedroom apartment with indoor fireplace in heart of Manhattan! Clean, bright and comfortable space designed for your comfort.  It has a master king size bedroom, queens size bed  plus a large living room.<br />Every bedroom is equipped with 65' smart TVs,  tempered glass tables and chairs. The living room has a beautiful fireplace, desk/chair and 70'' smart TV. the apartment door has keyless lock system for easy access, fridge & microwave and kettle.<br /><br /><b>The space</b><br />The building offers amenities such as Restaurant/bar, Guest room, dedicated Kitchen area, work office, 24hour gym, laundry and backyard!<br /><br />The Mansfield Residence enjoys a prime location in the heart of the city on 44th Street between Fifth and Sixth Avenues. Broadway theatres, fine restaurants, shopping, and celebrated sites are all within a short walking distance. Constructed in the popular Beaux Arts style, and influenced by neoclassical Roman and Greek architecture.<br","","Ned","Brooklyn, New York, United States","Do good in silence. ","0.94","0.97","True","1.0","1.0","True","True","Manhattan","Private room","5","1.0","2.0","2.0","[""TV"", ""Indoor fireplace"", ""Lock on bedroom door"", ""Microwave"", ""First aid kit"", ""Hangers"", ""Long term stays allowed"", ""Carbon monoxide alarm"", ""Mini fridge"", ""Washer"", ""Wifi"", ""Heating"", ""Body soap"", ""Shampoo"", ""Dryer"", ""Private entrance"", ""Air conditioning"", ""Essentials"", ""Hot water"", ""Conditioner"", ""Kitchen"", ""Fire extinguisher"", ""Clothing storage"", ""Cooking basics"", ""Dedicated workspace"", ""Hair dryer"", ""Stove"", ""Smoke alarm"", ""Freezer"", ""Elevator"", ""Bed linens"", ""Shower gel"", ""Gym""]","412.0","2","365","2.0","2.0","365.0","365.0","2.0","365.0","True","8","36","66","310","1","1","1","5.0","5.0","5.0","5.0","5.0","5.0","True","4","0","4","0","1.0","7"
"Lga, Citi Field TV WiFi Office desk) rm A","Have fun with your family member , friend, significant other or even solo at this stylish place. It’s in a 4 bedroom apt. Perfect for people who travel from or to the airport. Room is private and has office desk, chair, tv with Netflix premium, WiFi and closet to hang clothes. This private room comes with shared kitchen, 2 full bathrooms with showers and a kitchen. NO STOVE however there is an electric kettle to boil eggs or noodles, microwave, toaster, keurig coffee machine and a refrigerator.<br /><br /><b>The space</b><br />Close to city yet so peaceful and quiet. Bus stop is 24 ave and 93 st which is one block away. Q72 takes to junction blvd. (15 min) or 23 ave and 94 street which is 2 blocks down takes to Roosevelt Ave train station. (20 min) many buses available. Laundromat is one block away with a bodega/deli. La guardia airport is only 3 minute drive so great for pilot, flight attendants and passengers. Early checkin/late checkout with a small fee of $15 if possible. Cleaner c","La guardia airport, Citi Field, world fair marina, Jackson hts, Astoria","Rian","New York, New York, United States","I go to Baruch college and also am blessed with the opportunity to host many guests. I love cars, traveling and animals. ","1.0","1.0","True","0.0","0.0","True","True","Queens","Private room","2","2.0","1.0","1.0","[""Room-darkening shades"", ""Lock on bedroom door"", ""Smoke alarm"", ""Shower gel"", ""Dishes and silverware"", ""Cleaning products"", ""Extra pillows and blankets"", ""TV with Netflix"", ""Dedicated workspace"", ""Hot water"", ""Coffee maker"", ""Laundromat nearby"", ""Clothing storage: closet"", ""Keurig coffee machine"", ""Refrigerator"", ""Toaster"", ""Keypad"", ""Hangers"", ""Hair dryer"", ""Microwave"", ""Bed linens"", ""Long term stays allowed"", ""Air conditioning"", ""Single level home"", ""Carbon monoxide alarm"", ""Free street parking"", ""Shampoo"", ""Iron"", ""Heating"", ""Luggage dropoff allowed"", ""Wifi"", ""Essentials""]","59.0","1","365","1.0","1.0","365.0","365.0","1.0","365.0","True","17","47","77","352","2","2","2","4.5","3.5","4.0","4.0","5.0","4.0","False","5","1","4","0","2.0","6"
"Cozy 1 br/1bath loft at the heart of Ridgewood.","Cozy 1br/private bathroom for the backpacker, film lover, chill traveller. Located in the heart of hip 420 friendly Ridgewood, close to a variety of bars, shops, art galleries, restaurants, coffee shops, clubs, and near public transportation, this is the perfect home base to discover Queens and Brooklyn, 20 min by subway to Manhattan, this loft includes a top of the art projector and to transform your stay into a theater experience. There is a camera by the front door of the building.<br /><br /><b>The space</b><br />There is a camera by the front door of the building.<br /><br /><b>Guest access</b><br />Feel free to use kitchen and private bathroom. Full kitchen and dinning area/living room.<br /><br /><b>Other things to note</b><br />Keep in mind of the roomate and other tenants in the building. Quiet hours are from 10 pm to 6 am. No liquids and food around the projector please. Enjoy your stay :)<br /><br />** pets are counted as guests","","Oswaldo X.","HUNTINGTN STA, New York, United States","Independent contractor, driver and free lance translator, love traveling and everything to do with the hospitality industry. Backpacker by heart. ","1.0","1.0","True","12.0","12.0","True","True","Queens","Private room","8","1.0","1.0","4.0","[""Hot tub"", ""Kitchen"", ""Long term stays allowed"", ""TV"", ""Dedicated workspace"", ""Wifi"", ""Heating"", ""Shampoo"", ""Smoke alarm"", ""Air conditioning"", ""Essentials"", ""Hot water""]","401.0","1","1125","1.0","1.0","1125.0","1125.0","1.0","1125.0","True","27","57","87","362","1","1","1","5.0","4.0","4.0","4.0","4.0","4.0","True","7","3","4","0","1.0","6"
"Central Park Steps Away","A Private Bedroom & Full-Size Bed in a brand new apartment just a few steps to Central Park and very close to all major museums. Trains to downtown are one block away.<br /><br />Great travel tips from a native New Yorker. Perfect if you are looking to have a comfortable place to sleep at night and start your day","","Richard","New York, New York, United States","I love to travel and meet people. ","0.98","0.87","True","52.0","52.0","True","True","Manhattan","Private room","2","4.0","1.0","","[""Hangers"", ""Keypad"", ""Iron"", ""Carbon monoxide alarm"", ""Fire extinguisher"", ""Security cameras on property"", ""Lock on bedroom door"", ""Hair dryer"", ""Dedicated workspace"", ""Wifi"", ""Heating"", ""Shampoo"", ""Smoke alarm"", ""First aid kit"", ""Essentials"", ""Hot water""]","52.0","2","7","2.0","2.0","1125.0","1125.0","2.0","1125.0","True","13","43","73","73","1","1","1","4.0","4.0","5.0","5.0","5.0","3.0","False","51","1","50","0","1.0","8"
"Lga Citi Field WiFi TV, Office desk rm B","Take it easy at this unique and tranquil getaway. This private room is shared with three other rooms and a beautiful apartment. full kitchen with microwave, refrigerator, Keurig coffee machine and electric kettle to boil eggs or noodles since there is NO STOVE. You can turn on heat with remote. TV in the room with Netflix premium. There is a desk+chair to do office work as well. Two full bathrooms with showers. Perfect for pilots, flight attendants, passengers. Common areas get cleaned everyday<br /><br /><b>The space</b><br />Guests love staying here because of the location and neighborhood. It’s safe and quiet. A cleaner will come every day and clean the common areas like the kitchen and the bathrooms<br /><br /><b>Guest access</b><br />Guests have access to the kitchen and two bathrooms<br /><br /><b>Other things to note</b><br />No smoking at all. No parties or no events. No extra visitors. Please make sure that after 10 PM it is quiet hours. No blasting loud music. There is a smal","","Rian","New York, New York, United States","I go to Baruch college and also am blessed with the opportunity to host many guests. I love cars, traveling and animals. ","1.0","1.0","True","0.0","0.0","True","True","Queens","Private room","2","2.0","1.0","1.0","[""Room-darkening shades"", ""Lock on bedroom door"", ""Hot water kettle"", ""Smoke alarm"", ""Shower gel"", ""Dishes and silverware"", ""Cleaning products"", ""Extra pillows and blankets"", ""Dedicated workspace: desk and office chair"", ""Coffee maker"", ""Laundromat nearby"", ""TV"", ""Clothing storage: closet"", ""Keurig coffee machine"", ""Refrigerator"", ""Toaster"", ""Keypad"", ""Hangers"", ""Hair dryer"", ""Microwave"", ""Bed linens"", ""Long term stays allowed"", ""Air conditioning"", ""Single level home"", ""Carbon monoxide alarm"", ""Free street parking"", ""Shampoo"", ""Iron"", ""Heating"", ""Luggage dropoff allowed"", ""Wifi"", ""Essentials""]","58.0","1","30","1.0","1.0","30.0","30.0","1.0","30.0","True","10","40","70","345","2","2","2","5.0","5.0","5.0","5.0","5.0","5.0","False","5","1","4","0","2.0","6"
"Lga Citi field WiFi, TV, Office desk rm C","This stylish place to stay is perfect for single or couple trips. Located in a very peaceful neighborhood. This private room is shared with 3 other rooms in a beautiful apt with kitchen and full 2 bathrooms. Microwave, toaster, keurig coffee machine and electric kettle since there is NO STOVE. Early and late check in/out is allowed with a small fee if possible. Cleaner comes everyday to clean common areas<br /><br /><b>The space</b><br />You will love staying here if you want peace and quiet. This apartment is filled with lights that can go as low as a dimmer to the brightest. Modern kitchen with appliances such as microwave, toaster, refrigerator, electric kettle. Showers with glass door. Private bedroom with tv with Netflix premium<br /><br /><b>Guest access</b><br />Private room with kitchen, 2 full bathrooms<br /><br /><b>Other things to note</b><br />No smoking <br />No extra guests<br />No loud music<br />Must be quiet after 10pm since other guests will be resting or sleeping<br ","We are only 2 minutes away from<br />La guardia airport and 10 minutes away from<br />Citi field by car","Rian","New York, New York, United States","I go to Baruch college and also am blessed with the opportunity to host many guests. I love cars, traveling and animals. ","1.0","1.0","True","0.0","0.0","True","True","Queens","Private room","2","2.0","1.0","1.0","[""Room-darkening shades"", ""Lock on bedroom door"", ""Smoke alarm"", ""Shower gel"", ""Dishes and silverware"", ""Extra pillows and blankets"", ""Dedicated workspace"", ""Hot water"", ""Coffee maker"", ""Laundromat nearby"", ""TV"", ""Clothing storage: closet"", ""Keurig coffee machine"", ""Refrigerator"", ""Toaster"", ""Keypad"", ""Hangers"", ""Hair dryer"", ""Microwave"", ""Bed linens"", ""Long term stays allowed"", ""Air conditioning"", ""Single level home"", ""Ski-in/Ski-out"", ""Carbon monoxide alarm"", ""Free street parking"", ""Shampoo"", ""Iron"", ""Heating"", ""Luggage dropoff allowed"", ""Wifi"", ""Essentials""]","61.0","1","365","1.0","1.0","1125.0","1125.0","1.0","1125.0","True","11","41","71","346","5","5","5","5.0","5.0","5.0","5.0","5.0","5.0","True","5","1","4","0","5.0","6"
"2 Bdrm WiFi, tv, office desk rm D","Make memories at this unique and family-friendly place. 2 beds in separate rms so your kids can sleep in one room while you in the other. This double room is in a shared apt with 3 other rooms with kitchen and 2 full bathrooms. Beautiful and newly renovated. IF 2 PEOPLE BOOK THEN ONLY ONE ROOM. If 2 PPL WANT BOTH ROOMS it will be $10 extra PER NIGHT. For third and fourth it’s $25 per person per night. Kitchen with microwave toaster electric kettle. NO STOVE. Cleaner cleans common spaces everyday<br /><br /><b>The space</b><br />Guests can use kitchen (no cooking )and 2 full bathrooms<br /><br /><b>Guest access</b><br />2 guests get one bedroom with one queen bed. If 2 people want 2 bedrooms it will be $10 extra per night. Upto 4 can sleep in between 2 bedrooms with 2 queen beds. You have full access to kitchen and both bathrooms.<br /><br /><b>Other things to note</b><br />Absolutely no smoking. No loud music no extra visitors no party or events. Please be mindful that there are other ","","Rian","New York, New York, United States","I go to Baruch college and also am blessed with the opportunity to host many guests. I love cars, traveling and animals. ","1.0","1.0","True","0.0","0.0","True","True","Queens","Private room","4","2.0","1.0","2.0","[""Room-darkening shades"", ""Lock on bedroom door"", ""Hot water kettle"", ""Smoke alarm"", ""Shower gel"", ""Dishes and silverware"", ""Cleaning products"", ""Extra pillows and blankets"", ""Dedicated workspace"", ""Hot water"", ""Coffee maker"", ""Laundromat nearby"", ""TV"", ""Clothing storage: closet"", ""Keurig coffee machine"", ""Refrigerator"", ""Toaster"", ""Keypad"", ""Hangers"", ""Hair dryer"", ""Microwave"", ""Bed linens"", ""Long term stays allowed"", ""Air conditioning"", ""Single level home"", ""Free street parking"", ""Shampoo"", ""Iron"", ""Heating"", ""Luggage dropoff allowed"", ""Wifi"", ""Essentials""]","63.0","1","30","1.0","1.0","30.0","30.0","1.0","30.0","True","14","44","74","349","7","7","7","4.71","4.57","4.71","5.0","4.57","5.0","False","5","1","4","0","7.0","6"
"Spacious Private Bedroom In a Modern Shared Flat","Enjoy a stylish and authentic shared experience at this Brooklyn  spot.  The room is in a modern serviced apartment with great amenities: a gym and laundry, and a private backyard to the flat guests only, in an art live/work building located in a blossoming, diverse neighborhood, conveniently located to public transport and close to Manhattan. With central heating/cooling and furnished leisure roof top.","Bushwick/Bedstuy border","Nico","New York, New York, United States","Photographer living in NYC. Travel a lot","0.98","0.99","True","3.0","3.0","True","True","Brooklyn","Private room","2","1.0","1.0","","[""Lockbox"", ""Kitchen"", ""BBQ grill"", ""Carbon monoxide alarm"", ""Outdoor dining area"", ""Long term stays allowed"", ""Washer"", ""Security cameras on property"", ""Hair dryer"", ""Lock on bedroom door"", ""Dedicated workspace"", ""Wifi"", ""Smoke alarm"", ""Air conditioning""]","114.0","1","365","1.0","1.0","365.0","365.0","1.0","365.0","True","4","4","4","4","2","2","2","5.0","5.0","5.0","5.0","5.0","5.0","True","6","4","2","0","2.0","4"
"Lovely 1 bedroom apt in prime Williamsburg - BK","Enjoy a stylish experience at this centrally-located place. <br />The apartment is fully furnished mid-century style, projector with Apple TV, Chrome Cast, full kitchen. Just 7 minutes away from the L train (Graham stop) and 10 minutes from the G train (Lorimer stop). Just 10 minutes to Manhattan- Union Square.","","Roberta","New York, New York, United States","I'm a fashion stylist and creative director from Rio de Janeiro - Brazil. I'm quiet and I keep the place nice and clean. I work a lot, but when I'm at home I love to get to know my roommates over some home cooked dinner, drinks, and laughs. The kitchen is great for that! But I appreciate the importance of down-time and fully respect the privacy of our cohabitants. ","1.0","1.0","True","1.0","1.0","True","True","Brooklyn","Entire home/apt","3","1.0","1.0","1.0","[""Kitchen"", ""TV"", ""Free parking on premises"", ""Wifi"", ""Smoke alarm"", ""Air conditioning""]","200.0","2","15","2.0","2.0","15.0","15.0","2.0","15.0","True","5","7","37","312","1","1","1","5.0","5.0","5.0","5.0","4.0","4.0","False","2","2","0","0","1.0","5"
"Welcoming 1-Bedroom casa particular with BBQ grill","Enjoy easy access to popular shops and restaurants from this charming place to stay. Following by to be close to the Manhattan and 10-15 mins to major airports (LGA & JFK). Although, walking distance to subway main stations to go anywhere you want in NYC.<br /><br /><b>Guest access</b><br />To get around the area is very easy and safe. If guest have a car they can park in the streets and there is always parking available.<br /><br /><b>Other things to note</b><br />30-34 71st St<br />2FL<br />East Elmhurst, NY 11370<br /><br />The neighborhood its one of the best in queens, Friendly, approachable to main areas in NYC, Quiet, Respectful and Good neighbors. By walking distance you can find one of the main streets in queens (Northen Blv) where you can find a whole variety of restaurants, bars and culture.","30-34 71st St<br />2FL<br />East Elmhurst, NY 11370<br /><br />The neighborhood its one of the best in queens, Friendly, approachable to main areas in NYC, Quiet, Respectful and Good neighbors. By walking distance you can find one of the main streets in queens (Northen Blv) where you can find a whole variety of restaurants, bars and culture.","Andres","Queens, New York, United States","","1.0","1.0","True","1.0","1.0","True","True","Queens","Private room","2","1.0","1.0","1.0","[""BBQ grill"", ""Long term stays allowed"", ""TV"", ""Security cameras on property"", ""Lock on bedroom door"", ""Dedicated workspace"", ""Wifi"", ""Smoke alarm"", ""Air conditioning"", ""First aid kit""]","68.0","1","365","1.0","1.0","365.0","365.0","1.0","365.0","True","22","52","82","357","3","3","3","5.0","4.67","4.67","5.0","4.67","4.67","True","1","0","1","0","3.0","2"
"New Listing: Sleek Modern 2BR in Bed-Stuy Brooklyn","An ideal getaway in a fully furnished renovated unit In Bed-Stuy! A breathing space from the hustle and bustle of city life. The calming and fresh interior is meant to give you a relaxing atmosphere. For the utmost comfort, fresh linens, blankets, towels, and toiletries are provided for your comfort!<br /><br /><b>The space</b><br />This apartment is both comfortable and convenient. It has 2 bedrooms and each room has comfy queen-size beds that can accommodate up to 4 persons, and each room has a split type A/C unit.  <br /><br />The kitchen is well-equipped appliances ie: refrigerator, glass stovetop, oven, microwave, coffee maker, dishwasher, and toaster. It comes fully stocked with basic kitchen supplies, ie: utensils, flatware, glasses, pots, and pan. You will have everything you need to make a nice meal. Next to the kitchen, there is a mini washer and a mini dyer that you can use for your stay. <br /><br />There is a dining area good for 4 people and a desk area for work. Also, su","Bedford-Stuyvesant, commonly called Bed-Stuy, has been a center of African-American culture since the early 20th century, home to cultural icons from Jackie Robinson to Jay-Z. Ornate 19th-century townhouses fill the area, with indie boutiques on Tompkins Place. French bistros, Southern comfort food, and Caribbean fare define the dining scene, while diverse crowds fill hip, cozy bars, many with live music.<br /><br />Historic Brownstone<br />You can visit Historic Brownstone - It was built in 1870 & 1900 this historic district is located north of Jefferson Ave, east to Malcolm V Blvd, and west to Tompkins Ave. Each building has a rich cultural history. <br /><br />Tompkins Square Dog Run<br />If you are a dog lover, you can have a walk with your pets in Thompkins park. The park is tons of fun for you and your pooch. It is a great place to relax and has plenty of seating along the area. <br /><br />GREAT FOOD OPTIONS (5 Mins Away)<br />Bed-Stuy has a ton of restaurants for hungry tourist","Lucas & Rachel","Los Angeles, California, United States","","1.0","1.0","True","1.0","1.0","True","True","Brooklyn","Entire home/apt","6","1.0","2.0","3.0","[""Extra pillows and blankets"", ""Luggage dropoff allowed"", ""TV"", ""Pack \u2019n play/Travel crib"", ""Wine glasses"", ""Toaster"", ""Microwave"", ""First aid kit"", ""Hangers"", ""Ethernet connection"", ""Ceiling fan"", ""Long term stays allowed"", ""Carbon monoxide alarm"", ""Window AC unit"", ""Washer"", ""Cleaning products"", ""Wifi"", ""Laundromat nearby"", ""Heating"", ""Body soap"", ""Shampoo"", ""Dryer"", ""Dishes and silverware"", ""Free street parking"", ""Essentials"", ""Hot water"", ""Kitchen"", ""Fire extinguisher"", ""Clothing storage"", ""Cooking basics"", ""Dedicated workspace"", ""Hair dryer"", ""Stove"", ""Smoke alarm"", ""Keypad"", ""Dishwasher"", ""Dining table"", ""Freezer"", ""Oven"", ""Paid parking off premises"", ""Refrigerator"", ""Bed linens"", ""Shower gel"", ""Coffee maker""]","274.0","2","365","2.0","3.0","1125.0","1125.0","2.2","1125.0","True","8","38","68","343","1","1","1","5.0","5.0","5.0","5.0","5.0","3.0","True","1","1","0","0","1.0","4"
"Large Luxury 1-Bedroom Apartment","This is a luxury basement apartment with a 75 inch TV and a 65 inch TV.  Perfect for the guys and ladies to hang out or just relax. Two blocks away from train station.  On-property parking  for one car may be available on certain days .  About 25 minutes from Manhattan and about 20 minutes to JFK/LaGuardia airports.  Safe block with security cameras around the property.   Self-check-in  and checkout.   This is a really cool apartment.","Manhattan, airports, shopping, beaches, parks, horseback riding, Barclays center, and many more are within 25 minutes by train or car.","Carlman","New York, New York, United States","","1.0","1.0","True","0.0","0.0","True","True","Brooklyn","Entire home/apt","4","1.0","1.0","2.0","[""Window guards"", ""Extra pillows and blankets"", ""TV"", ""Security cameras on property"", ""Free parking on premises"", ""Radiant heating"", ""Wine glasses"", ""Toaster"", ""Microwave"", ""Hangers"", ""Ceiling fan"", ""Long term stays allowed"", ""Portable fans"", ""Carbon monoxide alarm"", ""Cleaning products"", ""Wifi"", ""Laundromat nearby"", ""Dishes and silverware"", ""Private entrance"", ""Air conditioning"", ""Stainless steel oven"", ""Essentials"", ""Hot water"", ""Free street parking"", ""Stainless steel gas stove"", ""Kitchen"", ""Cooking basics"", ""Paid street parking off premises"", ""Generic  body soap"", ""Smoke alarm"", ""Dining table"", ""Generic  shampoo"", ""Iron"", ""Freezer"", ""Generic  conditioner"", ""Refrigerator"", ""Bed linens"", ""Clothing storage: closet"", ""Coffee maker"", ""Paid parking lot on premises""]","104.0","3","365","3.0","3.0","1125.0","1125.0","3.0","1125.0","True","14","44","74","349","1","1","1","5.0","5.0","5.0","5.0","5.0","5.0","True","2","2","0","0","1.0","2"
"Private room with Shared bath on Union Square side","Thank you for your interest.<br />Who do you recommend? What kind of room?  Be sure to check the details that follow below:)<br /><br /><b>The space</b><br />--Room--<br />• Sofa bed (71'') + Queen bed<br />• Kitchen<br />   -Plates, bowls, cutlery, cutting boards, knives, pots, pans available<br />   -No seasoning<br />• Private room with a lock.<br />• Linens, bath towels, hairdryer available.<br />• Bathrooms are located both in the common hallway.<br />• Please prepare your own shampoo, conditioner, and toothbrush, shower sandals.<br />• Stairs only （Rooms are on the 4rd floor)<br />•Self check-in.<br /><br />If you want to use the sofa bed as a bed for less than two people, please let us know in advance; if you book for three people, we will set up the sofa bed as a bed.<br /><br />If you have any questions, please feel free to contact me:)","","Koichi","US","Hello, everyone!
My name is Koichi from Japan this year.
Although I can't get to meet you in person at check-in, I'd like to be friends with you.
I'd like to take your feedback to make your stay more comfortable.
Please feel free to invite me to dinner if you like.
I just came to New York, so I don't have a lot of recommendations for places to eat.
So let's discover the charm of New York together!
Thank you so much!","0.99","0.98","True","4.0","4.0","True","True","Manhattan","Private room","3","1.0","1.0","2.0","[""Dedicated workspace"", ""Cooking basics"", ""Security cameras on property"", ""Carbon monoxide alarm"", ""Lock on bedroom door"", ""Lockbox"", ""Hangers"", ""Heating"", ""Fire extinguisher"", ""Kitchen"", ""Hair dryer"", ""Smoke alarm"", ""Essentials"", ""Long term stays allowed""]","123.0","3","1125","1.0","5.0","999.0","1125.0","3.2","999.9","True","1","29","59","332","1","1","1","4.0","4.0","5.0","5.0","5.0","4.0","True","11","0","11","0","1.0","2"
"NEW! Elegance & Luxury right in the ❤️ of Brooklyn","Stunning, luxurious, modern apartment in the heart of Brooklyn. Steps to 2/5 trains and local buses taking you to Barclays Center in 5 min & Manhattan in 20. Close to the best restaurants, coffee shops, bars, lounges and all nightlife. Apartment sleeps 10 with two cozy bedrooms tastefully designed, a luxury bathroom with a glass-enclosed shower with tub and features state of the art appliances, flat screen smart TVs, high speed WIFI, patio and a full size kitchen. Building includes free parking.<br /><br /><b>The space</b><br />This Brooklyn property has everything you need for a fabulous stay. Free high speed WIFI, smart TVs with Netflix, Hulu, Amazon Prime, etc., state of the art appliances and the Amenities are endless! We also have bikes for our guests to rent during their stay! The apartment features:<br /><br />✨ Free parking <br />✨ Movie Theater<br />✨ Relaxation / Massage room<br />✨ Yoga room<br />✨ Entertainment center <br />✨ Recreation Center with pool tables, lounge chair","Introducing a brand new luxury development featuring beautifully designed apartments here in the heart of Flatbush. Apartment features custom two-tone kitchen cabinetry, stainless steel Blomberg appliance package, waterfall shower fixture, Bluetooth in-ceiling speakers, spacious bedrooms and living areas. Our Apartment features abundant private outdoor space and boast of natural light flood the apartment. <br /><br />Steps from the Nostrand Avenue A & C train, <br />2 & 5 train at Church avenue and in close proximity to Prospect Park, supermarkets and some of the city's best restaurants and boutique shops. Guests will enjoy access to a fully-equipped fitness center, yoga room, meditation/relaxation room, party & lounge area, common laundry room as well as a furnished roof deck. Pets are welcome and will enjoy an in house pet washing room/station. <br /><br />Apartment features:  <br /><br />✨Private Outdoor Space<br />✨Dishwasher <br />✨Electric Stovetop <br />✨Modern kitchen with cust","Ashley","New York, New York, United States","Hello! I’m Ashley and I’ve been a Superhost for six years! Making your stay as comfortable and as safe is my number one priority especially during these unprecedented times. We have a superb cleaning crew that deep cleans each time our guests leave and sanitizes everything from top to bottom. We also leave sanitizers, gloves and masks all over the house for extra protection. We are here to keep you safe throughout your amazing stay with us! ","","","True","20.0","20.0","True","True","Brooklyn","Entire home/apt","10","1.0","2.0","3.0","[""Extra pillows and blankets"", ""Baking sheet"", ""Luggage dropoff allowed"", ""Bikes"", ""Security cameras on property"", ""Keurig coffee machine"", ""Free parking on premises"", ""Private patio or balcony"", ""Shared gym in building"", ""Pack \u2019n play/Travel crib"", ""Wine glasses"", ""Microwave"", ""Central heating"", ""Bidet"", ""First aid kit"", ""Single level home"", ""Hangers"", ""Long term stays allowed"", ""Carbon monoxide alarm"", ""High chair"", ""Cleaning products"", ""Wifi"", ""Board games"", ""Laundromat nearby"", ""Body soap"", ""Shampoo"", ""Dishes and silverware"", ""Drying rack for clothing"", ""Private entrance"", ""Air conditioning"", ""Stainless steel oven"", ""Essentials"", ""Hot water"", ""Bathtub"", ""Free street parking"", ""Conditioner"", ""Kitchen"", ""Free washer \u2013 In building"", ""Fire extinguisher"", ""Cooking basics"", ""HDTV with Amazon Prime Video, Netflix"", ""Hair dryer"", ""Dedicated workspace: office chair, monitor, table, and desk"", ""Bluetooth sound system"", ""Crib"", ""Gas stove"", ""Outdoor furniture"", ""Smoke alarm"", ""Dishwasher"", ""Dining table"", ""Iron"", ""Freezer"", ""Elevator"", ""Pool table"", ""Refrigerator"", ""Bed linens"", ""Shower gel"", ""Clothing storage: closet"", ""Free dryer \u2013 In building"", ""Ping pong table"", ""Coffee maker"", ""Outdoor dining area""]","379.0","2","365","2.0","2.0","365.0","365.0","2.0","365.0","True","8","34","64","339","2","2","2","5.0","5.0","5.0","5.0","5.0","5.0","True","7","7","0","0","2.0","8"
"Camas para mujeres en habitación compartida/Queens","<b>The space</b><br />Habitación compartida para dos señoritas, con ventanales grandes y bonitas cortinas, muy luminosa, moderna y coqueta, compuesta de una cama litera, closet amplio para guardar la ropa con sus respectivas perchas, mesita de noche con lamparita, ropa de cama fresca y limpia, mantas adicionales, calefacción/aire acondicionado y seguridad en la puerta, tendrás tus propias llaves!<br /><br />La reserva es por una cama superior de una litera (top bunk) en habitación compartida para dos mujeres en casa de familia y otros huéspedes!","","Jess Y Ely'S Home","New York, New York, United States","Somos Jessy y Ely, encantadas de ser tus anfitrionas Airbnb, nos encanta conocer a viajeras de todo el mundo compartir experiencias y hacerte sentir como en casa!","0.94","0.81","True","5.0","5.0","True","True","Queens","Shared room","1","1.0","1.0","4.0","[""Window guards"", ""Extra pillows and blankets"", ""BBQ grill"", ""Luggage dropoff allowed"", ""Keurig coffee machine"", ""Mosquito net"", ""Wine glasses"", ""Barbecue utensils"", ""Toaster"", ""Microwave"", ""Pocket wifi"", ""First aid kit"", ""Hangers"", ""Ceiling fan"", ""Portable fans"", ""Carbon monoxide alarm"", ""Piano"", ""Mini fridge"", ""Cleaning products"", ""Wifi"", ""Board games"", ""Laundromat nearby"", ""Paid parking on premises"", ""Body soap"", ""Shampoo"", ""Heating"", ""Dishes and silverware"", ""Air conditioning"", ""Free street parking"", ""Essentials"", ""Hot water"", ""Conditioner"", ""Safe"", ""Kitchen"", ""Cable TV"", ""Clothing storage"", ""Babysitter recommendations"", ""Fire extinguisher"", ""Dedicated workspace"", ""Hair dryer"", ""Room-darkening shades"", ""Rice maker"", ""Cooking basics"", ""Stove"", ""TV with standard cable"", ""Sound system"", ""Smoke alarm"", ""Beach essentials"", ""Keypad"", ""Dining table"", ""Iron"", ""Freezer"", ""Table corner guards"", ""Oven"", ""Refrigerator"", ""Pour-over coffee"", ""Bed linens"", ""Shared patio or balcony"", ""Shower gel"", ""Cleaning before checkout"", ""Coffee maker""]","30.0","1","15","1.0","1.0","15.0","15.0","1.0","15.0","True","19","48","78","353","1","1","1","5.0","5.0","5.0","5.0","5.0","5.0","False","6","0","0","6","1.0","6"
"Spacious Group Friendly 3 Bedroom Duplex w/Terrace","Curated to make any stay a pleasant and memorable one. Clean traditional design pours throughout the 1320 sqft penthouse duplex with an additional 300 sqft private terrace.<br /><br />Centrally located to everything, this three bedroom, one bath walk-up will be all you need while you're here in Brooklyn. As a lifelong resident of this community I look forward to hosting you and helping you have an enjoyable time.<br /><br /><b>The space</b><br />Three bedroom with three beds.  This space sleeps six comfortably.  It has two levels and one bathroom.  Fully stocked kitchen and great natural light.  The apartment is well appointed and each bedroom is uniquely decorated with its own style.<br /><br /><b>Guest access</b><br />The entire 3 bedroom apartment you have access to as well as the common backyard space.  The backyard space can be accessed from the basement level.","","Imani","Brooklyn, New York, United States","World traveler by choice and occupation.  I work in the beauty business and own my own E-Commerce business.  I love laughing, food and great company.  BTW I'm the type the of person who enjoys eating Ramen on a 90 degree summer day. 

I love meeting new people.  Looking forward to seeing you out in the world or in my hometown of Brooklyn. ","1.0","1.0","True","1.0","1.0","True","True","Brooklyn","Entire home/apt","6","1.0","3.0","3.0","[""Extra pillows and blankets"", ""BBQ grill"", ""TV"", ""Indoor fireplace"", ""Keurig coffee machine"", ""Hot water kettle"", ""Backyard"", ""Radiant heating"", ""Sound system with aux"", ""Wine glasses"", ""Barbecue utensils"", ""Microwave"", ""Central heating"", ""First aid kit"", ""Hangers"", ""Long term stays allowed"", ""Carbon monoxide alarm"", ""Mini fridge"", ""Cleaning products"", ""Wifi"", ""Dishes and silverware"", ""Air conditioning"", ""Stainless steel oven"", ""Essentials"", ""Hot water"", ""Bathtub"", ""Free street parking"", ""Kitchen"", ""Fire extinguisher"", ""Cooking basics"", ""Clothing storage: dresser, closet, and walk-in closet"", ""Outdoor furniture"", ""Dedicated workspace: desk and table"", ""Smoke alarm"", ""Dishwasher"", ""Dining table"", ""Freezer"", ""Refrigerator"", ""Bed linens"", ""Portable heater"", ""Coffee maker"", ""Outdoor dining area"", ""Patio or balcony""]","239.0","3","29","3.0","3.0","1125.0","1125.0","3.0","1125.0","True","20","50","80","355","1","1","1","5.0","5.0","5.0","5.0","5.0","5.0","True","1","1","0","0","1.0","6"
"Spacious Brooklyn Loft w/ Private Rooftop CityView","This large stylish Brooklyn loft is perfect for a couples getaway, short-term living arrangements, and even private events. Featuring 25' tall ceilings, wooden beams and exposed brick with a private rooftop which adds volumes to its already ample size. The loft is outfitted with smart home systems for seamless integration of technology, style, and rustic accents at home in a convenient and authentic neighborhood.<br /><br /><b>The space</b><br />The entire loft is open with sleek white walls, floating shelves, wooden floors and 25ft high ceilings, equipped with state of the art smart home systems (Apple Home, Alexa, Sonos sound system, Apple TV, 4K projector, smart lights, smart central heat and air) and adorned with lavish green house plants, rustic wooden beams, and exposed brick. <br />The living area sports a large leather couch, Apple TV, projector set up, and black metal side chair with black pouf as well as three large north facing windows. <br />An enclave houses the black four","One block away from Broadway which features local restaurants and cafes (most compatible with food delivery apps), grocery stores, laundromats, fast food, pharmacy/convenience stores, bodegas, CitiBike access (accessible through the Lyft app), clothing outlets, smoke shops, and several other local business that make this area such a lively and friendly community.","Zach","Brooklyn, New York, United States","","0.98","0.9","True","0.0","0.0","True","True","Brooklyn","Entire home/apt","2","1.5","","1.0","[""Extra pillows and blankets"", ""HDTV with Apple TV, Netflix, HBO Max"", ""Baking sheet"", ""Luggage dropoff allowed"", ""Sonos Bluetooth sound system"", ""Security cameras on property"", ""Keurig coffee machine"", ""Hot water kettle"", ""Private patio or balcony"", ""Wine glasses"", ""Toaster"", ""Microwave"", ""Dedicated workspace: "", ""Central heating"", ""Bidet"", ""First aid kit"", ""Hangers"", ""Ethernet connection"", ""Lockbox"", ""Long term stays allowed"", ""Portable fans"", ""Carbon monoxide alarm"", ""Cleaning products"", ""Record player"", ""Wifi"", ""Central air conditioning"", ""Laundromat nearby"", ""Clothing storage: wardrobe"", ""Body soap"", ""Shampoo"", ""Dishes and silverware"", ""Stainless steel oven"", ""Free street parking"", ""Essentials"", ""Hot water"", ""Bathtub"", ""Conditioner"", ""Kitchen"", ""Stainless steel gas stove"", ""Fire extinguisher"", ""Cooking basics"", ""Hair dryer"", ""Outdoor furniture"", ""Smoke alarm"", ""Dishwasher"", ""Dining table"", ""Iron"", ""Freezer"", ""Refrigerator"", ""Bed linens"", ""Shower gel"", ""Free dryer \u2013 In unit"", ""Coffee maker"", ""Outdoor dining area""]","152.0","1","30","1.0","1.0","1125.0","1125.0","1.0","1125.0","True","3","3","3","3","3","3","3","4.33","2.67","4.0","4.0","4.67","4.67","True","1","1","0","0","3.0","4"
"Double Bed in Upper West Side Manhattan","Private room in a 3 bedroom apartment in Manhattan.  two blocks from central park, subway station, bus stop, pharmacies, fast food, restaurants, supermarkets open 24 hours.  5 minutes by train to time square, rockafeller center, fifth avenue, columbus circle and 34th street. It is also a few blocks from the museum of natural history , MET and other museums. Two blocks from subway station line B,C or 1. The apartment is located on the fourth floor and the building does not have an elevator!<br /><br /><b>The space</b><br />The room has a full size bed and a twin bed . It’s ideal for 2 or 3 people.<br /><br /><b>Other things to note</b><br />I do not charge any cleaning service so it is a good option if you want to save some money since most places charge cleaning service.  Because of this, don't expect the place to be one hundred percent clean all the time but If this is important to you, I recommend that you rent a space that will charge you a cleaning service.","The Upper West Side is a neighborhood in the borough of Manhattan in New York City. It is bounded by Central Park on the east, the Hudson River on the west, West 59th Street to the south, and West 110th Street to the north.<br />The Upper West Side is an affluent, primarily residential area with many of its residents working in commercial areas of Midtown and Lower Manhattan. Similarly to the Museum Mile district on the Upper East Side, the Upper West Side is considered one of Manhattan's cultural and intellectual hubs, with Columbia University and Barnard College located just to the north of the neighborhood, and Lincoln Center for the Performing Arts and Fiorello H. LaGuardia High School located at the south end.<br /><br />Two New York City Subway corridors serve the Upper West Side. The IRT Broadway–Seventh Avenue Line (1, ​2, and ​3 trains) runs along Broadway. The IND Eighth Avenue Line (A, ​B, ​C, and ​D trains) runs along Central Park West.<br /><br />There are five bus routes ","Luz Maria","US","","0.96","1.0","True","6.0","6.0","True","True","Manhattan","Private room","3","1.0","1.0","2.0","[""Kitchen"", ""Long term stays allowed"", ""Carbon monoxide alarm"", ""TV"", ""Fire extinguisher"", ""Security cameras on property"", ""Lock on bedroom door"", ""Wifi"", ""Smoke alarm"", ""Air conditioning"", ""First aid kit""]","94.0","1","365","1.0","1.0","365.0","365.0","1.0","365.0","True","1","26","56","316","4","4","4","4.75","4.5","5.0","5.0","5.0","5.0","True","6","0","6","0","4.0","2"
"Commuters Paradise - Super Cozy Townhouse","My place is great for solo adventurers and couples!<br />This location has the best access to the whole of NYC, hands down!! <br /><br />You are a few minutes walk away from Queensborough Plaza/Queens Plaza/Court square.<br />Available lines: 7/N/Q/W/R/E/M/G<br /><br />You get to rest on a mechanized 'Tempurpedic' bed.<br />You get to enjoy WIIFI/Cable/HBO/Netflix/PS4 in a super cozy & inviting environment.<br />You also have access to a fully functional kitchen stocked with appliances and everything you'll ever need.","","Xenios","New York, New York, United States","","1.0","0.8","True","0.0","0.0","True","True","Queens","Private room","2","1.0","1.0","1.0","[""Luggage dropoff allowed"", ""Free parking on premises"", ""Radiant heating"", ""Toaster"", ""Microwave"", ""First aid kit"", ""Hangers"", ""Long term stays allowed"", ""Carbon monoxide alarm"", ""Cleaning products"", ""Wifi"", ""Laundromat nearby"", ""Body soap"", ""Shampoo"", ""Dishes and silverware"", ""Game console: PS4"", ""Air conditioning"", ""Stainless steel oven"", ""55\"" HDTV with Amazon Prime Video, Apple TV, Chromecast, Netflix"", ""Essentials"", ""Hot water"", ""Free street parking"", ""Kitchen"", ""Fire extinguisher"", ""Cooking basics"", ""Dedicated workspace"", ""Hair dryer"", ""Stove"", ""Smoke alarm"", ""SONOS sound system"", ""Iron"", ""Clothing storage: dresser and wardrobe"", ""Freezer"", ""Refrigerator"", ""Bed linens"", ""Portable heater""]","140.0","1","365","1.0","1.0","1125.0","1125.0","1.0","1125.0","True","18","48","78","78","1","1","1","5.0","5.0","5.0","5.0","4.0","4.0","True","1","0","1","0","1.0","6"
"Cozy sunlit room in Victorian townhouse","Keep it simple at this peaceful and centrally-located just one block from the Greenpoint Avenue G train.  This neighborhood is also home to some of the best coffee around with great food and cocktails to be discovered just steps away.","","Daniel","New York, New York, United States","","0.88","0.56","True","1.0","1.0","True","True","Brooklyn","Private room","3","1.0","1.0","1.0","[""Extra pillows and blankets"", ""Security cameras on property"", ""Lock on bedroom door"", ""Hangers"", ""Ethernet connection"", ""Lockbox"", ""Long term stays allowed"", ""Cleaning products"", ""Wifi"", ""Heating"", ""Dishes and silverware"", ""Private entrance"", ""Body soap"", ""Shampoo"", ""Essentials"", ""Hot water"", ""Bathtub"", ""Conditioner"", ""Kitchen"", ""Cooking basics"", ""Dedicated workspace"", ""Room-darkening shades"", ""Bed linens""]","130.0","2","365","2.0","2.0","365.0","365.0","2.0","365.0","True","14","38","68","343","1","1","1","5.0","3.0","5.0","5.0","5.0","5.0","False","2","0","2","0","1.0","6"
"Large, city adjacent apt in lovely Carroll Gardens","Large 1100 SF 2+ bedroom Art Deco floor through apartment with 11 ft ceilings,  period details, updated stainless steel kitchen and contemporary bathroom.  This zen home is clean and simply appointed with one memory foam king and one memory foam queen bed.   Enjoy the rich Italian heritage of Carroll Gardens replete with bakeries, pizzarias and restaurants.  The F Train in 3 blocks away with fast, direct service to Manhattan.  Lower Manhattan is less than 8 minutes away by Uber/Lyft/Taxi.","","John","New York, New York, United States","I love hosting people and being a part of everyones magical trips to NYC! ","1.0","1.0","True","0.0","0.0","True","True","Brooklyn","Entire home/apt","4","1.0","2.0","2.0","[""Cooking basics"", ""Portable fans"", ""Smoke alarm"", ""Shower gel"", ""Dishes and silverware"", ""Cleaning products"", ""Conditioner"", ""Body soap"", ""Hot water"", ""Stainless steel oven"", ""Ceiling fan"", ""Coffee maker"", ""Laundromat nearby"", ""Refrigerator"", ""Freezer"", ""Bidet"", ""Hangers"", ""First aid kit"", ""Kitchen"", ""Bed linens"", ""Microwave"", ""Dining table"", ""Air conditioning"", ""Long term stays allowed"", ""Bathtub"", ""Stove"", ""Shampoo"", ""Wine glasses"", ""Baking sheet"", ""Clothing storage"", ""Iron"", ""Central heating"", ""HDTV with Apple TV, HBO Max, Amazon Prime Video, Netflix"", ""Wifi"", ""Essentials""]","152.0","3","30","3.0","3.0","30.0","30.0","3.0","30.0","True","1","5","5","5","2","2","2","5.0","5.0","5.0","5.0","5.0","5.0","False","1","1","0","0","2.0","2"
"Cozy & Clean 2BR 1BA With Separate Entrance","Cozy 2BR 1BA house in the Flushing area. Extremely convenient location; Close access to supermarkets, public transportation (Bus Q44 & Q20), laundromat, US Open stadium, Queens botanical Garden, etc. 7 train to Manhattan can be reached by taking the Q44/Q20 Bus for 10-15 minutes. House is located minutes away from i495 highway, 10 minutes from LGA Airport and 15-20 minutes away from JFK Airport. First room has a full bed and second room has a pull out couch, both rooms has ac units.","Very quiet and peaceful neighborhood.","Mickey","US","","1.0","0.8","True","1.0","1.0","True","True","Queens","Entire home/apt","4","1.0","2.0","2.0","[""Window guards"", ""Extra pillows and blankets"", ""TV"", ""Security cameras on property"", ""Hot water kettle"", ""Toaster"", ""Microwave"", ""Central heating"", ""First aid kit"", ""Hangers"", ""Lockbox"", ""Long term stays allowed"", ""Carbon monoxide alarm"", ""Induction stove"", ""Cleaning products"", ""Wifi"", ""Laundromat nearby"", ""Body soap"", ""Shampoo"", ""Dishes and silverware"", ""Private entrance"", ""Air conditioning"", ""Free street parking"", ""Essentials"", ""Hot water"", ""Conditioner"", ""Kitchen"", ""Cooking basics"", ""Dedicated workspace"", ""Hair dryer"", ""Room-darkening shades"", ""Smoke alarm"", ""Dining table"", ""Freezer"", ""Refrigerator"", ""Bed linens"", ""Clothing storage: closet"", ""Coffee maker""]","73.0","3","60","3.0","3.0","1125.0","1125.0","3.0","1125.0","True","4","34","64","339","1","1","1","5.0","5.0","5.0","5.0","5.0","5.0","True","1","1","0","0","1.0","1"
"Master Bedroom with private Bathroom & Balcony","This apartment is on the second floor of a lovely house in Maspeth Queens. The apartment has 3-bedrooms, a beautiful living room, and a gorgeous kitchen.<br />Me and my friend occupy the other 2 bedrooms. We are very responsible and have full time jobs. I will give you the keys at check in. I will do my best to accommodate your schedule. <br />Check in starts 4pm and check out is 12pm. Flexible.  <br />Your bedroom: <br />Includes a new queen size bed with your own private bathroom and private balcony.","","UZeyir","Queens, New York, United States","","0.43","1.0","True","0.0","0.0","True","True","Queens","Private room","1","1.0","1.0","1.0","[""Kitchen"", ""Long term stays allowed"", ""Fire pit"", ""Wifi"", ""Smoke alarm""]","55.0","1","365","1.0","1.0","365.0","365.0","1.0","365.0","True","0","0","0","249","1","1","1","1.0","1.0","1.0","1.0","1.0","1.0","False","1","0","1","0","1.0","1"
"2 Bedrooms Apartament","This stylish place to stay is perfect for group trips.","","Iosif","Queens, New York, United States","","","","True","3.0","3.0","True","True","Queens","Entire home/apt","4","1.0","2.0","2.0","[""Security cameras on property"", ""Toaster"", ""Microwave"", ""Central heating"", ""First aid kit"", ""Hangers"", ""Long term stays allowed"", ""Carbon monoxide alarm"", ""Window AC unit"", ""Cleaning products"", ""Wifi"", ""Dishes and silverware"", ""Stainless steel oven"", ""Free street parking"", ""Essentials"", ""Hot water"", ""Kitchen"", ""Cooking basics"", ""Hair dryer"", ""Stove"", ""Smoke alarm"", ""Dining table"", ""Iron"", ""HDTV with Netflix"", ""Freezer"", ""Refrigerator"", ""Bed linens"", ""Coffee maker""]","308.0","3","365","3.0","3.0","1125.0","1125.0","3.0","1125.0","True","24","54","84","359","2","2","2","5.0","5.0","5.0","5.0","5.0","5.0","True","2","2","0","0","2.0","4"
"Jungle Nights - Queen Bed and Huge Private Patio!","New York's Concrete Jungle is a place where dreams are made of.  In the Jungle Nights Suite, you are welcome to find some dreams here. <br /><br />Outfitted with a luxurious queen bed, huge patio space with furniture and a punching bag, L Desk, and large computer monitor,  The Jungle Suite is designed to help you enjoy the serenity of Brooklyn.<br /><br /><b>The space</b><br />In addition to the private patio space, guests will enjoy the living space, kitchen, bathroom, rooftop view, gym and laundry space.","","Cornelius","Philadelphia, Pennsylvania, United States","Hi!

If you are staying at my listing, know that I'm committed to providing you with a comfortable stay worthy of 5 stars. 

About me:

I'm a product manager with a background in law & software development.

I’m easy going and enjoy meeting new people on my adventures. I’ve stayed in Airbnb’s all over and have met some great people on the platform who I now call friends.

My favorite things in the world are storytelling,  web development, and music production. I especially love exploring new cities. 

Looking forward to hosting you!
","1.0","0.27","True","8.0","8.0","True","True","Brooklyn","Private room","1","1.0","1.0","","[""Hangers"", ""Breakfast"", ""Kitchen"", ""Long term stays allowed"", ""Carbon monoxide alarm"", ""TV"", ""Cooking basics"", ""Washer"", ""Dedicated workspace"", ""Hair dryer"", ""Wifi"", ""Gym"", ""Heating"", ""Shampoo"", ""Smoke alarm"", ""Air conditioning"", ""Essentials""]","173.0","1","365","1.0","1.0","1125.0","1125.0","1.0","1125.0","True","25","55","85","175","1","1","1","5.0","4.0","5.0","4.0","3.0","4.0","True","2","0","2","0","1.0","4"
"New York Happy Life Room","This unique place has a style all its own. The bedroom has a beautiful queen size bed with some  amenities for your traveling needs.You have access to the bathroom, kitchen, livingroom, and laundry room. The apt has easy access to A, C or 4, and 3 trains which makes it a perfect stay and traveling to and from the city easy.","","Olu","Brooklyn, New York, United States","Cool, calm, and collective ","1.0","0.96","True","1.0","1.0","True","True","Brooklyn","Private room","2","1.0","1.0","","[""Extra pillows and blankets"", ""Baking sheet"", ""BBQ grill"", ""Stainless steel electric stove"", ""TV"", ""Bikes"", ""Lock on bedroom door"", ""Luggage dropoff allowed"", ""Free parking on premises"", ""Hot water kettle"", ""Wine glasses"", ""Barbecue utensils"", ""Microwave"", ""Central heating"", ""Pocket wifi"", ""First aid kit"", ""Single level home"", ""Hangers"", ""Lockbox"", ""Long term stays allowed"", ""Carbon monoxide alarm"", ""Washer"", ""Cleaning products"", ""Wifi"", ""Board games"", ""Kenmore  stainless steel oven"", ""Laundromat nearby"", ""Shampoo"", ""Dishes and silverware"", ""Air conditioning"", ""Free street parking"", ""Essentials"", ""Hot water"", ""Bathtub"", ""Conditioner"", ""Safe"", ""Kitchen"", ""Fire extinguisher"", ""Cooking basics"", ""Dedicated workspace"", ""Hair dryer"", ""Room-darkening shades"", ""Rice maker"", ""Kenmore refrigerator"", ""Smoke alarm"", ""Dining table"", ""Iron"", ""Freezer"", ""Clothing storage: wardrobe, closet, and walk-in closet"", ""Bed linens"", ""Paid dryer \u2013 In building"", ""Shower gel"", ""Cleaning before checkout"", ""Dove and Irish spring body soap"", ""Coffee maker""]","75.0","1","1125","1.0","1.0","1125.0","1125.0","1.0","1125.0","True","17","47","77","352","3","3","3","4.67","4.33","4.67","5.0","4.33","5.0","True","2","0","2","0","3.0","7"
"Lovely 1-Bedroom,  in Clinton Hill, Brooklyn.","Cozy one bedroom in the heart of Brooklyn. Walk to many neighborhoods in downtown as well as many worldly restaurants here in the neighborhood on Dekalb and a short walk to Fort Greene Park. Centrally located to Williamsburg, Greenpoint, Bedstuy, Fort Greene and Prospect Park. Two blocks from the G train at Classon Ave. 15 Minute train ride to Manhattan and short walk to the Ferry at Brooklyn navy yard.","","Carlos","New York, New York, United States","","","","True","0.0","0.0","True","True","Brooklyn","Entire home/apt","3","1.0","1.0","1.0","[""TV"", ""Free parking on premises"", ""Wine glasses"", ""Central heating"", ""Ethernet connection"", ""Lockbox"", ""Long term stays allowed"", ""Carbon monoxide alarm"", ""Washer"", ""Cleaning products"", ""Wifi"", ""Dishes and silverware"", ""Air conditioning"", ""Free street parking"", ""Essentials"", ""Hot water"", ""Bathtub"", ""Kitchen"", ""Cooking basics"", ""Stove"", ""Smoke alarm"", ""Dining table"", ""Freezer"", ""Elevator"", ""Refrigerator"", ""Coffee maker""]","105.0","1","1125","1.0","1.0","1125.0","1125.0","1.0","1125.0","True","3","20","48","65","5","5","5","5.0","4.8","5.0","5.0","5.0","5.0","True","1","1","0","0","5.0","4"
"4BR modern home with garden in art live/work bldng","Enjoy a stylish and authentic experience at this Brooklyn spot. The multi bedroom home is equally suitable for family, group travelers and company temp stays, with great amenities: a gym and laundry just one flight down and a private backyard to the flat guests only, in an art live/work building located in a blossoming and diverse neighborhood, conveniently located to public transport and close to Manhattan. With central heating/cooling and furnished leisure roof top.","","Nico","New York, New York, United States","Photographer living in NYC. Travel a lot","0.98","0.99","True","3.0","3.0","True","True","Brooklyn","Entire home/apt","8","1.5","4.0","","[""Kitchen"", ""BBQ grill"", ""Carbon monoxide alarm"", ""Outdoor dining area"", ""Long term stays allowed"", ""Washer"", ""Security cameras on property"", ""Dedicated workspace"", ""Wifi"", ""Smoke alarm"", ""Air conditioning""]","228.0","2","365","2.0","2.0","365.0","365.0","2.0","365.0","True","7","37","67","342","1","1","1","5.0","5.0","5.0","5.0","5.0","5.0","True","6","4","2","0","1.0","4"
"Spacious modern 2 bed unit in a quiet neighborhood","Welcome to your home away from home! Your 2 bed 1 bath newly renovated vacation home is on a quiet tree-lined block located a short walk from shops, supermarkets, restaurants, schools and the subway.<br /><br />This unit has an open floor concept with stainless steel appliances, a nice living and dining room area, new flooring and great natural light. There’s a thermostat in the unit to control the heat. Guests have limited access to a large backyard and front porch.<br /><br /><b>The space</b><br />You’ll have access to the entire unit. Plenty of space to enjoy your vacation family and comfortable king mattresses to get a good rest.<br /><br /><b>Guest access</b><br />You’ll have access to the entire first floor apartment, back yard, and porch.","Check out the guidebook for local recommendations.","Zen","Mount Vernon, New York, United States","","1.0","1.0","True","0.0","0.0","True","True","Bronx","Entire home/apt","6","1.0","2.0","2.0","[""Cooking basics"", ""Security cameras on property"", ""Outdoor furniture"", ""Room-darkening shades"", ""Fire extinguisher"", ""Hot water kettle"", ""Smoke alarm"", ""Dishwasher"", ""Dishes and silverware"", ""Cleaning products"", ""Extra pillows and blankets"", ""Dedicated workspace"", ""Clothing storage: dresser"", ""Private fenced garden or backyard"", ""Hot water"", ""Stainless steel oven"", ""Free parking on premises"", ""Laundromat nearby"", ""TV"", ""Refrigerator"", ""Outdoor dining area"", ""Lockbox"", ""Toaster"", ""Freezer"", ""Liquid Dove sensitive skin body soap"", ""Private patio or balcony"", ""First aid kit"", ""Kitchen"", ""Bed linens"", ""Microwave"", ""Dining table"", ""Air conditioning"", ""Long term stays allowed"", ""BBQ grill"", ""Barbecue utensils"", ""Carbon monoxide alarm"", ""Free street parking"", ""Bathtub"", ""Electric stove"", ""Private entrance"", ""Baking sheet"", ""Wine glasses"", ""Iron"", ""Heating"", ""Wifi"", ""Essentials""]","130.0","1","100","1.0","1.0","100.0","100.0","1.0","100.0","True","5","34","63","153","3","3","3","5.0","5.0","5.0","5.0","5.0","5.0","True","2","1","1","0","3.0","4"
"Cozy Room in Brooklyn! Same st Subway. 2min Walk!","Amazing and comfortable space in Brooklyn, same street as subway. We are just around the corner from deli's, coffee shops and markets. The house is in a new building with amazing furniture. The room has a smart tv and wifi.","","Maria","New York, New York, United States","","1.0","1.0","True","0.0","0.0","True","True","Brooklyn","Private room","2","1.0","1.0","1.0","[""Keypad"", ""Kitchen"", ""Carbon monoxide alarm"", ""TV"", ""Fire extinguisher"", ""Security cameras on property"", ""Lock on bedroom door"", ""Cooking basics"", ""Wifi"", ""Laundromat nearby"", ""Heating"", ""Dishes and silverware"", ""Smoke alarm"", ""Air conditioning"", ""Essentials"", ""Hot water""]","67.0","1","10","1.0","1.0","1125.0","1125.0","1.0","1125.0","True","25","55","85","175","1","1","1","5.0","5.0","5.0","5.0","5.0","5.0","True","12","0","12","0","1.0","2"
"Master Suite at ""La Casa Blanca"" near NYC R#1","The whole group will enjoy easy access to everything from this centrally located place.","","Rudis","The Bronx, New York, United States","","","","True","0.0","0.0","True","True","Bronx","Private room","2","1.0","1.0","1.0","[""Backyard"", ""Cooking basics"", ""Security cameras on property"", ""Outdoor furniture"", ""Ethernet connection"", ""Fire extinguisher"", ""Lock on bedroom door"", ""Dryer"", ""Smoke alarm"", ""Dishes and silverware"", ""Cleaning products"", ""Dedicated workspace"", ""Conditioner"", ""Body soap"", ""Hot water"", ""Coffee maker"", ""TV"", ""Keurig coffee machine"", ""Refrigerator"", ""Outdoor dining area"", ""Lockbox"", ""Toaster"", ""Freezer"", ""Hangers"", ""Shared hot tub"", ""Kitchen"", ""Microwave"", ""Long term stays allowed"", ""Air conditioning"", ""Mini fridge"", ""Safe"", ""Carbon monoxide alarm"", ""Free street parking"", ""Bathtub"", ""Oven"", ""Paid parking on premises"", ""Paid parking off premises"", ""Wifi"", ""Shampoo"", ""Wine glasses"", ""Stove"", ""Alexa  sound system"", ""Iron"", ""Heating"", ""Luggage dropoff allowed"", ""Washer"", ""Essentials""]","126.0","1","1125","1.0","1.0","1125.0","1125.0","1.0","1125.0","True","21","48","78","353","6","6","6","5.0","5.0","4.83","5.0","5.0","5.0","True","5","0","5","0","6.0","4"
"Casa Azul  aparment in Queens NYC","A very spacious and lovely apartment. The apartment is located a two blocks away from the J train. The bus Q56 is half a block and then in Woodhaven Blvd which is two blocks away from a variety of buses. The apartment is in a commercial area. The supermarket, pharmacy and restaurants is across the street and they are 24/7. The apartment has a deck and a backyard.<br /><br /><b>The space</b><br />The apartment in queens is 13 mins away from JFK airport and 22 mins away from the La Guardia airport. The train J train Woodhaven Blvd is two blocks away. The apartment is very close to everything you will need.<br /><br /><b>Guest access</b><br />You can access to the deck and backyard of the house.<br /><br /><b>Other things to note</b><br />The apartment has a well decorated patio.","","Concepcion.","US","","","","True","1.0","1.0","True","True","Queens","Entire home/apt","6","1.0","2.0","4.0","[""Cooking basics"", ""Security cameras on property"", ""Outdoor furniture"", ""Fire extinguisher"", ""50\"" HDTV with standard cable"", ""Trash compactor"", ""Smoke alarm"", ""Shower gel"", ""Dishes and silverware"", ""Cleaning products"", ""Window AC unit"", ""Fire pit"", ""Cable TV"", ""Private fenced garden or backyard"", ""Body soap"", ""Hot water"", ""Coffee maker"", ""Laundromat nearby"", ""Clothing storage: closet"", ""Gas stove"", ""Refrigerator"", ""Outdoor dining area"", ""Lockbox"", ""Paid street parking off premises"", ""Private patio or balcony"", ""First aid kit"", ""Hair dryer"", ""Kitchen"", ""Bed linens"", ""Microwave"", ""Dining table"", ""Long term stays allowed"", ""Mini fridge"", ""Radiant heating"", ""BBQ grill"", ""Single level home"", ""Barbecue utensils"", ""Carbon monoxide alarm"", ""Free street parking"", ""Oven"", ""Private entrance"", ""Shampoo"", ""Wine glasses"", ""Iron"", ""Wifi"", ""Essentials""]","201.0","2","1125","2.0","2.0","1125.0","1125.0","2.0","1125.0","True","19","49","79","79","1","1","1","5.0","5.0","5.0","5.0","5.0","5.0","False","1","1","0","0","1.0","2"
"Colorful 1-bedroom apartment unit in Brooklyn","Enjoy a stylish experience at my apartment in beautiful Greenpoint, Brooklyn. In this clean apartment you will find tall ceilings, high quality finishes, and vibrant styling to keep your NYC experience alive. This third-story unit is in a historic walk-up building located just minutes from neighboring Williamsburg (to the south) and Long Island City (to the north). Central Park, Times Square, and all other Manhattan landmarks are easily accessible from the NYC subway, just a 5 minute walk.<br /><br /><b>Other things to note</b><br />There is one normal queen sized bed in the bedroom. Please let me know in advance if you require me to provide/set up the premium queen sized air mattress in the second sleeping space.","","A.J.","New York, New York, United States","I'm AJ. I am happy to extend the offer to stay at my charming East Village NYC apartment to the airbnb community. I got into airbnb, probably like most ppl, because i have the desire to establish a deeper connection to those international neighborhoods that we find ourself traveling though. Hotels just don't cut it. The experiences and relationships had by hosting / being hosted in homes are simply superior to the experience of staying in a hotel. My foray to the apartment hosting world is not without reservations. While i expect to have a good experience, i will be careful in selecting guests that can demonstrate respect and consideration for another persons home. And i would expect to have the same expectations placed on us by those hosting us. I am a professional property manager (for commercial property), so you will find that my apartment is outfitted with modern and  accommodating fixtures and stereo equipment.  While i hope that your stay in the East Village will be one involving exploration of this amazing neighborhood, we can also promise you that your time spent indoors will be extremely pleasurable as well. ","0.86","1.0","True","2.0","2.0","True","True","Brooklyn","Entire home/apt","4","1.0","1.0","1.0","[""Kitchen"", ""Long term stays allowed"", ""Carbon monoxide alarm"", ""TV"", ""Dedicated workspace"", ""Wifi"", ""Smoke alarm"", ""Air conditioning""]","214.0","2","365","2.0","2.0","1125.0","1125.0","2.0","1125.0","True","11","11","11","11","1","1","1","5.0","5.0","5.0","5.0","5.0","5.0","False","1","1","0","0","1.0","6"
"Cozy FiDi 1 bedroom apt - high-rise (WTC views)","A cozy 1 bedroom apartment on the 27th floor with an un-paralleled view of WTC!!!<br /><br />Conveniently located in FiDi with easy/quick access to Fulton subway station (1,2,3,4,5,6,R,W,A,C) trains, WTC Path for New Jersey and Ferry from Battery park to visit Statue of Liberty or Brooklyn.<br /><br />Concierge/Security in the building downstairs.<br /><br />Also, includes a recreational room downstairs with pool table and business area to work.<br /><br /><b>The space</b><br />Everything is available for guests to use.","Conveniently located in FiDi with easy/quick access to Fulton subway station (1,2,3,4,5,6,R,W,A,C) trains, WTC Path for New Jersey and Ferry from Battery park to visit Statue of Liberty or Brooklyn.<br /><br />Concierge/Security in the building downstairs.<br /><br />Also, includes a recreational room downstairs with pool table and business area to work.","Husain","PECK SLIP, New York, United States","","1.0","1.0","True","1.0","1.0","True","True","Manhattan","Entire home/apt","4","1.0","1.0","2.0","[""Cooking basics"", ""Shared gym in building"", ""Ethernet connection"", ""Pool table"", ""Hot water kettle"", ""Dryer"", ""Smoke alarm"", ""Shower gel"", ""Dishwasher"", ""HDTV with HBO Max, Chromecast, Apple TV, Netflix, Amazon Prime Video"", ""Cleaning products"", ""Extra pillows and blankets"", ""Dishes and silverware"", ""Dedicated workspace"", ""Conditioner"", ""Body soap"", ""Paid parking garage off premises"", ""Hot water"", ""Coffee maker"", ""Laundromat nearby"", ""Clothing storage: closet"", ""Gas stove"", ""Toaster"", ""Elevator"", ""Freezer"", ""Bidet"", ""Hangers"", ""Hair dryer"", ""Kitchen"", ""Bed linens"", ""Game console: PS4"", ""Microwave"", ""Air conditioning"", ""Long term stays allowed"", ""Liebherr refrigerator"", ""Free street parking"", ""Bathtub"", ""Shampoo"", ""Wine glasses"", ""Iron"", ""Central heating"", ""Yamaha YS900 sound system with Bluetooth and aux"", ""Wifi"", ""Essentials""]","185.0","8","365","8.0","8.0","1125.0","1125.0","8.0","1125.0","True","3","3","3","190","1","1","1","5.0","5.0","5.0","5.0","5.0","5.0","False","2","2","0","0","1.0","6"
"Private guest suite in MODERN Brooklyn Condo","Prepare for a comfortable stay in our guestroom in hip and trendy Bushwick Brooklyn.  Conveniently located 1 block from the Central M subway stop. (15 minutes into Lower Manhattan.)<br /><br />**this is a room rental not the whole condo.<br />Shared: bathroom, living room, kitchen, backyard.<br /><br /><b>The space</b><br />The Room: Our guestroom has a comfortable queen sized bed, dresser, and large closet. <br /><br />The Condo: Our home is equipped with everything you need for your day-to-day while staying in Brooklyn!  Guests are free to lounge in the living room, kitchen and backyard. We provide coffee/tea for you to start your day or can recommend some great local coffee spots if that's what you're craving!  We also have a washer and dryer available for you to use. <br /><br />(To make our lives easier, please READ THE FULL LISTING. This is our home and want to make sure all guests have read and understand the house rules. In your message to book, please include the code word : ""","Trendy, eclectic, safe neighborhood in Bushwick.  The J/M/Z trains all walking distance giving you easy access to Manhattan's tourists attractions, dining, and more.<br /><br />DISCLAIMER: Please research the area before booking. Bushwick is gritty and industrial. Bushwick is home to a lot of creative types --and dare I say, ""hipster"" folks. It's filled with colorful murals, great coffee shops, and a lot of options for casual dining.","Rachel","Brooklyn, New York, United States","I'm a working professional that enjoys to travel and explore interesting cities in my free time. I love live music, living an active lifestyle, and spending time with my friends.

","1.0","0.89","True","0.0","0.0","True","True","Brooklyn","Private room","2","1.0","1.0","1.0","[""Extra pillows and blankets"", ""Baking sheet"", ""Luggage dropoff allowed"", ""Security cameras on property"", ""Lock on bedroom door"", ""Keurig coffee machine"", ""Private patio or balcony"", ""Clothing storage: dresser"", ""Wine glasses"", ""Toaster"", ""Microwave"", ""Central heating"", ""Bidet"", ""First aid kit"", ""Hangers"", ""Free washer \u2013 In unit"", ""Long term stays allowed"", ""Carbon monoxide alarm"", ""Cleaning products"", ""Record player"", ""Wifi"", ""Central air conditioning"", ""Body soap"", ""Shampoo"", ""Dishes and silverware"", ""Stainless steel oven"", ""50\"" HDTV with Amazon Prime Video, Chromecast, HBO Max, Netflix"", ""Essentials"", ""Hot water"", ""Bathtub"", ""Free street parking"", ""Conditioner"", ""Kitchen"", ""Fire extinguisher"", ""Cooking basics"", ""Hair dryer"", ""Rice maker"", ""Stove"", ""Outdoor furniture"", ""Smoke alarm"", ""Dishwasher"", ""Dining table"", ""Private fenced garden or backyard"", ""Iron"", ""Freezer"", ""Refrigerator"", ""Bed linens"", ""Dryer \u2013\u00a0In unit"", ""Shower gel"", ""Coffee maker"", ""Outdoor dining area""]","106.0","5","365","5.0","5.0","365.0","365.0","5.0","365.0","True","6","36","66","341","2","2","2","5.0","5.0","5.0","5.0","5.0","5.0","False","1","0","1","0","2.0","9"
"Private bedroom at ""La Casa Blanca"" near NYC r#5","The whole group will enjoy easy access to everything from this centrally located place.","","Rudis","The Bronx, New York, United States","","","","True","0.0","0.0","True","True","Bronx","Private room","2","1.0","1.0","1.0","[""Cooking basics"", ""Security cameras on property"", ""Outdoor furniture"", ""Ethernet connection"", ""Fire extinguisher"", ""Lock on bedroom door"", ""Dryer"", ""Smoke alarm"", ""Shower gel"", ""Smart lock"", ""Dishes and silverware"", ""Cleaning products"", ""Extra pillows and blankets"", ""Dedicated workspace"", ""Conditioner"", ""Body soap"", ""Hot water"", ""Sound system"", ""Coffee maker"", ""Laundromat nearby"", ""TV"", ""Keurig coffee machine"", ""Refrigerator"", ""Toaster"", ""Freezer"", ""Hangers"", ""Kitchen"", ""Microwave"", ""Long term stays allowed"", ""Air conditioning"", ""Mini fridge"", ""Safe"", ""Carbon monoxide alarm"", ""Free street parking"", ""Bathtub"", ""Oven"", ""Paid parking on premises"", ""Paid parking off premises"", ""Wifi"", ""Shampoo"", ""Wine glasses"", ""Stove"", ""Clothing storage"", ""Iron"", ""Heating"", ""Luggage dropoff allowed"", ""Washer"", ""Essentials""]","70.0","1","365","1.0","1.0","1125.0","1125.0","1.0","1125.0","True","20","50","80","355","4","4","4","5.0","5.0","5.0","5.0","5.0","5.0","True","5","0","5","0","4.0","4"
"A lovely studio in the Morris park","Forget your worries in this spacious and serene space.","","Omar","New York, New York, United States","","0.96","0.94","True","1.0","1.0","True","True","Bronx","Entire home/apt","2","1.0","1.0","1.0","[""Long term stays allowed""]","96.0","1","90","1.0","1.0","90.0","90.0","1.0","90.0","True","13","42","72","347","1","1","1","5.0","5.0","5.0","5.0","5.0","5.0","False","2","1","1","0","1.0","2"
"1. SPACIOUS, Clean 🪴Oasis🪴 near Metro & Parks!🌳🚊 🌆","Welcome to my home, located in beautiful South Harlem, a convenient and safe neighborhood!<br /><br />A clean and spacious apartment with two bedrooms and a fully stocked kitchen and flat screen TV / entertainment center with Amazon Fire Stick in an elevator building. Located near West 113th Street & Frederick Douglass Blvd, close to cafes, shopping, grocery stores, Central Park, Morningside Park and the subway to downtown/bus to East side/LaGuardia Airport.<br /><br /><b>The space</b><br />The bedrooms have one with a double-sized bed, and one queen-sized bed. The kitchen has a  microwave, stainless steel fridge, range for cooking, granite countertops, ninja smoothie maker, toaster and kettle. The 45i inch flat screen TV & entertainment center has Amazon Firestick. <br /><br />This is my personal home which I reside in and love to host guests while I am away. My personal belongings will be out of your way for the most part, I do ask that you please refrain from consuming any food item","","Jeff","GB","","0.38","0.19","True","3.0","3.0","True","True","Manhattan","Entire home/apt","4","1.0","2.0","2.0","[""Hangers"", ""Long term stays allowed"", ""Iron"", ""TV"", ""Carbon monoxide alarm"", ""Dedicated workspace"", ""Cooking basics"", ""Hair dryer"", ""Elevator"", ""Wifi"", ""Heating"", ""Smoke alarm"", ""Air conditioning"", ""Essentials""]","220.0","3","1125","3.0","7.0","1125.0","1125.0","3.1","1125.0","True","10","15","15","15","2","2","2","5.0","5.0","5.0","5.0","5.0","5.0","False","2","2","0","0","2.0","2"
"Clean, quiet, safe room by Central Park","Furnished hardwood floor room (separated from rest of the apartment by a thick curtain - no wall) with brand new furniture’s: bed with linens, desk, closet, air conditioning and window blinds. Kitchen will have everything you will need (or just ask) – gas stove, coffee and espresso machine, toaster, microwave (no dishwasher sorry).<br />Bathroom has a window and a washing machine.<br />Building with renovated lobby, elevator.<br />Subways C, D and 1, 2, 3 few minutes away.<br />Central Park and Wholefoods near by.","The Upper West Side is home to Lincoln Center, which hosts performing-arts institutions like the Metropolitan Opera and New York City Ballet. Amid the grand apartment buildings of Central Park West, the American Museum of Natural History presents everything from dinosaurs to outer-space exhibits. On weekends, families emerge from stately brownstones on quiet side streets to line up for brunch or bagels.","Henry","New York, New York, United States","Hi - my name is Henry, i'm born in Europe, easy to live with and looking forward to meeting you. Don't hesitate if you have any question about my place or the city!","1.0","0.98","True","0.0","0.0","True","True","Manhattan","Private room","1","1.0","1.0","1.0","[""Extra pillows and blankets"", ""Luggage dropoff allowed"", ""Lock on bedroom door"", ""Hot water kettle"", ""Mosquito net"", ""Wine glasses"", ""Toaster"", ""Microwave"", ""Hangers"", ""Long term stays allowed"", ""Portable fans"", ""Carbon monoxide alarm"", ""Washer"", ""Cleaning products"", ""Wifi"", ""Heating"", ""Body soap"", ""Shampoo"", ""Drying rack for clothing"", ""Dishes and silverware"", ""Air conditioning"", ""Essentials"", ""Hot water"", ""Bathtub"", ""Safe"", ""Kitchen"", ""Clothing storage"", ""Cooking basics"", ""Dedicated workspace"", ""Hair dryer"", ""Room-darkening shades"", ""Stove"", ""Smoke alarm"", ""Keypad"", ""Dining table"", ""Iron"", ""Freezer"", ""Oven"", ""Elevator"", ""Refrigerator"", ""Bed linens"", ""Coffee maker""]","50.0","2","365","2.0","16.0","19.0","365.0","2.8","345.4","True","0","4","29","29","2","2","2","5.0","5.0","5.0","5.0","5.0","4.5","True","3","0","3","0","2.0","2"
"Cozy Bedroom in Sunset Park with shared kitchen","Clean, bright and quiet place.<br /><br />10 minutes walking distance to public transportation that gets to the city in 30 minutes or less.<br /><br />One block away from the famous Sunset Park, supermarket around the corner.<br />Neighborhood is safe and charming. <br />WI-FI is fast and reliable.<br /><br /><b>The space</b><br />You get a private room with (bed/desk) all for yourself.<br />You will be sharing a kitchen and a bathroom with 2 other roommates.<br /><br /><b>Guest access</b><br />Free Street parking is available.","Super safe neighborhood.<br />Great restaurants and night life.","John","New York, New York, United States","I work as a computer engineer in New York City.

I have multiple locations in New York City for hosting, looking to be Airbnb superhost in the near future.

I do travel occasionally.","1.0","0.6","True","1.0","1.0","True","True","Brooklyn","Private room","2","1.0","1.0","","[""Air conditioning"", ""Dedicated workspace"", ""Security cameras on property"", ""Carbon monoxide alarm"", ""Lock on bedroom door"", ""Free street parking"", ""Lockbox"", ""Iron"", ""Fire extinguisher"", ""Central heating"", ""Laundromat nearby"", ""Wifi"", ""Smoke alarm"", ""Kitchen"", ""Long term stays allowed""]","50.0","30","1125","2.0","30.0","1125.0","1125.0","28.4","1125.0","True","9","29","30","31","1","1","1","5.0","5.0","5.0","5.0","5.0","5.0","False","1","0","1","0","1.0","3"
"CUTE Newly Renovated 1BR in Manhattan","Kick back and relax in this calm, stylish space.","","Scott","New York, New York, United States","A couple who travel internationally.  Love international culture and respectful of your rental property.","1.0","0.98","True","3.0","3.0","True","True","Manhattan","Entire home/apt","2","1.0","1.0","1.0","[""First aid kit"", ""Hangers"", ""Long term stays allowed"", ""Carbon monoxide alarm"", ""Cleaning products"", ""Wifi"", ""Heating"", ""Dishes and silverware"", ""Shampoo"", ""Private entrance"", ""Air conditioning"", ""Essentials"", ""Hot water"", ""Kitchen"", ""Fire extinguisher"", ""Cooking basics"", ""Dedicated workspace"", ""Hair dryer"", ""Smoke alarm"", ""Iron"", ""Bed linens"", ""Clothing storage: closet"", ""Coffee maker""]","150.0","4","365","4.0","4.0","365.0","365.0","4.0","365.0","True","7","37","67","342","2","2","2","5.0","5.0","5.0","5.0","5.0","5.0","False","4","4","0","0","2.0","6"
"Simple and comfortable 3","Forget your worries in this spacious and serene space.","","William","New York, New York, United States","Hard working man, puppy owner, and musician.","1.0","0.82","True","3.0","3.0","True","True","Brooklyn","Private room","1","1.5","1.0","1.0","[""Extra pillows and blankets"", ""Lock on bedroom door"", ""Radiant heating"", ""HDTV with Netflix, HBO Max"", ""Microwave"", ""Dedicated workspace: "", ""First aid kit"", ""Hangers"", ""Carbon monoxide alarm"", ""Window AC unit"", ""Mini fridge"", ""Cleaning products"", ""Wifi"", ""Laundromat nearby"", ""Dishes and silverware"", ""Stainless steel oven"", ""Essentials"", ""Hot water"", ""Bathtub"", ""Kitchen"", ""Various  body soap"", ""Cooking basics"", ""Smoke alarm"", ""Freezer"", ""Electric stove"", ""Various  refrigerator"", ""Bed linens"", ""Shower gel"", ""Various  shampoo"", ""Clothing storage: closet and dresser""]","32.0","2","14","2.0","2.0","14.0","14.0","2.0","14.0","True","0","28","58","326","2","2","2","5.0","5.0","5.0","5.0","5.0","5.0","False","3","0","3","0","2.0","4"
"Spacious 1-bedroom apartment Brooklyn, NY!","We look forward to hosting you! Entire one bedroom apartment. Well equipped kitchen. 3rd floor walk up.  7min walk to the subway, 35mins to the city.<br /><br />Quiet Tree Line Block <br /><br />Brooklyn attractions nearby: <br />Brooklyn Children’s Museum walking distance <br /><br />Brooklyn Museum | Botanical Garden |  Prospect Park 1 mile away <br /><br />Barclays Center | Atlantic Center Mall 1.7 miles away<br /><br />Midpoint between Fulton St and Eastern Parkway<br /><br />Can accommodate up to 3 guests. 1 queen sized bed and 1 couch/futon.","","Brittney","Brooklyn, New York, United States","","1.0","1.0","True","1.0","1.0","True","True","Brooklyn","Entire home/apt","3","1.0","1.0","2.0","[""Extra pillows and blankets"", ""TV"", ""Security cameras on property"", ""Free parking on premises"", ""Wine glasses"", ""Microwave"", ""First aid kit"", ""Hangers"", ""Lockbox"", ""Long term stays allowed"", ""Carbon monoxide alarm"", ""Dedicated workspace: table"", ""Cleaning products"", ""Wifi"", ""Laundromat nearby"", ""Heating"", ""Shampoo"", ""Dishes and silverware"", ""Air conditioning"", ""Free street parking"", ""Essentials"", ""Hot water"", ""Bathtub"", ""Conditioner"", ""Kitchen"", ""Fire extinguisher"", ""Cooking basics"", ""Hair dryer"", ""Stove"", ""Smoke alarm"", ""Dining table"", ""Iron"", ""Freezer"", ""Oven"", ""Refrigerator"", ""Bed linens"", ""Clothing storage: closet""]","160.0","2","1125","2.0","2.0","1125.0","1125.0","2.0","1125.0","True","15","45","75","350","2","2","2","5.0","5.0","5.0","5.0","5.0","5.0","True","1","1","0","0","2.0","2"
"Awesome Room 2 Minutes from Subway Station (BKLN)","","","Carlos","US","","0.99","0.99","True","6.0","6.0","True","True","Brooklyn","Private room","3","1.0","1.0","1.0","[""Hangers"", ""Kitchen"", ""Iron"", ""TV"", ""Carbon monoxide alarm"", ""Fire extinguisher"", ""Lock on bedroom door"", ""Hair dryer"", ""Wifi"", ""Free street parking"", ""Microwave"", ""Dishes and silverware"", ""Smoke alarm"", ""Air conditioning"", ""Essentials"", ""Hot water""]","61.0","1","15","1.0","1.0","15.0","15.0","1.0","15.0","True","21","51","81","356","1","1","1","3.0","1.0","5.0","1.0","3.0","1.0","True","7","0","7","0","1.0","2"
"Brand New 4 Bedroom 2 Bathroom Private Apartment","A private 4 bedroom 2 bath apartment in a newly constructed 2 family home. 5 minutes from the JFK airport and 5 minutes from Resorts World casino. All bedrooms include a Queen Size bed, a side table with a lamp, a luggage stand, AC and heat. Hi Speed Wifi available throughout the apartment. The Kitchen is equipped with all cooking essentials  as well as a dish washer and the refrigerator can provide with filtered drinking water and ice. Street parking is free and fairly easily available.<br /><br /><b>The space</b><br />This is a Beautiful apartment. Just recently finished construction in October if 2021. 4 generous size bedrooms and 2 full bathrooms with modern stand up showers. A full modern kitchen with all the necessities and modern luxuries. A spacious living room<br />And dining area. Natural hardwood floors through out the apartment. Bedrooms are furnished with very comfortable bed and mattresses and fine linens and are all Queen size.","Located in the Heart of South ozone park, close to public transportation and multiple highways. Convenience stores located within a couple minutes walk.","Mahesh","US","","0.92","0.82","True","0.0","0.0","True","True","Queens","Entire home/apt","8","2.0","4.0","4.0","[""Air conditioning"", ""Fire extinguisher"", ""Security cameras on property"", ""Carbon monoxide alarm"", ""Wifi"", ""Hot water"", ""Hangers"", ""Iron"", ""First aid kit"", ""Keypad"", ""Kitchen"", ""TV"", ""Hair dryer"", ""Smoke alarm"", ""Essentials"", ""Long term stays allowed""]","270.0","2","29","2.0","2.0","29.0","29.0","2.0","29.0","True","12","40","70","342","1","1","1","5.0","5.0","5.0","5.0","5.0","5.0","False","1","1","0","0","1.0","1"
"Comfortable and cozy Room in Washington Heights","This Lovely Cozy and comfortable room is located in the heart of Washington Heights for those needing a place to stay in the big apple. Just 4 minutes away from the 1, A express and C train. We are 18 minutes away from Central Park and 20 to 30 minutes from Time Square. The neighborhood is very diverse there are many restaurants, retail shops, gyms, pharmacy, cafes, banks and supermarkets around the area.You will enjoy easy access to everything from this centrally located place.<br /><br /><b>The space</b><br />The bedroom is spacious comfortable and practical. We offer some snack, water and coffee. The room comes with a mini fridge a queen-sized bed, a built in closet, a dresser and a study desk with a chair. Please keep the room as clean and tidy as possible.<br />Wifi: Name:Spectrum Setup-eb<br />Password: uniteerrand374<br /><br /><b>Other things to note</b><br />Mostly there will always be someone in the apartment either me or a family member willing to assist you in whatever you ","","Endrika","New York, New York, United States","","0.64","0.69","True","0.0","0.0","True","True","Manhattan","Private room","2","1.0","1.0","","[""Extra pillows and blankets"", ""Luggage dropoff allowed"", ""Lock on bedroom door"", ""Clothing storage: dresser"", ""Radiant heating"", ""Microwave"", ""Hangers"", ""Long term stays allowed"", ""Portable fans"", ""Carbon monoxide alarm"", ""Mini fridge"", ""Washer"", ""Wifi"", ""Paid dryer \u2013 In unit"", ""Air conditioning"", ""Dove body soap"", ""Essentials"", ""Hot water"", ""Free street parking"", ""Dedicated workspace"", ""Hair dryer"", ""Room-darkening shades"", ""Smoke alarm"", ""Tresemme conditioner"", ""Tresemme shampoo"", ""Iron"", ""Freezer"", ""Elevator"", ""Bed linens"", ""Coffee maker"", ""Paid parking garage off premises""]","59.0","2","365","2.0","2.0","365.0","365.0","2.0","365.0","True","14","44","74","74","1","1","1","5.0","5.0","5.0","5.0","5.0","5.0","False","1","0","1","0","1.0","1"
"Quiet private room! 15 min from airport/Manhattan","Quiet, clean, recently renovated private room with new Queen-size bed! Nice bathroom, kitchen, 65"" TV, wi-fi, Xbox, Oculus Quest VR, massage chair, Kettlebell + dumbbells. 2 extra beds available for larger groups.<br /><br />Amazing location in Astoria! Many restaurants, shops, movie theater, and Museum of the Moving Image within walking distance. 10 min drive from La Guardia and 2 min walk to nearest subway (from there, a 10 min subway ride to Rockefeller Center and 15 min to Central Park!).<br /><br /><b>The space</b><br />Basement apartment in a larger, 3-story home. Host and roommate on-site, but more-or-less invisible (and hospitality minded). Full kitchen facilities (including a deep-fat fryer). Nice living room with 65"" TV and games (X-box and Oculus Quest), with a massage chair and a futon couch that can turn into a 2nd Full-size bed (with a 3rd Twin-size bunkbed above it).<br /><br /><b>Guest access</b><br />2-minute walk to nearest subway, with a 10-minute ride into Manhattan","Historic Astoria, with many nearby shops, restaurants, pubs, and attractions, including the Museum of the Moving Image and Astoria Park (largest public swimming pool in NYC). Closest Queens neighborhood to Manhattan!","William","US","","1.0","1.0","True","0.0","0.0","True","True","Queens","Private room","4","1.0","1.0","3.0","[""Extra pillows and blankets"", ""Luggage dropoff allowed"", ""TV"", ""Lock on bedroom door"", ""Free parking on premises"", ""Toaster"", ""Microwave"", ""Central heating"", ""First aid kit"", ""Single level home"", ""Hangers"", ""Long term stays allowed"", ""Cleaning products"", ""Wifi"", ""Laundromat nearby"", ""Shampoo"", ""Dishes and silverware"", ""Private entrance"", ""Host greets you"", ""Air conditioning"", ""Free street parking"", ""Essentials"", ""Hot water"", ""Game console: Xbox 360"", ""Kitchen"", ""Fire extinguisher"", ""Clothing storage"", ""Cooking basics"", ""Room-darkening shades"", ""Stove"", ""Bluetooth sound system"", ""Rice maker"", ""Iron"", ""Oven"", ""Refrigerator"", ""Bed linens""]","100.0","1","1125","1.0","1.0","1125.0","1125.0","1.0","1125.0","True","16","45","75","350","2","2","2","5.0","5.0","5.0","5.0","5.0","5.0","True","1","0","1","0","2.0","2"
"Cozy Room at the Heart of the Manhattan","","","Sinem","New York, New York, United States","","0.94","1.0","True","10.0","10.0","True","True","Manhattan","Private room","2","1.0","1.0","1.0","[""Long term stays allowed"", ""Fire extinguisher"", ""TV"", ""Washer"", ""Lock on bedroom door"", ""Hair dryer"", ""Dedicated workspace"", ""Wifi"", ""Heating"", ""Private entrance"", ""Dryer"", ""Smoke alarm"", ""Air conditioning"", ""Essentials"", ""Hot water""]","171.0","1","1125","1.0","1.0","1125.0","1125.0","1.0","1125.0","True","2","2","2","2","4","4","4","4.75","5.0","4.75","5.0","5.0","4.75","True","13","0","13","0","4.0","1"
"Lovely 2-bedrooms In the heart of Williamsburg","Enjoy a simple stay at this peaceful and centrally-located apartment.<br /><br /><b>The space</b><br />2 bedrooms in a 3 bedroom apartment. Each equipped with comfortable beds one Queen and one double. The apartment is on the second floor, only one flight of stairs.<br /><br /><b>Guest access</b><br />5 minute walk to the Grand L train stop and a 10 minute train ride to manhattan. Walking distance to many thrift shops, restaurants and bars. Just ask us and we will give you some recommendations :)","","Kyle","Austin, Texas, United States","","","","True","0.0","0.0","True","True","Brooklyn","Private room","4","1.0","2.0","2.0","[""Bathtub"", ""Kitchen"", ""Microwave"", ""Carbon monoxide alarm"", ""Freezer"", ""Cooking basics"", ""Long term stays allowed"", ""Hair dryer"", ""Refrigerator"", ""Wifi"", ""Body soap"", ""Shampoo"", ""Coffee maker"", ""Smoke alarm"", ""First aid kit"", ""Essentials"", ""Dedicated workspace: table and desk""]","150.0","1","365","1.0","1.0","365.0","365.0","1.0","365.0","True","16","39","39","39","1","1","1","5.0","5.0","5.0","5.0","5.0","5.0","False","1","0","1","0","1.0","8"
"Private Room In Brooklyn Next to Prospect Park!","Take it easy at this unique and tranquil getaway. Brand new, renovated and cozy apartment in Brooklyn close to Prospect Park! This is a stylish & calm space. Short walk from the subway station. It's the perfect destination for vacationers who wants to enjoy themselves and have friendly service, spacious and comfortable accommodations. For those who wants a great NYC experience!<br /><br /><b>The space</b><br />It's a pleasure to share our space with so many diference cultures! You guys are very welcome here :)<br /><br /><b>Guest access</b><br />Private room, Kitchen & Shared bathroom.<br /><br /><b>Other things to note</b><br />*The bedroom is located in the basement*","","Carol","New York, New York, United States","","1.0","0.99","True","0.0","0.0","True","True","Brooklyn","Private room","2","1.0","1.0","1.0","[""Carbon monoxide alarm"", ""TV"", ""Security cameras on property"", ""Lock on bedroom door"", ""Hair dryer"", ""Wifi"", ""Heating"", ""Smoke alarm"", ""Air conditioning"", ""Essentials""]","65.0","1","10","1.0","1.0","10.0","10.0","1.0","10.0","True","18","48","78","168","1","1","1","5.0","5.0","5.0","5.0","4.0","5.0","True","11","0","11","0","1.0","2"
"*NEW* Master Private Room in the Heart of Astoria","Take it easy at this unique getaway. Brand new, renovated and spacious apartment.<br />We are just 1 block from the subway station. It's the perfect destination for vacationers who wants to enjoy themselves, short trip to Manhattan, Central Park & Times Square. We have friendly service, spacious and comfortable accommodations!<br /><br /><b>The space</b><br />We are located:<br /><br />✔️5 minutes from subway station on foot<br />✔️10 minutes from LaGuardia Airport<br />✔️20 minutes to Times Square using public transportation & 35 minutes to Central Park.<br /><br />What we have nearby:<br /><br />✔️TJ maxx<br />✔️Staples<br />✔️Italian food<br />✔️Classic NY pizza - Macolleta<br />✔️Bohemian Hall & Green Garden<br />     & a lot more!<br /><br /><b>Other things to note</b><br />Kitchen is not available","","David","Tampa, Florida, United States","","0.93","0.99","True","11.0","11.0","True","True","Queens","Private room","2","1.0","1.0","1.0","[""Carbon monoxide alarm"", ""TV"", ""Fire extinguisher"", ""Security cameras on property"", ""Lock on bedroom door"", ""Hair dryer"", ""Wifi"", ""Heating"", ""Smoke alarm"", ""Air conditioning"", ""Essentials"", ""Hot water""]","59.0","1","10","1.0","1.0","10.0","10.0","1.0","10.0","True","20","50","80","170","1","1","1","5.0","5.0","5.0","5.0","5.0","4.0","True","10","0","10","0","1.0","1"
"Cozy Alcove Studio at the Heart of Astoria, Queens","Cozy Spacious Alcove Studio at the Heart of Astoria, Queens<br /><br />• 25 mins subway to Manhattan<br />• Fully furnished with big windows & lots of natural light<br />• 8 mins walk to Broadway/30th Avenue Subway Stations<br />• In-building Laundry & Elevator<br />• 3 mins walk to Grocery Stores & Restaurants<br />• Diverse & Safe Neighborhood","","Jason","New York, New York, United States","New Yorker who travels extensively. Spiritual practitioner.","1.0","1.0","True","0.0","0.0","True","True","Queens","Entire home/apt","2","1.0","","","[""Kitchen"", ""TV"", ""Dedicated workspace"", ""Wifi"", ""Smoke alarm"", ""Air conditioning"", ""First aid kit""]","102.0","5","24","5.0","5.0","1125.0","1125.0","5.0","1125.0","True","5","10","14","14","1","1","1","5.0","5.0","5.0","5.0","5.0","5.0","True","1","1","0","0","1.0","5"
"Quiet & Private Room to Stay in Brooklyn!","Take it easy at this unique and tranquil getaway. Brand new, renovated and cozy apartment in Brooklyn close to Prospect Park! This is a stylish & calm space. Short walk from the subway station. It's the perfect destination for vacationers who wants to enjoy themselves and have friendly service, spacious and comfortable accommodations. For those who wants a great NYC experience!<br /><br /><b>The space</b><br />It's a pleasure to share our space with so many diference cultures! You guys are very welcome here :)<br /><br /><b>Guest access</b><br />Private room, Kitchen & Shared bathroom.<br /><br /><b>Other things to note</b><br />*The bedroom is located in the basement*","","Carol","New York, New York, United States","","1.0","0.99","True","0.0","0.0","True","True","Brooklyn","Private room","2","1.0","1.0","1.0","[""Carbon monoxide alarm"", ""TV"", ""Security cameras on property"", ""Lock on bedroom door"", ""Hair dryer"", ""Wifi"", ""Heating"", ""Smoke alarm"", ""Air conditioning"", ""Essentials""]","65.0","1","10","1.0","1.0","10.0","10.0","1.0","10.0","True","21","51","81","171","3","3","3","5.0","5.0","5.0","5.0","4.67","5.0","True","11","0","11","0","3.0","2"
"Awesome Private Room with WIFI & Self Check-in","Take it easy at this unique and tranquil getaway. Brand new, renovated and cozy apartment in Brooklyn close to Prospect Park! This is a stylish & calm space. Short walk from the subway station. It's the perfect destination for vacationers who wants to enjoy themselves and have friendly service, spacious and comfortable accommodations. For those who wants a great NYC experience!<br /><br /><b>The space</b><br />It's a pleasure to share our space with so many diference cultures! You guys are very welcome here :)<br /><br /><b>Guest access</b><br />Private room, Kitchen & Shared bathroom.","","Carol","New York, New York, United States","","1.0","0.99","True","0.0","0.0","True","True","Brooklyn","Private room","2","1.0","1.0","","[""Carbon monoxide alarm"", ""TV"", ""Security cameras on property"", ""Lock on bedroom door"", ""Hair dryer"", ""Wifi"", ""Heating"", ""Smoke alarm"", ""Air conditioning"", ""Essentials""]","65.0","1","10","1.0","1.0","10.0","10.0","1.0","10.0","True","18","48","78","168","2","2","2","5.0","5.0","5.0","5.0","5.0","5.0","True","11","0","11","0","2.0","2"
"Lovely 1-Bedroom unit in the Bronx.","Great family style building. This beautiful and spacious apartment is located in a safe neighborhood on the 4th floor of a clean building. Near the D, B, and 4 train, at the opposite end of the block. There is a beautiful park located directly in front of the building and two blocks a way from 2 more parks. Also, within walking distance of two grocery stores, 3 banks, several food options, liquor store, convenience stores, deli, bars, parking garage and the famous Yankee Stadium!","I am a 4min walk to Yankee Stadium!","Bria","New York, New York, United States","","1.0","1.0","True","0.0","0.0","True","True","Bronx","Entire home/apt","2","1.0","1.0","1.0","[""Window guards"", ""Extra pillows and blankets"", ""Baking sheet"", ""TV"", ""Hot water kettle"", ""Radiant heating"", ""Wine glasses"", ""TRESemm\u00e9 shampoo"", ""Hangers"", ""Ethernet connection"", ""Long term stays allowed"", ""Portable fans"", ""Carbon monoxide alarm"", ""Cleaning products"", ""Wifi"", ""Dishes and silverware"", ""Air conditioning"", ""Free street parking"", ""Essentials"", ""Hot water"", ""Bathtub"", ""Kitchen"", ""Cooking basics"", ""Dedicated workspace"", ""Hair dryer"", ""Bluetooth sound system"", ""Gas stove"", ""Smoke alarm"", ""Tresemme conditioner"", ""Dishwasher"", ""Iron"", ""Freezer"", ""Native body soap"", ""Oven"", ""Elevator"", ""Refrigerator"", ""Bed linens"", ""Shower gel"", ""Portable heater"", ""Clothing storage: closet and dresser""]","112.0","1","1125","1.0","1.0","1125.0","1125.0","1.0","1125.0","True","16","46","72","102","1","1","1","5.0","5.0","5.0","5.0","5.0","5.0","False","1","1","0","0","1.0","1"
"Cozy Brooklyn Place","Sharing our extra space. Private for guests.<br /><br />1 Block away from the J/Z train, 30 minutes away from Manhattan, 15 Minutes away from JFK.<br /><br />Fast food such as McDonalds, White Castle, Wendy's in a 2 block radius. Deli and gas station a few steps away. <br /><br />This is a residential property and we are looking for quiet folks, who want to enjoy a few days in the city.<br /><br />NO Smoking<br />NO Partying/Loud Noises<br />Extra Guest Are Allowed, Upon Asking<br /><br /><b>The space</b><br />We have extra space in our apartment/home we are sharing...<br /><br /><b>Guest access</b><br />Guest have access to bedroom, living room, kitchen, bathroom.","Food is everywhere, traveling is easy.","Megan","US","","1.0","0.62","True","0.0","0.0","True","True","Brooklyn","Entire home/apt","2","1.0","1.0","","[""TV"", ""Security cameras on property"", ""Keurig coffee machine"", ""Radiant heating"", ""Microwave"", ""Carbon monoxide alarm"", ""Wifi"", ""Laundromat nearby"", ""Dishes and silverware"", ""Host greets you"", ""Free street parking"", ""Dove body soap"", ""Essentials"", ""Hot water"", ""Kitchen"", ""Fire extinguisher"", ""Dedicated workspace"", ""Gas stove"", ""Smoke alarm"", ""Refrigerator"", ""Clothing storage: closet"", ""Coffee maker""]","88.0","1","15","1.0","1.0","1125.0","1125.0","1.0","1125.0","True","17","47","77","352","1","1","1","5.0","5.0","5.0","5.0","5.0","5.0","False","1","1","0","0","1.0","1"
"Cozy One bedroom in Canarsie with private backyard","This special place is close to everything, making it easy to plan your visit. It is less from 30 minutes from JFK and LaGuardia airports. Easy access to the subway and buses and close to shopping malls.There is a private backyard for dining and private BBQ.","","Dionne","New York, New York, United States","I enjoy music, reading and travelling","1.0","1.0","True","0.0","0.0","True","True","Brooklyn","Entire home/apt","2","1.0","1.0","","[""Extra pillows and blankets"", ""BBQ grill"", ""TV"", ""Hot water kettle"", ""Barbecue utensils"", ""Microwave"", ""Central heating"", ""Hangers"", ""Lockbox"", ""Long term stays allowed"", ""Carbon monoxide alarm"", ""Cleaning products"", ""Wifi"", ""Laundromat nearby"", ""Dishes and silverware"", ""Private entrance"", ""Air conditioning"", ""Stainless steel oven"", ""Essentials"", ""Hot water"", ""Bathtub"", ""Kitchen"", ""Fire extinguisher"", ""Cooking basics"", ""Room-darkening shades"", ""Gas stove"", ""Outdoor furniture"", ""Smoke alarm"", ""Dining table"", ""Private fenced garden or backyard"", ""Iron"", ""Refrigerator"", ""Bed linens"", ""Outdoor dining area"", ""Clothing storage: closet and dresser""]","125.0","1","1125","1.0","1.0","1125.0","1125.0","1.0","1125.0","True","9","39","69","344","2","2","2","5.0","4.0","5.0","3.5","3.5","3.5","True","1","1","0","0","2.0","2"
"Spacious WFH Room in Large E. Village Apt (Room C)","The wholeThe apartment is among the best available in the lively East Village. It’s a second-floor walk up with a fire escape/terrace off the room, a large kitchen, spacious living room, large back deck with bbq, wi-fi internet, pressed-tin ceilings, amazing roof access, etc. It has a lot of character; very homey but spacious feeling with high ceilings, lots of artwork, plants, wood floors, exposed brick, etc. group will be comfortable in this spacious and unique space.","The East Village is perhaps the neighborhood that has retained the most character and authenticity in all of Manhattan. It's very diverse, lively and accessible. Without question, it has the highest percentage of amazing independently-run and reasonably-priced restaurants, bars, clubs and cafes. It also has a ton of independent boutiques, vintage shops, record shops, book stores, and art galleries. It's one of the few places in America where you might be able to walk for a few blocks without running into a single multinational McDonald's, Subway, KFC, etc.<br /><br />The access to grocery stores, laundry, restaurants, bars, theaters, liquor store, cinema, Tompkins Square Park, etc, is pretty unbeatable. In general, the rooms, location, and size of the apartment make it a pretty desirable package. It is close to both the F train (2nd Avenue), the L Train (1st Avenue) and the 6 Train (Astor Place).","Casey","New York, New York, United States","I work as a freelance photographer and run an arts non-profit, Slideluck.  I am busy, but social, respectful, clean, often out at night, cook frequently and travel a lot.","1.0","0.71","True","3.0","3.0","True","True","Manhattan","Private room","1","1.0","1.0","1.0","[""Cooking basics"", ""Outdoor furniture"", ""Fire extinguisher"", ""Lock on bedroom door"", ""Smoke alarm"", ""Dishes and silverware"", ""Dedicated workspace"", ""Patio or balcony"", ""Hot water"", ""Coffee maker"", ""Refrigerator"", ""Indoor fireplace"", ""Outdoor dining area"", ""Lockbox"", ""Hangers"", ""First aid kit"", ""Hair dryer"", ""Kitchen"", ""Microwave"", ""Long term stays allowed"", ""Air conditioning"", ""Carbon monoxide alarm"", ""Free street parking"", ""Oven"", ""Stove"", ""Iron"", ""Heating"", ""Wifi"", ""Essentials""]","145.0","1","31","1.0","1.0","31.0","31.0","1.0","31.0","True","2","2","2","2","1","1","1","1.0","1.0","1.0","1.0","1.0","2.0","False","3","0","3","0","1.0","7"
"Spacious bedroom in 2-bed apt in Bay Ridge, Bklyn","Spacious bedroom with dedicated work space and Wi-Fi. Access to living room, kitchen and bathroom. lots of space for storage, if needed. Quiet and centrally located in the heart of historic Bay Ridge. Close to subway R, restaurants on 3rd avenue, shopping (86th street), Owls Head park, Bay Ridge pier with access to Manhattan and boardwalk for jogging and biking. Easily accommodates 1-2 adults.","","Denis","New York, New York, United States","A family man with a passion for communication, learning languages and teaching yoga. ","1.0","0.57","True","1.0","1.0","True","True","Brooklyn","Private room","2","1.0","1.0","1.0","[""Cleaning products"", ""Air conditioning"", ""Dedicated workspace"", ""Carbon monoxide alarm"", ""Bathtub"", ""Wifi"", ""Hot water"", ""Central heating"", ""TV"", ""Hair dryer"", ""Smoke alarm"", ""Kitchen"", ""Bed linens""]","52.0","2","5","2.0","2.0","5.0","5.0","2.0","5.0","True","15","37","67","67","2","2","2","5.0","5.0","5.0","5.0","5.0","5.0","False","1","0","1","0","2.0","7"
"Spacious & South Facing Apartment with Rooftop","Perfect place in the heart of Williamsburg for spending quality time both at home and around the apartment. The high-ceilings and the south orientation allow for plenty of sunlight. It's located 2 minutes to G and 5 minutes to L train. Plenty of restaurants, bars and cafes nearby. In addition to balcony and building rooftop, you can reach McKarren Park in only 15 minutes by walk to get some fresh air.<br /><br />The cleaning is done according to Airbnb procedures.<br /><br /><b>The space</b><br />There is an open kitchen in the living room. This area allows you to enjoy the views looking out and watch TV at the same time. The balcony is accessed from the living room, which is a great place to enjoy your meal or coffee.<br /><br />There is a table and a screen in the bedroom to work or to study.<br /><br /><b>Guest access</b><br />Manhattan is just 15 minutes by the L train.","","Pınar","New York, New York, United States","","1.0","1.0","True","1.0","1.0","True","True","Brooklyn","Entire home/apt","2","1.0","1.0","1.0","[""Kitchen"", ""Long term stays allowed"", ""Carbon monoxide alarm"", ""TV"", ""Outdoor dining area"", ""Washer"", ""Dedicated workspace"", ""Wifi"", ""Smoke alarm"", ""Air conditioning""]","320.0","7","365","7.0","7.0","365.0","365.0","7.0","365.0","True","8","8","8","8","1","1","1","4.0","3.0","4.0","5.0","4.0","3.0","False","1","1","0","0","1.0","8"
"Spacious two bedroom apartment in Two Bridges","This stylish apartment is perfect to stay for a weekend get away in New York or if you’re working from home. We have a large kitchen, home office and spacious lounge area. Walking distance from LES, Nolita, SoHo and many Manhattan highlights!<br /><br /><b>The space</b><br />Our apartment is very spacious, particularly for New York, with a lot of natural light. Both the bedroom and the office are large spaces if you need your own space. Living room is a great place to relax after a long day!<br /><br /><b>Guest access</b><br />There is a good amount of free street parking on Henry Street over Pike Street. Or there is a very cheap car park on Madison Street at PK Parking. Citi bike dock at the bottom of Market Street, just around the corner. The D train station is also just a 5 minute walk East on Madison street, which can take you uptown or over to Brooklyn. You can also get anywhere in the city quite easily by Uber, as we are connected to FDR drive and the West Side Highway","The Two Bridges neighbourhood is a really interesting and cool bourgeoning area. There are a lot of cafes opening on Henry Street. Golden Diner and Mr Fongs across the road are both two of the best spots to eat and drink in the area. Very close to LES, including a short walk to Orchard, Division and Canal streets and Dimes Square - some of the best spots in LES","Agatha","New York, New York, United States","","1.0","0.75","True","0.0","0.0","True","True","Manhattan","Entire home/apt","2","1.0","1.0","1.0","[""Cooking basics"", ""Portable fans"", ""Hot water kettle"", ""Smoke alarm"", ""Shower gel"", ""Dishwasher"", ""Dishes and silverware"", ""Cleaning products"", ""HDTV with Amazon Prime Video, HBO Max, Netflix, premium cable"", ""Dedicated workspace"", ""Body soap"", ""Hot water"", ""Stainless steel oven"", ""Ceiling fan"", ""Coffee maker"", ""Gas stove"", ""Refrigerator"", ""Toaster"", ""Free washer \u2013 In unit"", ""Freezer"", ""Keypad"", ""Hangers"", ""Kitchen"", ""Bed linens"", ""Free dryer \u2013 In unit"", ""Game console: PS4"", ""Microwave"", ""Dining table"", ""Radiant heating"", ""Long term stays allowed"", ""Clothing storage: wardrobe and closet"", ""Barbecue utensils"", ""Carbon monoxide alarm"", ""Bathtub"", ""Bluetooth sound system"", ""Private entrance"", ""Shampoo"", ""Wine glasses"", ""Baking sheet"", ""Iron"", ""Wifi"", ""Essentials""]","200.0","3","30","3.0","3.0","30.0","30.0","3.0","30.0","True","4","8","8","26","1","1","1","5.0","5.0","5.0","5.0","5.0","5.0","False","1","1","0","0","1.0","7"
"Lovely 1-bedroom apartment in UES New York","Enjoy a cozy and beautiful space during the holidays! Few blocks away from Central Park, museums and a variety of restaurants.<br /><br />Walking distance to the line 6 and Q train.","","Veronika","New York, New York, United States","","0.91","0.57","True","1.0","1.0","True","True","Manhattan","Entire home/apt","2","1.0","1.0","1.0","[""Extra pillows and blankets"", ""Hot water kettle"", ""Wine glasses"", ""Central heating"", ""Hangers"", ""Lockbox"", ""Long term stays allowed"", ""Dedicated workspace: table"", ""Washer"", ""Cleaning products"", ""Wifi"", ""Shampoo"", ""Dishes and silverware"", ""Air conditioning"", ""Dove body soap"", ""Essentials"", ""Hot water"", ""Bathtub"", ""Conditioner"", ""Kitchen"", ""Dryer \u2013 In building"", ""Cooking basics"", ""Hair dryer"", ""Room-darkening shades"", ""Stove"", ""Smoke alarm"", ""Dining table"", ""Iron"", ""Freezer"", ""Oven"", ""Refrigerator"", ""Bed linens"", ""Shower gel"", ""Clothing storage: closet"", ""Coffee maker""]","250.0","2","365","2.0","7.0","365.0","365.0","2.3","365.0","True","7","16","46","321","1","1","1","5.0","5.0","5.0","5.0","5.0","5.0","False","1","1","0","0","1.0","2"
"Private bedroom in Queens","This booking includes a private bedroom in a 3 BR APT, private bathroom, closet, and access to the whole floor with patio, kitchen, and all amenities included. All you need to bring is your own indoor slipper. Unless you have personal preferences on shower essentials. Kitchen and living room can be used but there might be other tenants booking the same time as you, so please be mindful. <br /><br />PS. There’s a dog on-site. So if you’re allergic, sorry! There’s other Airbnb rooms in the same unit too.<br /><br /><b>The space</b><br />Please Note: there’s a small dog in the unit<br /><br /><b>Guest access</b><br />There’s free parking on the streets.","","Raymond","New York, New York, United States","","","","True","0.0","0.0","True","True","Queens","Private room","2","1.0","1.0","1.0","[""Air conditioning"", ""Dedicated workspace"", ""Security cameras on property"", ""Lock on bedroom door"", ""Wifi"", ""Smoke alarm"", ""Long term stays allowed""]","65.0","2","365","2.0","2.0","1125.0","1125.0","2.0","1125.0","True","13","43","67","336","1","1","1","5.0","5.0","5.0","5.0","5.0","5.0","False","2","0","2","0","1.0","9"
"Lovely Bedroom in Midtown Mahattan","This beautiful brick wall apartment has great spaces to host up to 2 people. It is perfect for couple or friends traveling to New York City.<br />It is located in the heart of Manhattan. Hell's Kitchen is a neighborhood on the West Side of Midtown Manhattan in New York City.  There are nearly 100 restaurants offering almost every type of cuisine, dozens of bars and pubs, and lots of boutiques. Walking distance to Time Square and Fifth Avenue and to many subway stations.<br /><br /><b>The space</b><br />My place is located in the heart of midtown Manhattan. It’s a very quiet place. My place is surrounded by many restaurants. Walk distance to Time Square and Port Authority. The transportation is very easy in this neighborhood.<br /><br /><b>Guest access</b><br />You are allow to use the common areas like kitchen, dinning room, living room, laundry machine and patio. The only private is my bedroom. The restroom is shared with me. The restroom is always clean and neat as well the kitchen a","","Luis","New York, New York, United States","Computer Science Major. Love traveling. ","1.0","0.86","True","0.0","0.0","True","True","Manhattan","Private room","2","1.0","1.0","","[""Wine glasses"", ""Microwave"", ""Central heating"", ""First aid kit"", ""Single level home"", ""Hangers"", ""Free washer \u2013 In unit"", ""Lockbox"", ""Ceiling fan"", ""Long term stays allowed"", ""Carbon monoxide alarm"", ""Cleaning products"", ""Wifi"", ""Paid parking garage on premises"", ""Shampoo"", ""Dishes and silverware"", ""Air conditioning"", ""Stainless steel oven"", ""Essentials"", ""Hot water"", ""Bathtub"", ""Private garden or backyard"", ""Conditioner"", ""Kitchen"", ""Cooking basics"", ""Hair dryer"", ""Room-darkening shades"", ""Paid street parking off premises"", ""Gas stove"", ""Smoke alarm"", ""Dishwasher"", ""Iron"", ""Freezer"", ""Refrigerator"", ""Bed linens"", ""Shower gel"", ""Clothing storage: closet"", ""Free dryer \u2013 In unit"", ""Coffee maker""]","179.0","3","365","3.0","6.0","100.0","1125.0","3.2","1120.4","True","17","47","77","77","1","1","1","4.0","5.0","5.0","4.0","5.0","5.0","False","1","0","1","0","1.0","4"
"UNTITLED at Freeman-Cozy Studio 220","Welcome to UNTITLED (Adj.) at 3 Freeman Alley!<br /><br />Charming Studio located in the heart of Lower East Side of Manhattan.<br /><br />Building entrance located off iconic Freeman Alley displaying ever changing street art from artists from all around the world.<br /><br />This location is the best place to relax and unwind after exploring and venturing out in the city.<br /><br />@freemanalley3untitled<br /><br /><b>The space</b><br />Cozy studio that has been newly renovated and smartly furnished including a king size bed.<br /><br />Studio is equipped with all necessary amenities needed, shampoo/soap, conditioner, towels, linens, basic tableware, coffee, AC, heat, Bluetooth speaker, Smart TV for Android devices.<br /><br />* Additional housekeeping service and for replenishing is available for scheduling and for a fee.<br /><br />* We are doing light renovations throughout the building (Expect minor to no noise resulting from these renovations), please excuse our appearance.<br /","","Karen","New York, New York, United States","I’m a New York native that loves to eat & enjoy traveling the world. I would love to host you for your visit. :)","1.0","0.99","True","31.0","31.0","True","True","Manhattan","Entire home/apt","2","1.0","1.0","1.0","[""Hangers"", ""Long term stays allowed"", ""Iron"", ""TV"", ""Carbon monoxide alarm"", ""Fire extinguisher"", ""Elevator"", ""Hair dryer"", ""Wifi"", ""Heating"", ""Shampoo"", ""Smoke alarm"", ""First aid kit"", ""Air conditioning"", ""Essentials""]","210.0","2","28","1.0","2.0","1125.0","1125.0","2.0","1125.0","True","14","44","74","164","2","2","2","5.0","5.0","5.0","5.0","5.0","5.0","False","201","198","3","0","2.0","8"
"2 Bedroom Apartment 15min from Downtown Brooklyn","Wonderful 2 bed 1 bath apartment in a upbeat neighborhood of Flatbush, 15 minutes away from Downtown Brooklyn. Enjoy the cultural and festive neighborhood or travel any where in the city via train located a 2 minute walk away. The apartment comes furnished with 2 queen size mattresses, with a sofa made for your relaxing needs.","","Kalife","US","","1.0","1.0","True","0.0","0.0","True","True","Brooklyn","Entire home/apt","4","1.0","2.0","2.0","[""TV"", ""Microwave"", ""Central heating"", ""First aid kit"", ""Lockbox"", ""Ceiling fan"", ""Long term stays allowed"", ""Carbon monoxide alarm"", ""Wifi"", ""Body soap"", ""Shampoo"", ""Dishes and silverware"", ""Air conditioning"", ""Free street parking"", ""Essentials"", ""Hot water"", ""Bathtub"", ""Conditioner"", ""Fire extinguisher"", ""Clothing storage: closet and walk-in closet"", ""Smoke alarm"", ""Iron"", ""Freezer"", ""Refrigerator"", ""Bed linens"", ""Shower gel""]","179.0","1","365","1.0","1.0","1125.0","1125.0","1.0","1125.0","True","16","46","76","351","3","3","3","5.0","5.0","5.0","5.0","5.0","5.0","True","1","1","0","0","3.0","2"
"Nice & Clean Room Bronx Zoo and Botanical Gardens","Beautiful bedroom in a Three bedroom Apartment.<br />Located in one of the safest Bronx neighborhoods.<br />Walk to Botanical Gardens, Bronx Zoo and Bronx Park….. Minutes from the Fordham University Bronx Campus<br />3rd floor apartment<br /><br /><b>The space</b><br />The space<br />Walk to Botanical Gardens, Bronx Zoo and Bronx Park….. Minutes from the Fordham University Bronx Campus , Famous Arthur Avenue little Italy and Pelham Parkway.<br />Two blocks from the Subway (Train 2 and 5) and Express Bus to Manhattan.<br />Brand new Three Bedroom apartment with Top Kitchen Appliances and wood cabinets, granite counter top.<br />WiFi Available , TV (not cable)<br /><br />Very convenient if you are coming to interview at the following Hospitals:<br />Bronx-Lebanon Hospital Center - Concourse Division,<br />Calvary Hospital Inc, Lincoln Medical & Mental Health Center,<br />Montefiore Med Center - Jack D Weiler Hosp of A Einstein College Div, Henry & Lucy Moses, Montefiore Medical Center - ","","Enrique","New York, New York, United States","I am very friendly person.  I love to to travel, cook, and explore new places! Always up for an adventure, and love staying in nice apartments wherever I go! I  try to use Airbnb to professionally manage my apartment . You heard it here first: hotels are a thing of the past. Join the  sharing movement--safe travels!


","1.0","1.0","True","3.0","3.0","True","True","Bronx","Private room","2","1.0","1.0","1.0","[""Keypad"", ""Kitchen"", ""Iron"", ""TV"", ""Carbon monoxide alarm"", ""Security cameras on property"", ""Fire extinguisher"", ""Hair dryer"", ""Lock on bedroom door"", ""Dedicated workspace"", ""Cooking basics"", ""Wifi"", ""Free street parking"", ""Heating"", ""Shampoo"", ""Smoke alarm"", ""First aid kit"", ""Air conditioning"", ""Essentials"", ""Hot water""]","40.0","1","26","1.0","1.0","26.0","26.0","1.0","26.0","True","9","39","69","249","1","1","1","3.0","4.0","2.0","5.0","4.0","4.0","True","1","0","1","0","1.0","7"
"Cozy Basement Studio minutes from LGA","This is a cozy newly renovated furnished studio apartment in Astoria Heights. You are 10mins away from LGA and 20mins from JFK.  A perfect location if you're visiting NYC with easy access to the train. All kinds of foods are also available to explore in this family oriented safe neighborhood!<br />THE SPACE<br />Enjoy private access to a fully private suite.<br />Come relax and Enjoy your stay. Whether you're in town for pleasure or work, this humble abode accommodates all. There is free parking on the street.","","Ivly","New York, New York, United States","","1.0","0.86","True","0.0","0.0","True","True","Queens","Entire home/apt","4","1.0","1.0","2.0","[""Cooking basics"", ""Security cameras on property"", ""Portable fans"", ""Fire extinguisher"", ""Shared gym"", ""Hot water kettle"", ""Smoke alarm"", ""Smart lock"", ""Dishes and silverware"", ""Cleaning products"", ""Extra pillows and blankets"", ""Luggage dropoff allowed"", ""Babysitter recommendations"", ""Coffee maker"", ""Laundromat nearby"", ""Clothing storage: closet"", ""Refrigerator"", ""Freezer"", ""Hangers"", ""First aid kit"", ""Kitchen"", ""Microwave"", ""Bed linens"", ""Long term stays allowed"", ""Air conditioning"", ""50\"" HDTV"", ""Carbon monoxide alarm"", ""Free street parking"", ""Private entrance"", ""Wine glasses"", ""Central heating"", ""Wifi"", ""Essentials""]","100.0","2","31","2.0","2.0","1125.0","1125.0","2.0","1125.0","True","11","38","66","341","3","3","3","4.67","5.0","5.0","5.0","5.0","4.67","False","1","1","0","0","3.0","2"
"Lovely 3-bed rental with FREE PARKING on premises","Relax with the whole family at this peaceful place to stay.<br /><br /><b>Guest access</b><br />Parents are responsible for all children while on premises at all times.  Children must not go on balcony area or in the room that has the balcony without being attended to by an adult over the age of 21.<br /><br /><b>Other things to note</b><br />If you would like to obtain services for a massage we have referrals available for massage services.  The space is 420 friendly but prohibited cigarettes and hooka smoke.","","Andrea","Brooklyn, New York, United States","","1.0","1.0","True","3.0","3.0","True","True","Brooklyn","Entire home/apt","6","1.0","3.0","","[""Window guards"", ""Extra pillows and blankets"", ""Children\u2019s dinnerware"", ""Baking sheet"", ""BBQ grill"", ""TV"", ""Security cameras on property"", ""Hot water kettle"", ""Private patio or balcony"", ""Shared gym in building"", ""Wine glasses"", ""Toaster"", ""Microwave"", ""Dedicated workspace: "", ""Central heating"", ""First aid kit"", ""Hangers"", ""Long term stays allowed"", ""Carbon monoxide alarm"", ""Cleaning products"", ""Wifi"", ""Paid washer \u2013 In building"", ""Board games"", ""Central air conditioning"", ""Laundromat nearby"", ""Free residential garage on premises \u2013 1 space"", ""Body soap"", ""Shampoo"", ""Dishes and silverware"", ""Game console"", ""Free street parking"", ""Essentials"", ""Hot water"", ""Bathtub"", ""Conditioner"", ""Kitchen"", ""Fire extinguisher"", ""Cooking basics"", ""Hair dryer"", ""Room-darkening shades"", ""Stove"", ""Outdoor furniture"", ""Sound system"", ""Smoke alarm"", ""Dishwasher"", ""Dining table"", ""Iron"", ""Freezer"", ""Oven"", ""Pool table"", ""Elevator"", ""Refrigerator"", ""Bed linens"", ""Paid dryer \u2013 In building"", ""Shower gel"", ""Outdoor dining area"", ""Clothing storage: closet and dresser""]","234.0","1","28","1.0","1.0","1125.0","1125.0","1.0","1125.0","True","23","53","79","79","1","1","1","5.0","5.0","5.0","5.0","5.0","5.0","False","1","1","0","0","1.0","6"
"Beautiful, Spacious room in Brooklyn","Enjoy a stylish experience at this centrally-located place. the apartment is near a park, many restaurants and bars. <br />The private room is very spacious, it has a closet and a dresser, it comes with coffee maker. <br />Our small home is always quiet and clean, someone will always be home, but we don't have to interact If that's not wanted. <br />Kitchen and bathroom are shared. Bed room & Bathroom has LED light. <br />4/20 friendly.<br /><br /><b>The space</b><br />The room has two huge windows and a fire scape, the room has a queen bed, a dresser, a closet, pillows, towels, and PPE. <br /><br />the kitchen has an oven, a microwave, an air frier, a taster and a waffle maker. <br /><br />the bathroom has a nice bath.<br /><br /><b>Guest access</b><br />Guest  have access to the bathroom and kitchen, we have a small dinning table, guest are welcome to sit and hang there.<br /><br />Guest are not allowed in any of the other rooms or in the working area in the living room.<br /><br /><","The neighborhood is a friendly one, there are many restaurants, clubs, bars, arcades, thrift shops around. <br />There is beautiful graffiti everywhere to be admire and the community is very sweet and welcoming.","Angie","US","","1.0","1.0","True","0.0","0.0","True","True","Brooklyn","Private room","2","1.0","1.0","1.0","[""Extra pillows and blankets"", ""Lock on bedroom door"", ""Free parking on premises"", ""34\"" HDTV with Netflix"", ""Hot water kettle"", ""Toaster"", ""Microwave"", ""Hangers"", ""Ethernet connection"", ""Lockbox"", ""Long term stays allowed"", ""Carbon monoxide alarm"", ""Cleaning products"", ""Wifi"", ""Laundromat nearby"", ""Body soap"", ""Shampoo"", ""Dishes and silverware"", ""Host greets you"", ""Air conditioning"", ""Free street parking"", ""Essentials"", ""Hot water"", ""Bathtub"", ""Conditioner"", ""Kitchen"", ""Cooking basics"", ""Dedicated workspace"", ""Stove"", ""Paid street parking off premises"", ""Smoke alarm"", ""Dining table"", ""Freezer"", ""Oven"", ""Refrigerator"", ""Bed linens"", ""Coffee maker""]","74.0","1","1125","1.0","1.0","1125.0","1125.0","1.0","1125.0","True","20","50","80","355","1","1","1","5.0","5.0","5.0","5.0","5.0","5.0","True","1","0","1","0","1.0","2"
"Luxury space in the heart of Manhattan","Experience New York like never before.<br /><br />This unique apartment features location location location with a modern style deco on a luxury building. <br /><br />The combination of comfort and easy access to everything this amazing city has to offer has no match. <br /><br />Host will be more than thrilled to make your visit one of a kind.<br /><br />(Guest sleeps in the living area)<br />(One cat lives in the apartment too) 🐈","","Hugo","New York, New York, United States","I'm a pretty easy going guy
I love to travel, music and meeting new people.

Bartender in New York City 
Pursuing my an artistic career. ","1.0","1.0","True","1.0","1.0","True","True","Manhattan","Shared room","1","2.0","1.0","","[""TV"", ""Security cameras on property"", ""Shared gym in building"", ""Wine glasses"", ""Microwave"", ""Central heating"", ""Ethernet connection"", ""Long term stays allowed"", ""Carbon monoxide alarm"", ""Washer"", ""Cleaning products"", ""Wifi"", ""Paid parking lot off premises"", ""Body soap"", ""Shampoo"", ""Dishes and silverware"", ""Game console: PS4"", ""Air conditioning"", ""Essentials"", ""Bathtub"", ""Kitchen"", ""Cooking basics"", ""Dedicated workspace"", ""Hair dryer"", ""Stove"", ""Smoke alarm"", ""Dishwasher"", ""Dining table"", ""Iron"", ""Oven"", ""Elevator"", ""Bed linens"", ""Paid dryer \u2013 In building"", ""Shower gel"", ""Outdoor dining area""]","85.0","1","365","1.0","1.0","365.0","365.0","1.0","365.0","True","0","24","54","243","1","1","1","5.0","5.0","5.0","5.0","5.0","5.0","False","1","0","0","1","1.0","9"
"The Centurion Loft-8 million dollar loft in soho","DO NOT LOOK ANY FURTHER. Nestled on a picturesque residential block in SoHo this exquisitely designed unit features 5000 sq ft 4BR+/3BA with 12’ ceilings, huge entertaining space, a private landscaped back terrace, top of the line finishes, and ample extras.<br /><br />(If gatherings/one night stays must inquire beforehand-staff member on premises at ALL TIMES for gatherings-very intimate and private gatherings only, do not book without inquiring) PRICE INCREASES<br /><br /><b>The space</b><br />Recently renovated with an eye for detail, this vast apartment has been designed to showcase original loft details such as exposed wood beams, a roaring wood burning fireplace and cast iron columns as well as modern features which include a screening room with professional AV wiring, extensive built-in storage and a massive laundry/mud room. The chef’s kitchen is expertly designed with Viking appliances, a vast 17’ white marble island with built-in seating area, and cleverly disguised wine frid","Designer boutiques, fancy chain stores and high-end art galleries make trendy SoHo a top shopping destination, especially for out-of-towners. Known for its elegant cast-iron-facades and cobblestone streets, the neighborhood is also an atmospheric backdrop for fashionable crowds clustering at high-end restaurants and nightlife hotspots. During the day, street vendors sell everything from jewelry to original artwork.","Kay","Brooklyn, New York, United States","I’m a traveler and entrepreneur!
With a love for sports and crypto currency. 

I love hosting and meeting different people and connecting with my guest.

Shoot me a message with what you’re thinking about at one of my properties and we can make something work!

We own a concierge company for nightlife and restaurants and exotic cars. We are your one stop shop for everything nyc! Lived here for 25 years ","0.96","0.83","True","17.0","17.0","True","True","Manhattan","Entire home/apt","16","3.0","4.0","10.0","[""Hangers"", ""Kitchen"", ""Long term stays allowed"", ""Iron"", ""TV"", ""Cooking basics"", ""Washer"", ""Dedicated workspace"", ""Hair dryer"", ""Wifi"", ""Host greets you"", ""Private entrance"", ""Heating"", ""Shampoo"", ""Dryer"", ""Air conditioning"", ""Essentials""]","1000.0","1","1125","1.0","1.0","1125.0","1125.0","1.0","1125.0","True","9","25","55","321","6","6","6","5.0","5.0","5.0","5.0","5.0","5.0","False","10","10","0","0","6.0","7"
"Beauty NYC Apt★LaGuardia Airport 10 min |♛King Bed","You owe it to yourself to a stay at Opulence Oasis, Your home away from home. An elegant, doorman equipped, King sized 1 bedroom located in the heart of Upper Manhattan. Its prime location leaves you moments away from some of Harlem's most historic eateries (Amy Ruth's, Red Rooster, Sylvia's) steps away from the 4, 5, 6 trains that will get you to Times Squares in 20 mins, mins away from the Metro North, M60 to LaGuardia airport, M101<br /><br /><b>The space</b><br />Relax in tranquility at another of Opulence Oasis's stays, located in the heart of upper Manhattan. Whether you’re in town taking in NYC’s greatest attractions or just looking for an cozy escape, Opulence Oasis is the choice. An elegant hybrid of modern and classic décor  throughout the entire place compliments each other to bring you an experience to remember. Every aspect of this apartment is dedicated to exemplify that home away from home feeling, making this your ideal long term stay option.<br /><br />LIVING ROOM:<br ","","Opulence Oasis","US","","","","True","0.0","0.0","True","True","Manhattan","Entire home/apt","4","1.0","1.0","3.0","[""Extra pillows and blankets"", ""Luggage dropoff allowed"", ""TV"", ""Security cameras on property"", ""Hot water kettle"", ""Radiant heating"", ""Wine glasses"", ""Microwave"", ""Bidet"", ""First aid kit"", ""Hangers"", ""Lockbox"", ""Long term stays allowed"", ""Portable fans"", ""Carbon monoxide alarm"", ""Cleaning products"", ""Wifi"", ""Board games"", ""Eco friendly  conditioner"", ""Laundromat nearby"", ""Paid parking on premises"", ""Eco friendly  body soap"", ""Dishes and silverware"", ""Air conditioning"", ""Essentials"", ""Hot water"", ""Bathtub"", ""Stainless steel gas stove"", ""Kitchen"", ""Fire extinguisher"", ""Eco friendly  shampoo"", ""Cooking basics"", ""Dedicated workspace"", ""Room-darkening shades"", ""Paid street parking off premises"", ""Smoke alarm"", ""Dining table"", ""Iron"", ""Freezer"", ""Oven"", ""Elevator"", ""Refrigerator"", ""Bed linens"", ""Trash compactor"", ""Clothing storage: closet"", ""Coffee maker""]","330.0","1","1125","1.0","1.0","1125.0","1125.0","1.0","1125.0","True","17","47","77","352","2","2","2","5.0","5.0","5.0","5.0","5.0","5.0","False","2","2","0","0","2.0","2"
"Lovely Room at the heart of the Manhattan","","","Sinem","New York, New York, United States","","0.94","1.0","True","10.0","10.0","True","True","Manhattan","Private room","2","1.0","1.0","1.0","[""Long term stays allowed"", ""Fire extinguisher"", ""TV"", ""Washer"", ""Lock on bedroom door"", ""Hair dryer"", ""Dedicated workspace"", ""Elevator"", ""Wifi"", ""Gym"", ""Heating"", ""Private entrance"", ""Dryer"", ""Smoke alarm"", ""Air conditioning"", ""Essentials"", ""Hot water""]","146.0","1","1125","1.0","1.0","1125.0","1125.0","1.0","1125.0","True","5","5","5","5","1","1","1","4.0","5.0","5.0","5.0","5.0","5.0","True","13","0","13","0","1.0","1"
"Private bedroom at ""La Casa Blanca"" R#6","The whole group will enjoy easy access to everything from this centrally located place.","","Rudis","The Bronx, New York, United States","","","","True","0.0","0.0","True","True","Bronx","Private room","2","1.0","1.0","1.0","[""Cooking basics"", ""Security cameras on property"", ""Outdoor furniture"", ""Ethernet connection"", ""Fire extinguisher"", ""Lock on bedroom door"", ""Dryer"", ""Smoke alarm"", ""Shower gel"", ""Smart lock"", ""Dishes and silverware"", ""Cleaning products"", ""Extra pillows and blankets"", ""Dedicated workspace"", ""Conditioner"", ""Body soap"", ""Hot water"", ""Sound system"", ""Coffee maker"", ""Laundromat nearby"", ""TV"", ""Keurig coffee machine"", ""Refrigerator"", ""Toaster"", ""Freezer"", ""Hangers"", ""Kitchen"", ""Microwave"", ""Long term stays allowed"", ""Air conditioning"", ""Mini fridge"", ""Safe"", ""Carbon monoxide alarm"", ""Free street parking"", ""Bathtub"", ""Oven"", ""Paid parking on premises"", ""Paid parking off premises"", ""Wifi"", ""Shampoo"", ""Wine glasses"", ""Stove"", ""Clothing storage"", ""Iron"", ""Heating"", ""Luggage dropoff allowed"", ""Washer"", ""Essentials""]","70.0","1","365","1.0","1.0","1125.0","1125.0","1.0","1125.0","True","15","45","75","350","5","5","5","4.4","5.0","5.0","4.8","4.2","4.6","True","5","0","5","0","5.0","4"
"★ Perfect For Family/Friends Trip or Sleepovers ★","Be the exclusive guests in a sun-drenched, magnificent, gorgeous space with vaulted 12 ft ceilings, hardwood floors and modern amenities.  This rental is the only, true one-of-its-kind in the Bronx.<br /><br />This rental has been professionally cleaned and sanitized at a hospital-grade level.  The perfect rental with comfort and a touch of luxury!<br /><br /><b>The space</b><br />The house is located in a quiet the tree-lined neighborhood, conveniently located close to transportation and highways and is within walking distance of local stores, supermarket, and restaurants.<br /><br />The rental can sleep up to 9 guests.   The bedroom has a queen bed, bunk bed and single bed with a 43"" Roku Smart HDTV with access to popular streaming apps like Netflix and Hulu.<br /><br />The living area has an open plan layout with a 65"" Roku Smart HDTV, the kitchen has ample room with a dining area.  The outdoor patio is spacious and can accommodate any pre-approved functions. <br /><br />For Events:","","Edwin","US","","1.0","1.0","True","4.0","4.0","True","True","Bronx","Entire home/apt","9","1.0","1.0","5.0","[""TV"", ""Security cameras on property"", ""Backyard"", ""Microwave"", ""Ceiling fan"", ""Long term stays allowed"", ""Carbon monoxide alarm"", ""Mini fridge"", ""Wifi"", ""Laundromat nearby"", ""Heating"", ""Body soap"", ""Shampoo"", ""Free street parking"", ""Essentials"", ""Hot water"", ""Bathtub"", ""Conditioner"", ""Kitchen"", ""Cooking basics"", ""Dedicated workspace"", ""Room-darkening shades"", ""Stove"", ""Smoke alarm"", ""Dining table"", ""Oven"", ""Shower gel"", ""Smart lock""]","344.0","1","1125","1.0","1.0","1125.0","1125.0","1.0","1125.0","True","22","52","82","357","1","1","1","5.0","5.0","5.0","5.0","5.0","5.0","True","6","3","3","0","1.0","6"
"The NFT super loft (10 million dollar unit)","Welcome to this stunning 4700 sq ft, full-floor loft residence thoughtfully designed by Pembrooke & Ives consisting of 3 bedrooms, 1 home office/bedroom, and 3.5 baths with 11ft ceilings throughout. Every inch of this custom smart home has been meticulously laid out with functionality and style at the forefront.<br /><br /><b>The space</b><br />When the keyed elevator door opens you immediately notice the grand scale of the living and dining room and the abundant light cascading in from the wall of 8 ft tall windows overlooking the city. The living room has multiple seating areas, along with a commissioned dining room table by artist Max Lamb and a beautiful grand piano. The large beautiful art work is from renowned MOMA artist Sol Lewitt.<br /><br />The open Cesar kitchen features Gaggenau appliances, stunning Caesarstone Statuario Maximus Countertops, and bar seating to sit and look at the built-in 8ft saltwater aquarium.<br /><br />The cozy master suite has its own seating area, an ","","Jay","New York, New York, United States","","1.0","0.4","True","3.0","3.0","True","True","Manhattan","Entire home/apt","16","2.5","4.0","12.0","[""Kitchen"", ""Long term stays allowed"", ""Carbon monoxide alarm"", ""TV"", ""Fire extinguisher"", ""Washer"", ""Dedicated workspace"", ""Pool table"", ""Wifi"", ""Smoke alarm"", ""Air conditioning"", ""First aid kit""]","1000.0","1","365","1.0","1.0","365.0","365.0","1.0","365.0","True","30","60","90","365","1","1","1","5.0","5.0","5.0","5.0","5.0","5.0","False","1","1","0","0","1.0","2"
"(D5) Bushwick Co-living","We are a community-oriented co-living home offering residents affordable quality and value for money spaces.<br /><br />This is a private room in a renovated townhouse located in the historic Bushwick/Bedford Stuyvesant corner of Brooklyn.<br /><br /><b>The space</b><br />Our home is a thoughtfully renovated 6 bedroom 3 full bathroom duplex apartment nestled in a quiet tree-lined street minutes from the J M Z subway (5 minutes to Williamsburg and 15 minutes to Downtown Manhattan) with easy access to all other subway lines.<br /><br />Your room is fully furnished with a full bed, desk and chair, roller shades, personal hairdryer, individually controlled heating/cooling system and built in wardrobe/closet (5’ x 2’).<br /><br /><b>Guest access</b><br />You will have exclusive use of your bedroom and shared use of the common areas (featuring full size kitchen, combined living and dining room, 3 bathrooms and front/back of the house).<br /><br /><b>Other things to note</b><br />✿ Check-in/C","Our home is located in the Bushwick/Bedford Stuyvesant corner in the north-central portion of Brooklyn and has the largest collection of Victorian architecture in the country including many historic brownstones. Brooklyn is the largest and most populous borough in the City of New York.","Grace","New York, New York, United States","a lover of food and travel.  i enjoy hosting and meeting people.","1.0","0.96","True","5.0","5.0","True","True","Brooklyn","Private room","2","3.0","1.0","","[""Luggage dropoff allowed"", ""TV"", ""Security cameras on property"", ""Hot water kettle"", ""Backyard"", ""Wine glasses"", ""Nespresso machine"", ""Microwave"", ""Toaster"", ""First aid kit"", ""Hangers"", ""Long term stays allowed"", ""Carbon monoxide alarm"", ""Washer"", ""Wifi"", ""Heating"", ""Shampoo"", ""Dryer"", ""Dishes and silverware"", ""Private entrance"", ""Air conditioning"", ""Free street parking"", ""Essentials"", ""Hot water"", ""Bathtub"", ""Kitchen"", ""Fire extinguisher"", ""Clothing storage"", ""Cooking basics"", ""Dedicated workspace"", ""Hair dryer"", ""Room-darkening shades"", ""Stove"", ""Outdoor furniture"", ""Smoke alarm"", ""Dishwasher"", ""Dining table"", ""Iron"", ""Freezer"", ""Oven"", ""Refrigerator"", ""Pour-over coffee"", ""Bed linens"", ""Trash compactor"", ""Smart lock"", ""Cleaning before checkout"", ""Coffee maker"", ""Outdoor dining area"", ""Patio or balcony""]","59.0","3","90","2.0","5.0","1125.0","1125.0","3.1","1125.0","True","6","36","62","62","1","1","1","5.0","5.0","5.0","5.0","5.0","5.0","False","8","0","3","5","1.0","6"
"Stunning Upscale Highrise with Beautiful River & City Views","These are stock photos of a similar unit, please inquire for actual photos as we finalize this apartment. <br /><br />This upscale rental unit is perfect for single travelers who want some space or for group  travelers. This unit boasts floor to ceiling windows, with updated stainless steel appliances and in-unit Washer & Dryer.<br /><br />Steps away from Central Park, Time Square, Lincoln Center & much much more! <br /><br />Enjoy a queen sized CB2 canopy bed with Boll and Branch pillows and luxury Italian sateen sheets.<br /><br /><b>The space</b><br />As this apartment is not quite finished, the price is heavily discounted to reflect the lack of photos.  <br /><br />This luxurious apartment is in a building designed by a world class architect. Walking into the apartment you'll be pleased to find a bright space with floor-to-ceiling windows with unobstructed views overlooking the Hudson River and Manhattan skyline. <br /><br />This building is extremely urban, with a metropolitan vie","","Alex","New York, New York, United States","","0.95","0.96","True","2.0","2.0","True","True","Manhattan","Entire home/apt","4","1.0","1.0","2.0","[""Window guards"", ""Extra pillows and blankets"", ""Harry's - Fig scent  body soap"", ""Wine glasses"", ""Nespresso machine"", ""Microwave"", ""Toaster"", ""Central heating"", ""Single level home"", ""Hangers"", ""Free washer \u2013 In unit"", ""Ethernet connection"", ""Long term stays allowed"", ""Carbon monoxide alarm"", ""Cleaning products"", ""Wifi"", ""Central air conditioning"", ""Laundromat nearby"", ""Paid parking on premises"", ""Shampoo"", ""Dishes and silverware"", ""Private entrance"", ""Stainless steel oven"", ""Free street parking"", ""Essentials"", ""Hot water"", ""Bathtub"", ""Conditioner"", ""Kitchen"", ""Stainless steel gas stove"", ""Cooking basics"", ""Dedicated workspace"", ""Hair dryer"", ""Room-darkening shades"", ""Smoke alarm"", ""Dishwasher"", ""Dining table"", ""Waterfront"", ""Freezer"", ""Elevator"", ""Refrigerator"", ""Bed linens"", ""Shower gel"", ""Clothing storage: closet"", ""Free dryer \u2013 In unit"", ""Coffee maker"", ""Paid parking garage off premises"", ""50\"" HDTV with Netflix""]","536.0","1","365","1.0","2.0","365.0","365.0","1.3","365.0","True","18","33","33","33","1","1","1","5.0","5.0","5.0","5.0","5.0","5.0","False","2","2","0","0","1.0","7"
"Lovely two room rental in Queens, NY","Your family will be close to everything when you stay at this centrally-located place. Only 10 minutes to midtown Manhattan. Only one block to train!<br /><br /><b>The space</b><br />This is a two bedroom apartment. Host lives here but will not be present during stay. One bedroom, kitchen/ living room with daybed/trundle (2 twin sized beds) for guests. Full use of kitchen!<br /><br /><b>Guest access</b><br />Minutes from restaurants, coffee shops, grocery store, laundromat , movie theatre, Museum of moving image!<br /><br /><b>Other things to note</b><br />There is stairs involved. 2 floors","The house is located in a residential neighborhood. Astoria and the greater Queens are known for having great authentic food from all around the world, as well as many beautiful parks and great views of the city skyline.","Niamh","Queens, New York, United States","","","","True","1.0","1.0","True","True","Queens","Entire home/apt","6","1.0","1.0","4.0","[""Children\u2019s dinnerware"", ""Extra pillows and blankets"", ""Baking sheet"", ""Luggage dropoff allowed"", ""TV"", ""Keurig coffee machine"", ""Hot water kettle"", ""Wine glasses"", ""Nespresso machine"", ""Microwave"", ""Toaster"", ""Loreal shampoo"", ""First aid kit"", ""Hangers"", ""Long term stays allowed"", ""Portable fans"", ""Carbon monoxide alarm"", ""Daylogic moisturizing body wash, Dove bar soap body soap"", ""Cleaning products"", ""Wifi"", ""Laundromat nearby"", ""Heating"", ""Dishes and silverware"", ""Free street parking"", ""Essentials"", ""Hot water"", ""Bathtub"", ""Kitchen"", ""Fire extinguisher"", ""Babysitter recommendations"", ""Dedicated workspace"", ""Cooking basics"", ""Hair dryer"", ""Room-darkening shades"", ""Stove"", ""Children\u2019s books and toys"", ""Smoke alarm"", ""Dining table"", ""Iron"", ""Freezer"", ""Oven"", ""Outlet covers"", ""Refrigerator"", ""Bed linens"", ""Clothing storage: closet"", ""Coffee maker""]","129.0","1","365","1.0","1.0","365.0","365.0","1.0","365.0","True","0","29","59","59","2","2","2","5.0","5.0","5.0","5.0","5.0","5.0","False","1","1","0","0","2.0","3"
"Bklyn- Spacious 1 Bedroom w/private yard","Spacious ground floor one bedroom unit in a family owned Brooklyn Townhouse. Includes a private entrance and access to a private yard during your stay.  Located in one of Brooklyn's most desirable areas which borders Greenpoint/Williamsburg.  Centrally located between (Graham Ave) L train and (Nassau Ave) G train.  Both are about 5 minute walking distance and will bring you to Manhattan with just a few stops.<br /><br /><b>The space</b><br />Open concept roomy 1000 sq. ft one bedroom unit.  Bedroom has a queen bed with a freestanding closet. In the living area is a couch, arm chair, smart tv, and a desk.  Dining area includes table and chairs. Kitchenette w/island. Central heating/air conditioning at your control.<br /><br /><b>Guest access</b><br />Private entrance (Black door) w/ keyless access on ground floor.<br /><br /><b>Other things to note</b><br />No Gatherings/Parties<br />No Pets allowed","Sits at the border of Greenpoint/Williamsburg. Centrally located near both L train (Graham Ave) & G train (Nassau Ave). Walking distance to restaurants and McGoldrick and McCarren Park.","Melissa","US","","1.0","0.97","True","0.0","0.0","True","True","Brooklyn","Entire home/apt","2","1.0","1.0","1.0","[""Baking sheet"", ""TV"", ""Security cameras on property"", ""Keurig coffee machine"", ""Hot water kettle"", ""Clothing storage: dresser"", ""Wine glasses"", ""Microwave"", ""Central heating"", ""First aid kit"", ""Hangers"", ""Ethernet connection"", ""Long term stays allowed"", ""Carbon monoxide alarm"", ""Mini fridge"", ""Cleaning products"", ""Wifi"", ""Laundromat nearby"", ""Body soap"", ""Shampoo"", ""Dishes and silverware"", ""Private entrance"", ""Air conditioning"", ""Free street parking"", ""Essentials"", ""Hot water"", ""Kitchen"", ""Fire extinguisher"", ""Cooking basics"", ""Dedicated workspace"", ""Hair dryer"", ""Outdoor furniture"", ""Smoke alarm"", ""Keypad"", ""Dining table"", ""Private fenced garden or backyard"", ""Iron"", ""Freezer"", ""Refrigerator"", ""Bed linens"", ""Coffee maker"", ""Outdoor dining area""]","164.0","2","29","2.0","3.0","1125.0","1125.0","2.0","1125.0","True","6","33","63","138","2","2","2","5.0","5.0","5.0","5.0","5.0","5.0","False","1","1","0","0","2.0","2"
"UNTITLED at Freeman-Cozy Studio 202","Welcome to UNTITLED (Adj.) at 3 Freeman Alley!<br /><br />Charming Studio's located in the heart of Lower East Side of Manhattan.<br /><br />Building entrance located off a historic alley way that has many street art from street artists all around the world.<br /><br />This location is the best place to relax and unwind after exploring and venturing out in the city.<br /><br />@freemanalley3untitled<br /><br /><b>The space</b><br />Cozy studio that has been newly renovated and smartly furnished including a queen size bed.<br /><br />Studio is equipped with all necessary amenities needed, shampoo/soap, conditioner, towels, linens, basic tableware, coffee, AC, heat, Bluetooth speaker, Smart TV for Android devices.<br /><br />* Additional housekeeping service and for replenishing is available for scheduling and for a fee.<br /><br />* We are doing light renovations throughout the building (Expect minor to no noise resulting from these renovations), please excuse our appearance.<br /><br /","","Karen","New York, New York, United States","I’m a New York native that loves to eat & enjoy traveling the world. I would love to host you for your visit. :)","1.0","0.99","True","31.0","31.0","True","True","Manhattan","Entire home/apt","2","1.0","1.0","1.0","[""Hangers"", ""Long term stays allowed"", ""Iron"", ""TV"", ""Carbon monoxide alarm"", ""Fire extinguisher"", ""Elevator"", ""Hair dryer"", ""Wifi"", ""Pack \u2019n play/Travel crib"", ""Heating"", ""Shampoo"", ""Smoke alarm"", ""First aid kit"", ""Air conditioning"", ""Essentials""]","173.0","2","28","1.0","2.0","28.0","28.0","2.0","28.0","True","7","37","67","157","1","1","1","5.0","5.0","5.0","5.0","5.0","5.0","False","201","198","3","0","1.0","8"
"UNTITLED at Freeman-Cozy Studio 203","Welcome to UNTITLED (Adj.) at 3 Freeman Alley!<br /><br />Charming Studio's located in the heart of Lower East Side of Manhattan.<br /><br />Building entrance located off a historic alley way that has many street art from street artists all around the world.<br /><br />This location is the best place to relax and unwind after exploring and venturing out in the city.<br /><br />@freemanalley3untitled<br /><br /><b>The space</b><br />Cozy studio that has been newly renovated and smartly furnished including a queen size bed.<br /><br />Studio is equipped with all necessary amenities needed, shampoo/soap, conditioner, towels, linens, basic tableware, coffee, AC, heat, Bluetooth speaker, Smart TV for Android devices.<br /><br />* Additional housekeeping service and for replenishing is available for scheduling and for a fee.<br /><br />* We are doing light renovations throughout the building (Expect minor to no noise resulting from these renovations), please excuse our appearance.<br /><br /","","Karen","New York, New York, United States","I’m a New York native that loves to eat & enjoy traveling the world. I would love to host you for your visit. :)","1.0","0.99","True","31.0","31.0","True","True","Manhattan","Entire home/apt","2","1.0","1.0","1.0","[""Hangers"", ""Long term stays allowed"", ""Iron"", ""TV"", ""Carbon monoxide alarm"", ""Fire extinguisher"", ""Elevator"", ""Hair dryer"", ""Wifi"", ""Heating"", ""Shampoo"", ""Smoke alarm"", ""First aid kit"", ""Air conditioning"", ""Essentials""]","174.0","2","28","1.0","2.0","28.0","28.0","2.0","28.0","True","14","44","74","164","1","1","1","5.0","5.0","5.0","5.0","5.0","5.0","False","201","198","3","0","1.0","8"
"UNTITLED at Freeman-Cozy Studio 205","Welcome to UNTITLED (Adj.) at 3 Freeman Alley!<br /><br />Charming Studio's located in the heart of Lower East Side of Manhattan.<br /><br />Building entrance located off a historic alley way that has many street art from street artists all around the world.<br /><br />This location is the best place to relax and unwind after exploring and venturing out in the city.<br /><br />@freemanalley3untitled<br /><br /><b>The space</b><br />Cozy studio that has been newly renovated and smartly furnished including a queen size bed.<br /><br />Studio is equipped with all necessary amenities needed, shampoo/soap, conditioner, towels, linens, basic tableware, coffee, AC, heat, Bluetooth speaker, Smart TV for Android devices.<br /><br />* Additional housekeeping service and for replenishing is available for scheduling and for a fee.<br /><br />* We are doing light renovations throughout the building (Expect minor to no noise resulting from these renovations), please excuse our appearance.<br /><br /","","Karen","New York, New York, United States","I’m a New York native that loves to eat & enjoy traveling the world. I would love to host you for your visit. :)","1.0","0.99","True","31.0","31.0","True","True","Manhattan","Entire home/apt","2","1.0","1.0","","[""Hangers"", ""Long term stays allowed"", ""Iron"", ""TV"", ""Carbon monoxide alarm"", ""Fire extinguisher"", ""Elevator"", ""Hair dryer"", ""Wifi"", ""Heating"", ""Shampoo"", ""Smoke alarm"", ""First aid kit"", ""Air conditioning"", ""Essentials""]","173.0","2","28","1.0","2.0","28.0","28.0","2.0","28.0","True","9","39","69","159","1","1","1","5.0","5.0","5.0","5.0","5.0","5.0","False","201","198","3","0","1.0","8"
"Lovely Studio-apartment unit in UES, New York.","Your family will be close to everything when you stay at this centrally-located place.","","Sabrina","New York, New York, United States","I am a Latina young woman. Love to travel and very chill. I am also very respectful.","0.97","1.0","True","0.0","0.0","True","True","Manhattan","Entire home/apt","4","1.0","1.0","","[""Luggage dropoff allowed"", ""Microwave"", ""Central heating"", ""Hangers"", ""Long term stays allowed"", ""Head and shoulders  body soap"", ""Window AC unit"", ""Carbon monoxide alarm"", ""Cleaning products"", ""Wifi"", ""Head & Shoulder conditioner"", ""Laundromat nearby"", ""Dishes and silverware"", ""Private entrance"", ""Free street parking"", ""Essentials"", ""Hot water"", ""Bathtub"", ""Kitchen"", ""Cooking basics"", ""Dedicated workspace: desk"", ""Room-darkening shades"", ""Smoke alarm"", ""Dining table"", ""Iron"", ""Freezer"", ""HDTV with Roku"", ""Oven"", ""Electric stove"", ""Refrigerator"", ""Head & shoulder shampoo"", ""Bed linens"", ""Shower gel"", ""Clothing storage: closet"", ""Paid parking garage off premises""]","125.0","1","90","1.0","1.0","90.0","90.0","1.0","90.0","True","0","25","55","296","3","3","3","5.0","5.0","5.0","5.0","5.0","4.67","True","1","1","0","0","3.0","1"
"Premium 2 Bedroom w/ Beautiful View of Brooklyn!!","We are here to provide you with a premium stay in the heart of Brooklyn. This luxurious space is in one of the cities safest neighborhoods. This state of the art space comes with a balcony, kitchen, living room, plus 2 bedroom areas that can perfectly host 6 guests.  Soak up the perfect NYC sunny day with huge windows and the buildings roof deck. AWESOME amenities.  Feel comfortable walking the few blocks to the Metro station on Church Ave even after dark. Close to a great coffee shop too!<br /><br /><b>Other things to note</b><br />There is heating","Across the street from a police precinct","Russell","Queens, New York, United States","","0.99","0.97","True","0.0","0.0","True","True","Brooklyn","Entire home/apt","6","1.0","2.0","3.0","[""Extra pillows and blankets"", ""TV"", ""Bikes"", ""Security cameras on property"", ""Hot water kettle"", ""Private patio or balcony"", ""Toaster"", ""Microwave"", ""First aid kit"", ""Single level home"", ""Hangers"", ""Ethernet connection"", ""Lockbox"", ""Long term stays allowed"", ""Carbon monoxide alarm"", ""Washer"", ""Cleaning products"", ""Wifi"", ""Laundromat nearby"", ""Body soap"", ""Shampoo"", ""Dryer"", ""Heating"", ""Dishes and silverware"", ""Air conditioning"", ""Free street parking"", ""Essentials"", ""Hot water"", ""Bathtub"", ""Conditioner"", ""Kitchen"", ""Fire extinguisher"", ""Clothing storage"", ""Cooking basics"", ""Dedicated workspace"", ""Hair dryer"", ""Room-darkening shades"", ""Stove"", ""Outdoor furniture"", ""Sound system"", ""Smoke alarm"", ""Dishwasher"", ""Dining table"", ""Iron"", ""Freezer"", ""Oven"", ""Pool table"", ""Elevator"", ""Refrigerator"", ""Bed linens"", ""Trash compactor"", ""Gym"", ""Ping pong table"", ""Coffee maker"", ""Outdoor dining area""]","152.0","1","1125","1.0","1.0","1125.0","1125.0","1.0","1125.0","True","2","21","51","141","1","1","1","5.0","5.0","5.0","5.0","5.0","5.0","True","3","3","0","0","1.0","1"
"HUGE DUPLEX 2 Bedroom-Apt Queens NYC. A Hidden Gem","""Welcome to Luxury!<br /><br />Wake up in this modern HUGE DUPLEX 2 Bedroom, 2 Bathroom Apt. GORGEOUS and spacious; brand new apartment in the heart of Queens which offers you a tranquil residential vibe alongside quick, easy access to the downtown areas.<br /><br />Enjoy the open-plan living space and take in the peaceful surroundings from the AMAZING LOCATION!!<br />The apt is fully equipped and connected for working and relaxing at home<br /><br />★15min to Manhattan<br />★Safe area<br />★Close to everything<br />★Close to airports<br /><br /><b>The space</b><br />The apartment is a 2-bedroom duplex in BRAND NEW BUILDING with rooms on opposite sides, so there is plenty of privacy. The bedrooms are bright, airy, and has access to a backyard (for anyone who loves outdoors...). <br /><br />Here are some of the features that this home offers you:<br /><br />★Parking Available At Request <br />(Additional Fee) <br /><br />★ The kitchen is brand new and is fully equipped with GE stainless","Woodside Queens, New York in USA is a neighborhood in New York City with a population of 52,142. Woodside is in Queens County.<br /><br />Living in Woodside offers residents a dense urban feel and most residents rent their homes. In Woodside there are a lot of bars, restaurants, coffee shops, deli’s, laundromat and parks.   Many young professionals live in Woodside and residents tend to be liberal. The public schools in Woodside are above average.  Roosevelt Avenue is Woodside's main thoroughfare, shaded by the elevated 7 train tracks. There you'll find St. Sebastian's, a Roman Catholic church that holds masses in English, Spanish, Korean, and Tagalog. Interestingly, the church used to be a Loew's movie theater, and once hosted the premiere of a Buster Keaton film, according to Untapped Cities.<br /><br />""If you want a representation of the United States, Woodside would be a good place to start,"" says Assemblyman Brian Barnwell, who represents the neighborhood in the state Assembly an","DelGroup","New York, New York, United States","Dwayne Delahunt
Alejandra Moreno

DelGroup Management Corp 
DelGroup C&C","","","True","0.0","0.0","True","True","Queens","Entire home/apt","8","1.5","2.0","4.0","[""Window guards"", ""Extra pillows and blankets"", ""Luggage dropoff allowed"", ""Indoor fireplace"", ""Security cameras on property"", ""Hot water kettle"", ""Private patio or balcony"", ""Wine glasses"", ""Toaster"", ""Microwave"", ""TV with Netflix"", ""First aid kit"", ""Single level home"", ""Hangers"", ""Ethernet connection"", ""Carbon monoxide alarm"", ""Cleaning products"", ""Building staff"", ""Wifi"", ""Fireplace guards"", ""Paid parking garage on premises"", ""Laundromat nearby"", ""Body soap"", ""Shampoo"", ""Heating"", ""Drying rack for clothing"", ""Dishes and silverware"", ""Air conditioning"", ""Free street parking"", ""Essentials"", ""Hot water"", ""Bathtub"", ""Conditioner"", ""Safe"", ""Baby bath"", ""Fire extinguisher"", ""Clothing storage"", ""Babysitter recommendations"", ""Dedicated workspace"", ""Kitchen"", ""Hair dryer"", ""Room-darkening shades"", ""Cooking basics"", ""Stove"", ""Paid street parking off premises"", ""Sound system"", ""Smoke alarm"", ""Dining table"", ""Private fenced garden or backyard"", ""Iron"", ""Freezer"", ""Oven"", ""Refrigerator"", ""Bed linens"", ""Shower gel"", ""Coffee maker""]","420.0","1","21","1.0","1.0","21.0","21.0","1.0","21.0","True","6","35","65","340","1","1","1","5.0","5.0","5.0","5.0","5.0","5.0","False","3","3","0","0","1.0","2"
"Lovely studio apartment in New York","Cozy and sunny studio apartment in a walk up building.A few minutes walk to the Central Park and most famous shopping area Madison Avenue and museums. Locates steps away to the subway 6, Q, F trains ( very convenient to get to any spot of city). Very safe and clean area. <br />You have access to a studio apartment fully equipped with everything you need. Comfortable full-size bed, Tv Netflix, clean towels.","","Olga","New York, New York, United States","","1.0","1.0","True","0.0","0.0","True","True","Manhattan","Entire home/apt","2","1.0","","","[""Kitchen"", ""Microwave"", ""Iron"", ""TV"", ""Cooking basics"", ""Long term stays allowed"", ""Refrigerator"", ""Wifi"", ""Heating"", ""Dishes and silverware"", ""Air conditioning"", ""Hot water""]","249.0","2","365","2.0","2.0","1125.0","1125.0","2.0","1125.0","True","9","39","69","344","1","1","1","5.0","5.0","5.0","5.0","4.0","4.0","True","1","1","0","0","1.0","5"
"An artist and creatives retreat","Fantastic location has you right on the Wyckoff strip; laden with a delicious variety of food trucks, restaurants, bars and shops! The adjacent street has an art gallery, cute cafe and an arcade! Feast your eyes on the ever changing street murals that pad the the entire block!<br />1 block from Jefferson Street L subway station, 7 stops into Manhattan<br />House of YES is less than a block away.<br />Elsewhere is 0.7 miles away<br />Brooklyn mirage is 0.8 away<br />-heated toilet seat<br />-wifi (top of router)<br />-420 friendly","","Boehm","Wilmington, North Carolina, United States","","1.0","0.8","True","1.0","1.0","True","True","Brooklyn","Entire home/apt","4","1.0","1.0","1.0","[""Kitchen"", ""TV"", ""Dedicated workspace"", ""Wifi"", ""Air conditioning""]","246.0","2","3","2.0","2.0","3.0","3.0","2.0","3.0","True","15","43","73","73","1","1","1","5.0","5.0","5.0","5.0","5.0","5.0","False","1","1","0","0","1.0","5"
"Home Away From Home - Modern Apt in Queens","The apartment is a beautiful newly renovated modern apartment on the first floor of a private house. The apartment is a spacious two bedroom one bathroom unit. It is fully equipped with all essentials for a comfortable stay. It can accommodate 8 people comfortably.  Great place to unwind, lots of board games, 58"" LED Fire Smart TV with Netflix provided, electronic fireplace, and modern decor. 5 min from LaGuardia Airport; 20 min to JFK Airport.","","Ferdousi","New York, New York, United States","New Yorker with a love of Real Estate, Interior Designing, and Wedding Planning.  I love to travel whenever I get the opportunity. My favorite part of traveling is experiencing new cultures and trying out their cuisines as well as making new friends along the way. ","1.0","1.0","True","0.0","0.0","True","True","Queens","Entire home/apt","8","1.0","2.0","4.0","[""Indoor fireplace"", ""Keurig coffee machine"", ""Wine glasses"", ""Toaster"", ""Microwave"", ""First aid kit"", ""Hangers"", ""58\"" HDTV with Amazon Prime Video, Netflix"", ""Ceiling fan"", ""Lockbox"", ""Carbon monoxide alarm"", ""Long term stays allowed"", ""Clothing storage: dresser and closet"", ""Cleaning products"", ""Wifi"", ""Board games"", ""Laundromat nearby"", ""Heating"", ""Body soap"", ""Shampoo"", ""Dishes and silverware"", ""Stainless steel oven"", ""Free street parking"", ""Essentials"", ""Hot water"", ""Bathtub"", ""Conditioner"", ""Kitchen"", ""Stainless steel gas stove"", ""Fire extinguisher"", ""Cooking basics"", ""Dedicated workspace"", ""Hair dryer"", ""Smoke alarm"", ""Dining table"", ""Iron"", ""Refrigerator"", ""Bed linens"", ""Shower gel"", ""Coffee maker""]","300.0","1","28","1.0","1.0","28.0","28.0","1.0","28.0","True","21","51","81","356","1","1","1","5.0","5.0","5.0","5.0","5.0","5.0","True","1","1","0","0","1.0","6"
"Cozy 1 Bd. APT. In the <3 of Astoria, NY","Come enjoy the best of both worlds in my contemporary APT located in the Heart of Astoria, NY. Only a half mile from Astoria Park overlooking the East River, and a stone's throw from some of the best lounges/bars and restaurants Queens has to offer, this is prime location to enjoy both the serenity of nature and unique cuisines from cultures all over the world.<br />If you're flying into town, we're only 13 mins from LGA and 30 mins from JFK. <br /><br />Other attractions:<br />Citi Field- 5 mi<br />MET- 6.2 mi<br /><br /><b>Guest access</b><br />There's free street parking.  N / W train station is only a 7 min walk away.","","Clinton","New York, New York, United States","Hey, I'm Clinton Olaniyi!

I was born and bred in NYC to hardworking Nigerian Immigrant parents. I studied sociology and public health at the University at Albany. Some of my hobbies include reading, sports (particularly Rugby) and music. While at UAlbany I created a photojournalism blog called Students Of UAlbany to centralize what I saw to be a divided campus. In a few semesters I grew SOUA to a following of over 1.5k and was subsequently featured on the Albany Student Press. I played trumpet in the UAlbany pep band, marching band and a variety of instruments in the university's percussion ensemble. I was also a member of the University's Rugby team for 4 years and captained the team my junior year. Post college, I went on to play Premier Rugby for OldBlue RFC and competed in two USA National Rugby tournaments, winning Bronze in 2019. 

I speak two languages (Yoruba and English), not married and have 0 kids. 

I consider myself to be a person who is ever- improving, so please all feedback is welcomed and appreciated.

I hope this gave you a bit of insight into my world. Thanks for reading and I hope you enjoy your stay in my apartment.
","1.0","0.8","True","0.0","0.0","True","True","Queens","Entire home/apt","2","1.0","1.0","1.0","[""Window guards"", ""Extra pillows and blankets"", ""BBQ grill"", ""TV"", ""Keurig coffee machine"", ""Radiant heating"", ""Wine glasses"", ""Barbecue utensils"", ""Toaster"", ""Microwave"", ""First aid kit"", ""Long term stays allowed"", ""Portable fans"", ""Carbon monoxide alarm"", ""Cleaning products"", ""Record player"", ""Wifi"", ""Board games"", ""Laundromat nearby"", ""Dishes and silverware"", ""Air conditioning"", ""Stainless steel oven"", ""Free street parking"", ""Hot water"", ""Bathtub"", ""Kitchen"", ""Cooking basics"", ""Dedicated workspace"", ""Stove"", ""Smoke alarm"", ""Iron"", ""Freezer"", ""Refrigerator"", ""Portable heater"", ""Coffee maker""]","136.0","3","60","3.0","3.0","60.0","60.0","3.0","60.0","True","17","47","77","352","1","1","1","1.0","1.0","1.0","1.0","1.0","1.0","False","1","1","0","0","1.0","3"
"Imperial Midtown Studios 829","Our apartment is located in the center of Manhattan Midtown near Herald Square at the corner of 31st street & Broadway. Walking distance to everything, major subway lines & Penn Stations just steps away. Fully furnished apartment with your own Kitchen/Bathroom with 24-hour doorman/elevator/laundry room. We are located inside the beautiful historic national landmark building designed by Architect Henry Engelbert in the Second Empire style!<br /><br /><b>The space</b><br />If you see our calendar is open, it means it is available for Instant Booking and/or Request Reservation. If you have any issue to confirm the booking such as restrictions, contact us to trouble shoot. Booking window ends midnight each day, and check-in window by 2AM (Late check-in after 2AM is available upon request. )<br /><br />* We want everyone to have a comfortable place to stay. Our apartment would be properly cleaned and sanitized for your arrival. Our housekeeping crew has been trained in proper disinfection t","We are located inside this beautiful national landmark, the former Grand Hotel. This is a very central location where you can walk to most major tourist locations. Conveniently located near subway. Only a few minutes walk to major landmarks in Midtown including Times Square, Empire State Building, Macy’s the world’s’ largest department store, Madison Square Garden, Radio City Music Hall, Bryant Park, Grand Central, High Line Park, Museum of Modern Arts (MOMA) and lots of restaurant options around.","Anna","New York, New York, United States","We are delighted to accommodate you during your stay. We are passionate about providing the finest possible service, and we are providing accommodations within a very residential setting - whether for vacation, business or extended stay.
","1.0","0.88","True","0.0","0.0","True","True","Manhattan","Entire home/apt","3","1.0","1.0","2.0","[""Dining table"", ""Kitchen"", ""Luggage dropoff allowed"", ""Carbon monoxide alarm"", ""TV"", ""Fire extinguisher"", ""Security cameras on property"", ""Cooking basics"", ""Hair dryer"", ""Long term stays allowed"", ""Refrigerator"", ""Wifi"", ""Wine glasses"", ""Free street parking"", ""Toaster"", ""Microwave"", ""Coffee maker"", ""Central heating"", ""Air conditioning"", ""Smoke alarm""]","241.0","1","365","1.0","4.0","1125.0","1125.0","1.2","1125.0","True","10","40","70","70","1","1","1","5.0","5.0","5.0","5.0","5.0","5.0","True","2","2","0","0","1.0","1"
"Charming bedroom with private bathroom.","Come spread love the Brooklyn way in this peaceful place. Decorated stylishly, the room features a chandelier, neon lights, plus a work desk. There is an in suite bathroom for your private use.  Fresh linens/ towels are provided & really fast wifi.  <br /><br />In the common areas:  the kitchen & living room; there are security cameras for the safety of you and other guests. All rooms have their own locks and the apartment may not be used for parties.<br /><br />Rooms are for two adults and no pets are allowed.<br /><br /><b>The space</b><br />The space is located on the top floor of a 3 story walk-up. There is no elevator and once inside you will realize it was worth the walk up.<br /><br /><b>Guest access</b><br />There is street parking available around the apartment.<br /><br /><b>Other things to note</b><br />Right outside the apartment there are Citi e-bikes and regular bikes that are available to rent from your phone. Also, the apartment is located 30 minutes from downtown Manha","","Amani","New York, New York, United States","","1.0","0.82","True","0.0","0.0","True","True","Brooklyn","Private room","2","1.0","1.0","","[""Extra pillows and blankets"", ""Luggage dropoff allowed"", ""Bikes"", ""Security cameras on property"", ""Lock on bedroom door"", ""Free parking on premises"", ""Wine glasses"", ""Microwave"", ""Central heating"", ""First aid kit"", ""Hangers"", ""Lockbox"", ""Long term stays allowed"", ""Board games"", ""Laundromat nearby"", ""Dishes and silverware"", ""Dryer"", ""Air conditioning"", ""Stainless steel oven"", ""Essentials"", ""Hot water"", ""Bathtub"", ""Free street parking"", ""Stainless steel gas stove"", ""Kitchen"", ""Fire extinguisher"", ""Cooking basics"", ""Dedicated workspace"", ""Hair dryer"", ""Smoke alarm"", ""Dining table"", ""Freezer"", ""Fast wifi \u2013 450 Mbps"", ""Refrigerator"", ""Bed linens"", ""Clothing storage: closet""]","129.0","2","28","2.0","4.0","1125.0","1125.0","3.5","1125.0","True","23","53","77","77","1","1","1","5.0","5.0","5.0","5.0","2.0","5.0","True","2","0","2","0","1.0","2"
"A peaceful Brooklyn gem with a private bathroom.","A sun filled room with space for yoga and work that you can reside in Brooklyn. There is an in suite private bathroom and a hair dryer for your convenience. Fresh linens and towels are provided along with really fast wifi.  <br />Let here be your sweet escape.<br /><br /><b>The space</b><br />The space is located on the top floor of a 3 story walk-up. There is no elevator and once inside you will realize it was worth the walk up.<br /><br /><b>Guest access</b><br />There is street parking available around the apartment.<br /><br /><b>Other things to note</b><br />Right outside the apartment there are Citi  e-bikes and regular bikes that are available to rent from your phone. Also, the apartment is located 30 minutes from downtown Manhattan (Soho and Wall Street area) and 30 minutes from Union Square. The train rides are 18 minutes each and the walk to the train station takes 7-10 minutes. The nearest two train stations are  the L train and J train.","","Amani","New York, New York, United States","","1.0","0.82","True","0.0","0.0","True","True","Brooklyn","Private room","2","1.0","1.0","","[""Extra pillows and blankets"", ""Baking sheet"", ""Bikes"", ""Security cameras on property"", ""Lock on bedroom door"", ""Free parking on premises"", ""Wine glasses"", ""Microwave"", ""Central heating"", ""First aid kit"", ""Hangers"", ""Lockbox"", ""Long term stays allowed"", ""Cleaning products"", ""Board games"", ""Laundromat nearby"", ""Dishes and silverware"", ""Fast wifi \u2013 484 Mbps"", ""Air conditioning"", ""Stainless steel oven"", ""Essentials"", ""Hot water"", ""Bathtub"", ""Free street parking"", ""Stainless steel gas stove"", ""Kitchen"", ""Fire extinguisher"", ""Cooking basics"", ""Dedicated workspace"", ""Hair dryer"", ""Smoke alarm"", ""Dining table"", ""Freezer"", ""Refrigerator"", ""Bed linens"", ""Clothing storage: closet""]","132.0","2","28","2.0","4.0","1125.0","1125.0","3.5","1125.0","True","22","43","62","62","1","1","1","5.0","4.0","5.0","5.0","5.0","4.0","True","2","0","2","0","1.0","2"
"Entire LES Lux Studio 21","Please read all information before messaging me :)<br />Renovated modern studio located in the best part of Lower East side -( Orchard & Delancey)  in a brand new building. Amazing  rooftop. View of the World Trade Center from the unit. <br />Gym<br />Free Laundry. <br />Mini fridge + microwave.<br /><br />I provide:<br />Nespresso,milk, cereal, water, rose / beer/snacks<br /><br />All toiletries +  Hair dryer/curler/straightener. <br />Towels/robes/toothbrushes/toothpaste/razers/shampoo/conditioner","As a resident, I’m certainly biased, but I really think the best place you could possibly be this weekend is Orchard Street, namely the three blocks below Broome. With the intersections closed to traffic, restaurants and bars like Skin Contact, Dudley’s, Las Lap, Barrio Chino, Sunday to Sunday, and Casa Mezcal (and many more!) have stretched their outdoor dining set-ups into the street, adding mismatched tables and chairs as the crowds build. Art galleries are flinging their doors open for fresh air so you can wander in and out between glasses of pét-nat, and on most Saturdays, musicians set up mics and speakers just past the barricades.","Sarah","New York, New York, United States","Welcoming travellers to my home in New York. I love this city and everything it has to offer. Sharing my passion for home decor, balancing beauty and functionality. It’s all about the NYC experience:)
","1.0","0.93","True","0.0","0.0","True","True","Manhattan","Entire home/apt","2","1.0","1.0","1.0","[""TV"", ""Keurig coffee machine"", ""Toaster"", ""Microwave"", ""Central heating"", ""First aid kit"", ""Carbon monoxide alarm"", ""Mini fridge"", ""Washer"", ""Cleaning products"", ""Wifi"", ""Shampoo"", ""Air conditioning"", ""Essentials"", ""Hot water"", ""Conditioner"", ""Fire extinguisher"", ""Dryer \u2013 In building"", ""Hair dryer"", ""Smoke alarm"", ""Keypad"", ""Freezer"", ""Bed linens"", ""Shower gel"", ""Clothing storage: closet"", ""Coffee maker"", ""Outdoor dining area""]","166.0","3","14","1.0","3.0","14.0","14.0","3.0","14.0","True","7","26","27","27","1","1","1","4.0","3.0","5.0","5.0","5.0","5.0","False","4","4","0","0","1.0","5"
"Fabulous Futon for your Budget","🔥🔥(Please read) (This is NOT a PRIVATE ROOM👁👁👁👁👁) <br />This is for those traveling on a budget, if you need a private room message me I have those as well. <br /><br />Keep it simple at this peaceful and centrally-located place. We also have one Air mattress available for additional fee ($25) Our “Fabulous Futon” was provided for those on a budget. Bring ur stuff and sleep on a futon and enjoy a 46inch TV, kitchen, bathroom and Wifi in a very luxurious and spacious place.<br /><br /><b>The space</b><br />My place is usually booked and you will be sharing the space with others. Most of the time the guest all stay inside their own rooms. So you will have some privacy<br /><br /><b>Guest access</b><br />Someone will always be there to buzz you in 😇 We do not offer keys for the futon booking, you will be buzzed in<br /><br /><b>Other things to note</b><br />Just remember this isn’t a private room and you must bring ur own blanket and pillows","Very safe and exciting location, I love this part of Harlem","Mike","New York, New York, United States","","1.0","1.0","True","1.0","1.0","True","True","Manhattan","Shared room","1","1.0","1.0","1.0","[""Kitchen"", ""Long term stays allowed"", ""Carbon monoxide alarm"", ""TV"", ""Washer"", ""Security cameras on property"", ""Dedicated workspace"", ""Free parking on premises"", ""Wifi"", ""Smoke alarm"", ""Air conditioning"", ""First aid kit""]","55.0","1","365","1.0","1.0","365.0","365.0","1.0","365.0","True","23","53","83","358","1","1","1","5.0","5.0","5.0","5.0","5.0","5.0","True","3","0","2","1","1.0","3"
"Prime Apt Studio - Williamsburg Brooklyn","The whole group will enjoy easy access to everything from this centrally located place.<br /><br />This beautiful apartment is located in an excellent area in williamburg 15 min from domino park with the best city view of Brooklyn there are bars, restaurants, laundry and delimarket around. The train station just 2 blocks and 1 stop from manahttan it is perfect to stay","Amazing neighborhood chill zone","Francisco","Brooklyn, New York, United States","","1.0","0.71","True","0.0","0.0","True","True","Brooklyn","Entire home/apt","2","1.0","1.0","1.0","[""Dining table"", ""Kitchen"", ""Iron"", ""TV"", ""Cooking basics"", ""Dedicated workspace"", ""Hair dryer"", ""Refrigerator"", ""Bed linens"", ""Wifi"", ""Heating"", ""Dishes and silverware"", ""Smoke alarm"", ""Air conditioning"", ""Essentials"", ""Hot water""]","241.0","2","20","2.0","2.0","1125.0","1125.0","2.0","1125.0","True","21","51","81","356","1","1","1","5.0","5.0","5.0","5.0","5.0","5.0","True","1","1","0","0","1.0","1"
"hostal nunez","Tu familia estará cerca de todo si te hospedas en este alojamiento céntrico.","","Jose","New York, New York, United States","","1.0","0.99","True","1.0","1.0","True","True","Brooklyn","Private room","2","1.0","1.0","1.0","[""Window guards"", ""Extra pillows and blankets"", ""Children\u2019s dinnerware"", ""Wine glasses"", ""Microwave"", ""Ethernet connection"", ""Long term stays allowed"", ""Carbon monoxide alarm"", ""Mini fridge"", ""Washer"", ""Cleaning products"", ""Wifi"", ""Laundromat nearby"", ""Heating"", ""Body soap"", ""Shampoo"", ""Dishes and silverware"", ""Air conditioning"", ""Free street parking"", ""Essentials"", ""Hot water"", ""Bathtub"", ""Kitchen"", ""Clothing storage"", ""Cooking basics"", ""Dedicated workspace"", ""Hair dryer"", ""Room-darkening shades"", ""Smoke alarm"", ""Dishwasher"", ""Dining table"", ""Freezer"", ""Elevator"", ""Pool table"", ""Refrigerator"", ""Bed linens"", ""Shower gel"", ""Gym""]","70.0","1","365","1.0","1.0","365.0","365.0","1.0","365.0","True","5","32","59","334","2","2","2","4.5","4.5","5.0","3.5","4.5","5.0","True","2","0","2","0","2.0","2"
"Stylish Manhattan studio apt on 1st floor","This stylish studio apt on a 1st floor walk up brownstone building has everything you'll need. Conveniently located in Harlem , Manhattan makes getting to all destinations a breeze . Train station is a 7 min walk with multiple lines A C D B 1 2 3. Central Park is 2 stops away. 42st Times Square 5 stops away. A few blocks you'll find Staples ,CVS,Marshall, Whole Foods and many restaurants . Enjoy your stay and live like a New Yorker in a typical NYC brownstone apt .","","Jessica","Brooklyn, New York, United States","","1.0","0.99","True","0.0","0.0","True","True","Manhattan","Entire home/apt","2","1.0","1.0","1.0","[""Extra pillows and blankets"", ""TV"", ""Hot water kettle"", ""Radiant heating"", ""Toaster"", ""Microwave"", ""Central heating"", ""Hangers"", ""Ethernet connection"", ""Lockbox"", ""Carbon monoxide alarm"", ""Cleaning products"", ""Wifi"", ""Body soap"", ""Shampoo"", ""Dishes and silverware"", ""Air conditioning"", ""Stainless steel oven"", ""Essentials"", ""Hot water"", ""Bathtub"", ""Free street parking"", ""Conditioner"", ""Kitchen"", ""Cooking basics"", ""Dedicated workspace"", ""Hair dryer"", ""Stove"", ""Smoke alarm"", ""Dining table"", ""Iron"", ""Freezer"", ""Paid parking off premises"", ""Refrigerator"", ""Bed linens"", ""Shower gel"", ""Coffee maker"", ""Clothing storage: closet and dresser""]","117.0","1","20","1.0","1.0","1125.0","1125.0","1.0","1125.0","True","5","35","65","65","1","1","1","5.0","5.0","5.0","5.0","5.0","5.0","False","2","2","0","0","1.0","5"
"large sunny 225 sq ft room queen size bed Upstairs","","","Jose","Bronx, New York, United States","I have a Bachelor of science In the management of information systems and Hold A Masters of business administration (MBA)

I am a gulf war veteran served in the United States Marine Corps


","1.0","1.0","True","5.0","5.0","True","True","Bronx","Private room","1","1.0","1.0","1.0","[""Cooking basics"", ""Security cameras on property"", ""Lock on bedroom door"", ""Smoke alarm"", ""Cleaning products"", ""Hot water"", ""TV"", ""Refrigerator"", ""Hangers"", ""Host greets you"", ""Hair dryer"", ""Kitchen"", ""Microwave"", ""Bed linens"", ""Long term stays allowed"", ""Air conditioning"", ""Carbon monoxide alarm"", ""Free street parking"", ""Oven"", ""Stove"", ""Iron"", ""Heating"", ""Wifi"", ""Essentials""]","59.0","1","28","1.0","1.0","28.0","28.0","1.0","28.0","True","19","49","79","354","1","1","1","5.0","5.0","5.0","5.0","5.0","5.0","True","5","0","5","0","1.0","4"
"Comfortable room on Brighton Beach","<b>The space</b><br />This is a tree bedroom condo which u will be sharing with me and my daughter. recently renovated.<br /><br /><b>Guest access</b><br />kitchen, dining room, bathroom<br /><br /><b>Other things to note</b><br />dinning room, kitchen, bathroom","","Natalya","New York, New York, United States","","","","True","3.0","3.0","True","True","Brooklyn","Private room","2","1.0","1.0","1.0","[""Cooking basics"", ""Ethernet connection"", ""Lock on bedroom door"", ""Trash compactor"", ""Hot water kettle"", ""Smoke alarm"", ""Shower gel"", ""Dishes and silverware"", ""Cleaning products"", ""Extra pillows and blankets"", ""Luggage dropoff allowed"", ""Dedicated workspace"", ""Conditioner"", ""Babysitter recommendations"", ""Body soap"", ""Hot water"", ""Laundromat nearby"", ""Gas stove"", ""Refrigerator"", ""Toaster"", ""Freezer"", ""Hangers"", ""First aid kit"", ""Hair dryer"", ""Kitchen"", ""Bed linens"", ""Microwave"", ""Dining table"", ""Air conditioning"", ""Long term stays allowed"", ""Carbon monoxide alarm"", ""Free street parking"", ""Oven"", ""Paid parking off premises"", ""Shampoo"", ""Central heating"", ""Wifi"", ""Essentials""]","62.0","1","30","1.0","1.0","1125.0","1125.0","1.0","1125.0","True","19","29","59","149","2","2","2","5.0","5.0","5.0","5.0","4.0","5.0","True","3","0","3","0","2.0","6"
"A private access room available in Brooklyn.","Shared kitchen and bathroom. Has free wifi and tv with appletv in living room. Centraly located in Bedstuy. Easy access to subways. Great restaurants all around. 15 min train ride to Manhattan","","Justin","Brooklyn, New York, United States","I am an entrepreneur living in NYC. I travel often for work and love my apartment in Brooklyn. Just started hosting and am looking forward to this venture. I look forward to having you stay in this private entry bedroom. ","1.0","1.0","True","0.0","0.0","True","True","Brooklyn","Private room","2","1.0","1.0","1.0","[""TV"", ""Lock on bedroom door"", ""Free parking on premises"", ""Wine glasses"", ""Microwave"", ""Central heating"", ""Hangers"", ""Ceiling fan"", ""Long term stays allowed"", ""Wifi"", ""Dishes and silverware"", ""Private entrance"", ""Air conditioning"", ""Essentials"", ""Bathtub"", ""Kitchen"", ""Cooking basics"", ""Hair dryer"", ""Smoke alarm"", ""Dedicated workspace: monitor"", ""Iron"", ""Oven"", ""Refrigerator"", ""Bed linens""]","65.0","1","1125","1.0","1.0","1125.0","1125.0","1.0","1125.0","True","7","37","67","342","4","4","4","4.5","4.25","5.0","5.0","4.5","5.0","False","1","0","1","0","4.0","4"
"Top of the world! Private room with balcony!","","","Eric","Brooklyn, New York, United States","","0.99","0.98","True","24.0","24.0","True","True","Brooklyn","Private room","2","2.0","1.0","1.0","[""TV"", ""Lock on bedroom door"", ""Hot water kettle"", ""Toaster"", ""First aid kit"", ""Hangers"", ""Long term stays allowed"", ""Carbon monoxide alarm"", ""Cleaning products"", ""Wifi"", ""Heating"", ""Body soap"", ""Shampoo"", ""Dishes and silverware"", ""Air conditioning"", ""Free street parking"", ""Essentials"", ""Hot water"", ""Bathtub"", ""Kitchen"", ""Fire extinguisher"", ""Clothing storage"", ""Cooking basics"", ""Dedicated workspace"", ""Hair dryer"", ""Stove"", ""Smoke alarm"", ""Keypad"", ""Dishwasher"", ""Dining table"", ""Iron"", ""Freezer"", ""Oven"", ""Refrigerator"", ""Bed linens"", ""Patio or balcony""]","85.0","3","1125","3.0","3.0","1125.0","1125.0","3.0","1125.0","True","18","48","78","353","1","1","1","5.0","5.0","5.0","5.0","5.0","5.0","True","24","0","24","0","1.0","8"
"Lovely 1-bedroom in Brooklyn for Travelers!","Take it easy at this unique getaway. Brand new, renovated and spacious apartment.<br />We are just 0.5 mile from the subway station. It's the perfect destination for vacationers who wants to enjoy themselves, short trip to Manhattan, Central Park & Times Square. We have friendly service, spacious and comfortable accommodations.<br /><br /><b>The space</b><br />We are located:<br /><br />✔️10 minutes from Barclays Center Arena<br />✔️15 minutes to Brooklyn Bridge Park & Dumbo Village<br />✔️30 minutes to Battery Park using public transportation (where is located  the state of liberty!)<br /><br />What we have nearby:<br /><br />☑️ Burly Coffee<br />☑️ Ideal Food Basket & Bravo Supermarket (same street)<br />☑️ The Coyote Club<br />☑️ Brooklyn Beso, Bagels Mc Donald’s & a lot of restaurants nearby!<br /><br /><b>Guest access</b><br />kitchen is not available for cooking but you can use the fridge!<br /><br /><b>Other things to note</b><br />🚭Do not smoke inside the apartment if you do a ","","Tayron","New York, New York, United States","We are happy to share our place with you all!","","1.0","True","1.0","1.0","True","True","Brooklyn","Private room","2","1.0","1.0","1.0","[""Carbon monoxide alarm"", ""TV"", ""Security cameras on property"", ""Lock on bedroom door"", ""Wifi"", ""Smoke alarm""]","60.0","1","10","1.0","1.0","10.0","10.0","1.0","10.0","True","23","53","83","173","1","1","1","5.0","5.0","5.0","5.0","5.0","5.0","True","6","0","6","0","1.0","2"
"Private Entire Suite- 5 mins from LGA Airport","This is a cozy renovated  semi-basement Suite 5 minutes to LGA  Airport and 20 Minutes to JFK Airport. Manhattan - 20 minutes ride. Deli, Diner, McDonalds, Burger King, Chinese Restaurants, Dunkin Donuts on walking distance. Public buses 1 block away which connect you to major Subway Stations. Couple Blocks from Grand Central Parkway which connects you to major Highways. The location is just perfect and the place is incredibly comfortable. LUGGAGE STORAGE for early arrival or late departure.<br /><br /><b>The space</b><br />About The Space:<br /><br />This is a cozy newly renovated furnished semi-basement apartment within walking distance to La Guardia Airport. It has everything you can look for in a place to stay.  It is located in a very family friendly area with Followings:  <br /><br />•	Public transportation across street, restaurant within walking distance, grocery stores, supermarket, Walgreen, Deli (Corner Deli serves hot foods from 6AM to Midnight), Diner, McDonalds, Burger Ki","It is located in a very family friendly & Welcoming area with Followings:  <br /><br />•	 Restaurant within walking distance, grocery stores, supermarket, Walgreen, Deli (Corner Deli serves hot foods from 6AM to Midnight), Diner, McDonalds, Burger King, Chinese Restaurants, Dunkin Donuts, Pharmacy, and other shopping nearby. <br />•	Perfectly located - La Guardia Airport - 4-5 minutes ride, JFK airport - 20 minutes ride<br />•	Manhattan - 20 minutes ride. <br />•	City Field and Flushing Meadow Corona Park - 7-minutes ride, <br />•	The Queens Center Mall - 8 minutes ride. <br />•	Public Transportation across street where you can take the bus to Junction Blvd and transfer to the # 7 train into the city. If you are driving two blocks away is the Grand Central Parkway which connects you to major Highways. The location is just perfect and the place is incredibly comfortable, modern and cozy.","Mohammad","New York, New York, United States","My name is Mohammad and my wife’s name is Minu. I am a technology entrepreneur working on my Startups. My wife Minu working on her Tea Startup. We both are originally from South East Asia. We came to USA about 25+ years back when we were very young :). We traveled  many places and stayed as an AirBnB Guest many times . Through Airbnb journey, we were able to meet interesting people throughout different places and cultures. 

","","1.0","True","0.0","0.0","True","True","Queens","Entire home/apt","3","1.0","1.0","","[""Dove or Similar type of Brands conditioner"", ""Cooking basics"", ""Portable fans"", ""Fire extinguisher"", ""Trash compactor"", ""Hot water kettle"", ""Smoke alarm"", ""Shower gel"", ""Dishes and silverware"", ""Cleaning products"", ""Extra pillows and blankets"", ""Dedicated workspace"", ""Hot water"", ""Stainless steel oven"", ""Coffee maker"", ""Laundromat nearby"", ""TV"", ""Refrigerator"", ""Bikes"", ""Toaster"", ""Clothing storage: dresser and closet"", ""Freezer"", ""Hangers"", ""Host greets you"", ""First aid kit"", ""Hair dryer"", ""Kitchen"", ""Bed linens"", ""Microwave"", ""Dining table"", ""Air conditioning"", ""Radiant heating"", ""Carbon monoxide alarm"", ""Free street parking"", ""Bathtub"", ""Board games"", ""Dove or Similar Type of Brands body soap"", ""Stove"", ""Shampoo"", ""Wine glasses"", ""Baking sheet"", ""Private entrance"", ""Iron"", ""Luggage dropoff allowed"", ""Wifi"", ""Essentials""]","82.0","2","14","2.0","2.0","1125.0","1125.0","2.0","1125.0","True","5","33","57","147","1","1","1","5.0","5.0","5.0","5.0","5.0","5.0","False","1","1","0","0","1.0","2"
"*AWESOME* Private Studio Close to Brooklyn Bridge","Take it easy at this unique getaway. Brand new, renovated and spacious apartment.<br />We are just 0.5 mile from the subway station. It's the perfect destination for vacationers who wants to enjoy themselves, short trip to Manhattan, Central Park & Times Square. We have friendly service, spacious and comfortable accommodations.<br /><br /><b>The space</b><br />The Private Room is located in the basement. There’re 2 queen bed and 1 bunk bed, private *HALF* bathroom, private washer and dryer available. The kitchen and *FULL* bathrooms are upstairs. <br /><br />We are located:<br /><br />✔️10 minutes from Barclays Center Arena<br />✔️15 minutes to Brooklyn Bridge Park & Dumbo Village<br />✔️30 minutes to Battery Park using public transportation (where is located  the state of liberty!)<br /><br />What we have nearby:<br /><br />☑️ Burly Coffee<br />☑️ Ideal Food Basket & Bravo Supermarket (same street)<br />☑️ The Coyote Club<br />☑️ Brooklyn Beso, Bagels Mc Donald’s & a lot of restaurant","","Tayron","New York, New York, United States","We are happy to share our place with you all!","","1.0","True","1.0","1.0","True","True","Brooklyn","Private room","9","2.5","1.0","4.0","[""Carbon monoxide alarm"", ""TV"", ""Security cameras on property"", ""Lock on bedroom door"", ""Wifi"", ""Smoke alarm""]","111.0","1","10","1.0","1.0","10.0","10.0","1.0","10.0","True","26","56","86","176","1","1","1","5.0","5.0","5.0","5.0","5.0","5.0","True","6","0","6","0","1.0","2"
"*NEW* Private Room for travelers in NYC!","Take it easy at this unique getaway. Brand new, renovated and spacious apartment.<br />We are just 0.5 mile from the subway station. It's the perfect destination for vacationers who wants to enjoy themselves, short trip to Manhattan, Central Park & Times Square. We have friendly service, spacious and comfortable accommodations.<br /><br /><b>The space</b><br />We are located:<br /><br />✔️10 minutes from Barclays Center Arena<br />✔️15 minutes to Brooklyn Bridge Park & Dumbo Village<br />✔️30 minutes to Battery Park using public transportation (where is located  the state of liberty!)<br /><br />What we have nearby:<br /><br />☑️ Burly Coffee<br />☑️ Ideal Food Basket & Bravo Supermarket (same street)<br />☑️ The Coyote Club<br />☑️ Brooklyn Beso, Bagels Mc Donald’s & a lot of restaurants nearby!<br /><br /><b>Guest access</b><br />kitchen is not available for cooking but you can use the fridge!<br /><br /><b>Other things to note</b><br />🚭Do not smoke inside the apartment if you do a ","","Tayron","New York, New York, United States","We are happy to share our place with you all!","","1.0","True","1.0","1.0","True","True","Brooklyn","Private room","2","2.5","1.0","1.0","[""Iron"", ""TV"", ""Carbon monoxide alarm"", ""Security cameras on property"", ""Lock on bedroom door"", ""Hair dryer"", ""Wifi"", ""Heating"", ""Smoke alarm"", ""Air conditioning"", ""Essentials""]","58.0","1","10","1.0","1.0","10.0","10.0","1.0","10.0","True","18","48","78","168","3","3","3","5.0","5.0","5.0","5.0","5.0","5.0","True","6","0","6","0","3.0","2"
"Beautiful 1-Bedroom in a Prime Location in NYC","Take it easy at this unique getaway. Brand new, renovated and spacious apartment.<br />We are just 0.5 mile from the subway station. It's the perfect destination for vacationers who wants to enjoy themselves, short trip to Manhattan, Central Park & Times Square. We have friendly service, spacious and comfortable accommodations.<br /><br /><b>The space</b><br />We are located:<br /><br />✔️10 minutes from Barclays Center Arena<br />✔️15 minutes to Brooklyn Bridge Park & Dumbo Village<br />✔️30 minutes to Battery Park using public transportation (where is located  the state of liberty!)<br /><br />What we have nearby:<br /><br />☑️ Burly Coffee<br />☑️ Ideal Food Basket & Bravo Supermarket (same street)<br />☑️ The Coyote Club<br />☑️ Brooklyn Beso, Bagels Mc Donald’s & a lot of restaurants nearby!<br /><br /><b>Guest access</b><br />kitchen is not available for cooking but you can use the fridge!<br /><br /><b>Other things to note</b><br />🚭Do not smoke inside the apartment if you do a ","","Tayron","New York, New York, United States","We are happy to share our place with you all!","","1.0","True","1.0","1.0","True","True","Brooklyn","Private room","2","2.5","1.0","1.0","[""Iron"", ""Carbon monoxide alarm"", ""Security cameras on property"", ""Hair dryer"", ""Wifi"", ""Heating"", ""Smoke alarm"", ""Air conditioning"", ""Essentials""]","60.0","1","10","1.0","1.0","10.0","10.0","1.0","10.0","True","25","55","85","175","1","1","1","5.0","5.0","5.0","5.0","5.0","5.0","True","6","0","6","0","1.0","2"
"*NEW* & LOVELY 1-bedroom in Brooklyn NYC","Take it easy at this unique getaway. Brand new, renovated and spacious apartment.<br />We are just 0.5 mile from the subway station. It's the perfect destination for vacationers who wants to enjoy themselves, short trip to Manhattan, Central Park & Times Square. We have friendly service, spacious and comfortable accommodations.<br /><br /><b>The space</b><br />We are located:<br /><br />✔️10 minutes from Barclays Center Arena<br />✔️15 minutes to Brooklyn Bridge Park & Dumbo Village<br />✔️30 minutes to Battery Park using public transportation (where is located  the state of liberty!)<br /><br />What we have nearby:<br /><br />☑️ Burly Coffee<br />☑️ Ideal Food Basket & Bravo Supermarket (same street)<br />☑️ The Coyote Club<br />☑️ Brooklyn Beso, Bagels Mc Donald’s & a lot of restaurants nearby!<br /><br /><b>Guest access</b><br />kitchen is not available for cooking but you can use the fridge!<br /><br /><b>Other things to note</b><br />🚭Do not smoke inside the apartment if you do a ","","Tayron","New York, New York, United States","We are happy to share our place with you all!","","1.0","True","1.0","1.0","True","True","Brooklyn","Private room","2","2.5","1.0","1.0","[""Iron"", ""TV"", ""Carbon monoxide alarm"", ""Security cameras on property"", ""Lock on bedroom door"", ""Hair dryer"", ""Wifi"", ""Heating"", ""Smoke alarm"", ""Air conditioning"", ""Essentials""]","66.0","1","10","1.0","1.0","10.0","10.0","1.0","10.0","True","23","53","83","173","1","1","1","5.0","5.0","5.0","5.0","5.0","5.0","True","6","0","6","0","1.0","2"
"Beautiful Private Room In a shared apartment","Enjoy a stylish experience at this centrally-located place. Only a 9 minute walk from Dyckman !! This location is just a few steps from local grocery stores, clothing stores, hair salons, restaurants and lounges and many more !! <br /><br />Come and enjoy your own space at our newly renovated apartment !<br /><br /><b>The space</b><br />Spacious Bedroom with a very Homey feeling. Full sized bed (Gel Memory Foam Mattress) with multiple blankets available for extra guest. 55 Inch TV with Netflix, Hulu, Starz, & Disney + and YouTube!<br /><br /><b>Guest access</b><br />1 and A train available just a block or two away ! As well as the Bx12, BxM1 and local cab services.","","Hinelsey","New York, New York, United States","","1.0","0.75","True","0.0","0.0","True","True","Manhattan","Private room","2","1.0","1.0","1.0","[""TV"", ""Lock on bedroom door"", ""Wifi"", ""Host greets you"", ""Air conditioning""]","71.0","1","5","1.0","1.0","1125.0","1125.0","1.0","1125.0","True","9","39","69","159","1","1","1","5.0","5.0","5.0","5.0","5.0","5.0","True","1","0","1","0","1.0","6"
"Astoria Luxury suite 2A","THIS LOVELY HOME IS THE SPACIOUS SUITE WITH PRIVATE BATHROOM. CONVENIENT TO ALL, 15 MINS TO CENTRAL PARK & METROPOLITAN MESEUM & FIFTH AVE, 4 STOPS TO MANHATTAN BY N&W SUBWAY, WALK ONE BLOCK TO SUBWAY STATION & ATHEN SQUARE PARK. EASY ACCESS TO ALL-SUPERMARKET, 711 STORE, RESTAURANTS, PARK, BANK & SHOPPING. 10 MINS TO LGA AIRPORT, 25 MINS TO JFK AIRPORT.","","Vicky","Queens, New York, United States","","1.0","1.0","True","8.0","8.0","True","True","Queens","Private room","2","1.0","1.0","1.0","[""Lock on bedroom door"", ""Hot water kettle"", ""Toaster"", ""Microwave"", ""First aid kit"", ""Hangers"", ""Long term stays allowed"", ""Carbon monoxide alarm"", ""Cleaning products"", ""Wifi"", ""Heating"", ""Body soap"", ""Shampoo"", ""Dishes and silverware"", ""Air conditioning"", ""Essentials"", ""Conditioner"", ""Kitchen"", ""Fire extinguisher"", ""Clothing storage"", ""Cooking basics"", ""Dedicated workspace"", ""Hair dryer"", ""Stove"", ""Smoke alarm"", ""Keypad"", ""Dining table"", ""Iron"", ""Oven"", ""Refrigerator"", ""Shower gel""]","89.0","1","365","1.0","1.0","1125.0","1125.0","1.0","1125.0","True","17","47","77","352","1","1","1","5.0","5.0","5.0","5.0","3.0","1.0","True","8","0","8","0","1.0","2"
"Newly renovated suite in the heart of Williamsburg","Just fully renovated from head to toe. On the walk-in level, so no stairs!<br /><br />Brand new bathroom. Full kitchen. Two queen sized bedrooms. Plenty of closet space. Brand new LG washing-drying machines.<br /><br />In the heart of Williamsburg: New York City's trendiest, coolest, youngest, most cultural neighborhood. On the block is L'Industrie Pizza, ranked one of the best pizzerias in the country. Down the street is world famous Domino Park. You are surrounded by world class restaurants and boutiques.","","Samuel","New York, New York, United States","Hello, my name is Sam. I am a real estate professional. I’ve been using Airbnb since 2015! I’m happy to answer any questions you may have.","0.91","0.89","True","0.0","0.0","True","True","Brooklyn","Entire home/apt","6","1.0","2.0","2.0","[""Kitchen"", ""Carbon monoxide alarm"", ""TV"", ""Washer"", ""Security cameras on property"", ""Wifi"", ""Smoke alarm"", ""Air conditioning""]","1000.0","1","1","1.0","1.0","1125.0","1125.0","1.0","1125.0","True","26","56","86","361","2","2","2","5.0","5.0","5.0","5.0","5.0","5.0","False","1","1","0","0","2.0","5"
"Perfect Room to Stay in Brooklyn! Near Metro!","Amazing and comfortable space in Brooklyn, same street as subway. We are just around the corner from deli's, coffee shops and markets. The house is in a new building with amazing furniture. The room has a smart tv and wifi.<br />The whole group will enjoy easy access to everything from this centrally located place.","","Carlos","US","","0.99","0.99","True","6.0","6.0","True","True","Brooklyn","Private room","2","2.0","1.0","1.0","[""Hangers"", ""Keypad"", ""Kitchen"", ""Carbon monoxide alarm"", ""TV"", ""Fire extinguisher"", ""Lock on bedroom door"", ""Wifi"", ""Free street parking"", ""Microwave"", ""Dishes and silverware"", ""Smoke alarm"", ""Air conditioning"", ""Essentials"", ""Hot water""]","64.0","1","10","1.0","1.0","1125.0","1125.0","1.0","1125.0","True","29","59","89","364","1","1","1","1.0","1.0","1.0","5.0","5.0","2.0","True","7","0","7","0","1.0","2"
"New Beautiful Modern One Bedroom in Brooklyn","This stylish place to stay is perfect for a group, couple and single travelers.","","Lexia","New York, New York, United States","I am a graphic designer, swell chaser and durian lover. I've been living in New York City for more than 19 year. I love the city in the summer. One of my favorite things to do is going to the beach in Rockaway, Surfing, Sunbathing, Biking. Brooklyn is great in the summer. There are all kinds of free outdoor concerts and movies. I am very excited to be a host. I love travel. The best thing about traveling is experiencing the local culture. I am looking forward to sharing my experience with my guests. ","0.9","1.0","True","3.0","3.0","True","True","Brooklyn","Entire home/apt","3","1.0","1.0","2.0","[""Luggage dropoff allowed"", ""Security cameras on property"", ""Hot water kettle"", ""Nespresso machine"", ""Microwave"", ""First aid kit"", ""Hangers"", ""Long term stays allowed"", ""Carbon monoxide alarm"", ""Mini fridge"", ""Cleaning products"", ""Wifi"", ""Laundromat nearby"", ""Paid parking on premises"", ""Heating"", ""Shampoo"", ""Dishes and silverware"", ""Private entrance"", ""Air conditioning"", ""Free street parking"", ""Essentials"", ""Hot water"", ""Private garden or backyard"", ""Conditioner"", ""Kitchen"", ""Clothing storage"", ""Cooking basics"", ""Dedicated workspace"", ""Hair dryer"", ""Room-darkening shades"", ""Stove"", ""Smoke alarm"", ""Keypad"", ""Dining table"", ""Iron"", ""Freezer"", ""Bed linens"", ""Trash compactor"", ""Shower gel"", ""Coffee maker""]","84.0","7","365","3.0","10.0","365.0","365.0","7.1","365.0","True","11","41","68","68","1","1","1","5.0","5.0","5.0","5.0","5.0","5.0","False","3","3","0","0","1.0","7"
"Large, modern, private 1 bedroom in beach condo","Private bedroom on its own floor with very large private deck just steps from the beach.The room is very large and can accommodate 2 guests if needed. Room has large flat screen tv, PlayStation, wifi, LED lights.Very large private deck to view beautiful sunrise and sunset. Just steps from the beach, restaurants and the A train.House has relaxed living room, dining room surrounded in windows, huge kitchen with every thing anyone could possibly need.Join us for dinner! Also has a treadmill.<br /><br /><b>The space</b><br />Just steps from the beach and boardwalk. This area is a popular surfing destination. Many new restaurants and shops.<br /><br /><b>Guest access</b><br />Free washer and dryer. Large kitchen with many amenities. Separate dining room. Treadmill with access to tv. Wifi and fire stick with subscriptions to Netflix, HBO, Cinemax, sling and more!","Beach, surf shop, stop and shop, Dunkin’ Donuts, pizza shop, super burrito and many other great restaurants. Not a far walk to bus stop and only about 1 block from A train to take you into Brooklyn or Manhattan","Justine","US","","","","True","0.0","0.0","True","True","Queens","Private room","1","1.0","1.0","1.0","[""Air conditioning"", ""Hair dryer"", ""Fire extinguisher"", ""Dedicated workspace"", ""Carbon monoxide alarm"", ""Wifi"", ""Iron"", ""First aid kit"", ""Free parking on premises"", ""TV"", ""Washer"", ""Smoke alarm"", ""Kitchen"", ""Long term stays allowed""]","70.0","1","365","1.0","1.0","365.0","365.0","1.0","365.0","True","20","50","80","355","1","1","1","5.0","5.0","5.0","5.0","5.0","5.0","True","1","0","1","0","1.0","1"
